﻿{"peaks.segment.0":{"startTime":7.946666,"endTime":9.956282},"peaks.segment.1":{"startTime":24.580861,"endTime":26.821587},"peaks.segment.2":{"startTime":90.73197278911564,"endTime":91.652915},"peaks.segment.3":{"startTime":150.6478,"endTime":153.427741},"peaks.segment.4":{"startTime":278.1663492063492,"endTime":282.779992},"peaks.segment.5":{"startTime":522.447528,"endTime":524.436407,"user":"ikram"},"peaks.segment.6":{"startTime":526.343763,"endTime":527.66894}}
{"peaks.point.0":{"time":9.956282,"labelText":"afraid","segment_id":"peaks.segment.0","user":"aida"},"peaks.point.1":{"time":9.956282,"labelText":"easy","segment_id":"peaks.segment.0","user":"aida"},"peaks.point.2":{"time":9.956282,"labelText":"-1","segment_id":"peaks.segment.0","user":"aida"},"peaks.point.3":{"time":9.811714,"labelText":"HeadShake","segment_id":"peaks.segment.0","user":"aida"},"peaks.point.4":{"time":26.821587,"labelText":"loving","segment_id":"peaks.segment.1","user":"aida"},"peaks.point.5":{"time":26.821587,"labelText":"easy","segment_id":"peaks.segment.1","user":"aida"},"peaks.point.6":{"time":26.821587,"labelText":"2","segment_id":"peaks.segment.1","user":"aida"},"peaks.point.7":{"time":26.821587,"labelText":"Smile","segment_id":"peaks.segment.1","user":"aida"},"peaks.point.8":{"time":91.652915,"labelText":"excited","segment_id":"peaks.segment.2","user":"aida"},"peaks.point.9":{"time":91.652915,"labelText":"easy","segment_id":"peaks.segment.2","user":"aida"},"peaks.point.10":{"time":91.652915,"labelText":"2","segment_id":"peaks.segment.2","user":"aida"},"peaks.point.11":{"time":91.652915,"labelText":"Smile","segment_id":"peaks.segment.2","user":"aida"},"peaks.point.12":{"time":153.427741,"labelText":"happy","segment_id":"peaks.segment.3","user":"aida"},"peaks.point.13":{"time":153.427741,"labelText":"easy","segment_id":"peaks.segment.3","user":"aida"},"peaks.point.14":{"time":153.427741,"labelText":"2","segment_id":"peaks.segment.3","user":"aida"},"peaks.point.15":{"time":153.427741,"labelText":"Smile","segment_id":"peaks.segment.3","user":"aida"},"peaks.point.16":{"time":282.779992,"labelText":"loving","segment_id":"peaks.segment.4","user":"aida"},"peaks.point.17":{"time":282.779992,"labelText":"easy","segment_id":"peaks.segment.4","user":"aida"},"peaks.point.18":{"time":282.779992,"labelText":"2","segment_id":"peaks.segment.4","user":"aida"},"peaks.point.19":{"time":282.779992,"labelText":"HeadShake","segment_id":"peaks.segment.4","user":"aida"},"peaks.point.20":{"time":525.790167,"labelText":"loving","segment_id":"peaks.segment.5","user":"aida"},"peaks.point.21":{"time":525.790167,"labelText":"easy","segment_id":"peaks.segment.5","user":"aida"},"peaks.point.22":{"time":525.790167,"labelText":"1","segment_id":"peaks.segment.5","user":"aida"},"peaks.point.23":{"time":525.790167,"labelText":"HeadShake","segment_id":"peaks.segment.5","user":"aida"},"peaks.point.24":{"time":527.66894,"labelText":"bored","segment_id":"peaks.segment.6","user":"aida"},"peaks.point.25":{"time":527.66894,"labelText":"easy","segment_id":"peaks.segment.6","user":"aida"},"peaks.point.26":{"time":527.66894,"labelText":"1","segment_id":"peaks.segment.6","user":"aida"},"peaks.point.27":{"time":527.66894,"labelText":"Frown","segment_id":"peaks.segment.6","user":"aida"},"peaks.point.28":{"time":9.964756,"labelText":"-1","segment_id":"peaks.segment.0","user":"ikram"},"peaks.point.29":{"time":9.964756,"labelText":"hard","segment_id":"peaks.segment.0","user":"ikram"},"peaks.point.30":{"time":9.964756,"labelText":"afraid","segment_id":"peaks.segment.0","user":"ikram"},"peaks.point.31":{"time":26.838166,"labelText":"1","segment_id":"peaks.segment.1","user":"ikram"},"peaks.point.32":{"time":26.838166,"labelText":"easy","segment_id":"peaks.segment.1","user":"ikram"},"peaks.point.33":{"time":26.838166,"labelText":"loving","segment_id":"peaks.segment.1","user":"ikram"},"peaks.point.34":{"time":26.838166,"labelText":"HeadShake","segment_id":"peaks.segment.1","user":"ikram"},"peaks.point.35":{"time":91.667487,"labelText":"1","segment_id":"peaks.segment.2","user":"ikram"},"peaks.point.36":{"time":91.667487,"labelText":"easy","segment_id":"peaks.segment.2","user":"ikram"},"peaks.point.37":{"time":91.667487,"labelText":"excited","segment_id":"peaks.segment.2","user":"ikram"},"peaks.point.38":{"time":91.655172,"labelText":"HeadNod","segment_id":"peaks.segment.2","user":"ikram"},"peaks.point.39":{"time":153.329461,"labelText":"1","segment_id":"peaks.segment.3","user":"ikram"},"peaks.point.40":{"time":153.437722,"labelText":"easy","segment_id":"peaks.segment.3","user":"ikram"},"peaks.point.41":{"time":153.437722,"labelText":"happy","segment_id":"peaks.segment.3","user":"ikram"},"peaks.point.42":{"time":153.437722,"labelText":"Smile","segment_id":"peaks.segment.3","user":"ikram"},"peaks.point.43":{"time":281.040934,"labelText":"1","segment_id":"peaks.segment.4","user":"ikram"},"peaks.point.44":{"time":282.234648,"labelText":"easy","segment_id":"peaks.segment.4","user":"ikram"},"peaks.point.45":{"time":282.793866,"labelText":"loving","segment_id":"peaks.segment.4","user":"ikram"},"peaks.point.46":{"time":282.793866,"labelText":"HeadNod","segment_id":"peaks.segment.4","user":"ikram"},"peaks.point.47":{"time":527.680838,"labelText":"-1","segment_id":"peaks.segment.6","user":"ikram"},"peaks.point.48":{"time":527.680838,"labelText":"hard","segment_id":"peaks.segment.6","user":"ikram"},"peaks.point.49":{"time":527.680838,"labelText":"hating","segment_id":"peaks.segment.6","user":"ikram"},"peaks.point.50":{"time":527.680838,"labelText":"Frown","segment_id":"peaks.segment.6","user":"ikram"},"peaks.point.51":{"time":524.253779,"labelText":"1","segment_id":"peaks.segment.5","user":"ikram"},"peaks.point.52":{"time":524.442939,"labelText":"easy","segment_id":"peaks.segment.5","user":"ikram"},"peaks.point.53":{"time":524.442939,"labelText":"loving","segment_id":"peaks.segment.5","user":"ikram"},"peaks.point.54":{"time":524.444764,"labelText":"HeadShake","segment_id":"peaks.segment.5","user":"ikram"}}
