{"peaks.segment.0":{"startTime":43.509841,"endTime":44.408077},"peaks.segment.1":{"startTime":67.0940589569161,"endTime":68.903764},"peaks.segment.2":{"startTime":75.016417,"endTime":76.106787},"peaks.segment.3":{"startTime":379.537414,"endTime":382.086864},"peaks.segment.4":{"startTime":384.204625,"endTime":387.813007},"peaks.segment.5":{"startTime":412.083083,"endTime":414.14530612244897},"peaks.segment.6":{"startTime":472.379501,"endTime":474.155827}}
{"peaks.point.0":{"time":44.412338,"labelText":"1","segment_id":"peaks.segment.0","user":"ikram"},"peaks.point.1":{"time":44.412338,"labelText":"easy","segment_id":"peaks.segment.0","user":"ikram"},"peaks.point.2":{"time":44.412338,"labelText":"glad","segment_id":"peaks.segment.0","user":"ikram"},"peaks.point.3":{"time":44.416732,"labelText":"HeadNod","segment_id":"peaks.segment.0","user":"ikram"},"peaks.point.4":{"time":68.919089,"labelText":"-1","segment_id":"peaks.segment.1","user":"ikram"},"peaks.point.5":{"time":68.919089,"labelText":"easy","segment_id":"peaks.segment.1","user":"ikram"},"peaks.point.6":{"time":68.919089,"labelText":"sad","segment_id":"peaks.segment.1","user":"ikram"},"peaks.point.7":{"time":68.916382,"labelText":"Frown","segment_id":"peaks.segment.1","user":"ikram"},"peaks.point.8":{"time":76.120614,"labelText":"-1","segment_id":"peaks.segment.2","user":"ikram"},"peaks.point.9":{"time":76.120614,"labelText":"hard","segment_id":"peaks.segment.2","user":"ikram"},"peaks.point.10":{"time":76.120614,"labelText":"sad","segment_id":"peaks.segment.2","user":"ikram"},"peaks.point.11":{"time":76.120614,"labelText":"HeadShake","segment_id":"peaks.segment.2","user":"ikram"},"peaks.point.12":{"time":382.093891,"labelText":"-1","segment_id":"peaks.segment.3","user":"ikram"},"peaks.point.13":{"time":382.093891,"labelText":"easy","segment_id":"peaks.segment.3","user":"ikram"},"peaks.point.14":{"time":382.093891,"labelText":"sad","segment_id":"peaks.segment.3","user":"ikram"},"peaks.point.15":{"time":382.093675,"labelText":"Frown","segment_id":"peaks.segment.3","user":"ikram"},"peaks.point.16":{"time":387.821155,"labelText":"-2","segment_id":"peaks.segment.4","user":"ikram"},"peaks.point.17":{"time":387.821155,"labelText":"easy","segment_id":"peaks.segment.4","user":"ikram"},"peaks.point.18":{"time":387.821155,"labelText":"sad","segment_id":"peaks.segment.4","user":"ikram"},"peaks.point.19":{"time":387.814972,"labelText":"HeadNod","segment_id":"peaks.segment.4","user":"ikram"},"peaks.point.20":{"time":414.1424036281179,"labelText":"1","segment_id":"peaks.segment.5","user":"ikram"},"peaks.point.21":{"time":414.1424036281179,"labelText":"easy","segment_id":"peaks.segment.5","user":"ikram"},"peaks.point.22":{"time":414.14820861678004,"labelText":"happy","segment_id":"peaks.segment.5","user":"ikram"},"peaks.point.23":{"time":414.158001,"labelText":"HeadNod","segment_id":"peaks.segment.5","user":"ikram"},"peaks.point.24":{"time":474.161086,"labelText":"-1","segment_id":"peaks.segment.6","user":"ikram"},"peaks.point.25":{"time":474.161086,"labelText":"easy","segment_id":"peaks.segment.6","user":"ikram"},"peaks.point.26":{"time":474.161086,"labelText":"sad","segment_id":"peaks.segment.6","user":"ikram"},"peaks.point.27":{"time":474.170659,"labelText":"Smile","segment_id":"peaks.segment.6","user":"ikram"},"peaks.point.29":{"time":44.40889,"labelText":"glad","segment_id":"peaks.segment.0","user":"aida"},"peaks.point.30":{"time":44.40889,"labelText":"easy","segment_id":"peaks.segment.0","user":"aida"},"peaks.point.31":{"time":44.40889,"labelText":"1","segment_id":"peaks.segment.0","user":"aida"},"peaks.point.32":{"time":44.40889,"labelText":"HeadNod","segment_id":"peaks.segment.0","user":"aida"},"peaks.point.33":{"time":68.820927,"labelText":"sad","segment_id":"peaks.segment.1","user":"aida"},"peaks.point.34":{"time":68.820927,"labelText":"easy","segment_id":"peaks.segment.1","user":"aida"},"peaks.point.35":{"time":68.820927,"labelText":"-1","segment_id":"peaks.segment.1","user":"aida"},"peaks.point.36":{"time":68.829839,"labelText":"HeadShake","segment_id":"peaks.segment.1","user":"aida"},"peaks.point.37":{"time":76.115747,"labelText":"HeadShake","segment_id":"peaks.segment.2","user":"aida"},"peaks.point.38":{"time":76.115747,"labelText":"sad","segment_id":"peaks.segment.2","user":"aida"},"peaks.point.39":{"time":76.115747,"labelText":"-1","segment_id":"peaks.segment.2","user":"aida"},"peaks.point.40":{"time":76.115747,"labelText":"easy","segment_id":"peaks.segment.2","user":"aida"},"peaks.point.41":{"time":382.055496,"labelText":"HeadShake","segment_id":"peaks.segment.3","user":"aida"},"peaks.point.42":{"time":382.055496,"labelText":"sad","segment_id":"peaks.segment.3","user":"aida"},"peaks.point.43":{"time":382.055496,"labelText":"easy","segment_id":"peaks.segment.3","user":"aida"},"peaks.point.44":{"time":382.055496,"labelText":"-2","segment_id":"peaks.segment.3","user":"aida"},"peaks.point.45":{"time":387.770121,"labelText":"HeadNod","segment_id":"peaks.segment.4","user":"aida"},"peaks.point.46":{"time":387.770121,"labelText":"easy","segment_id":"peaks.segment.4","user":"aida"},"peaks.point.48":{"time":387.770121,"labelText":"sad","segment_id":"peaks.segment.4","user":"aida"},"peaks.point.49":{"time":387.770121,"labelText":"-1","segment_id":"peaks.segment.4","user":"aida"},"peaks.point.50":{"time":414.03611,"labelText":"loving","segment_id":"peaks.segment.5","user":"aida"},"peaks.point.51":{"time":414.03611,"labelText":"easy","segment_id":"peaks.segment.5","user":"aida"},"peaks.point.52":{"time":414.03611,"labelText":"1","segment_id":"peaks.segment.5","user":"aida"},"peaks.point.53":{"time":414.03611,"labelText":"HeadNod","segment_id":"peaks.segment.5","user":"aida"},"peaks.point.54":{"time":474.099315,"labelText":"Smile","segment_id":"peaks.segment.6","user":"aida"},"peaks.point.55":{"time":474.099315,"labelText":"sad","segment_id":"peaks.segment.6","user":"aida"},"peaks.point.56":{"time":474.099315,"labelText":"easy","segment_id":"peaks.segment.6","user":"aida"},"peaks.point.57":{"time":474.099315,"labelText":"-1","segment_id":"peaks.segment.6","user":"aida"}}