{"peaks.segment.0":{"startTime":7.807346,"endTime":9.130884},"peaks.segment.1":{"startTime":9.137888,"endTime":10.414082},"peaks.segment.2":{"startTime":10.390419,"endTime":13.451039},"peaks.segment.3":{"startTime":13.487528,"endTime":16.28263},"peaks.segment.4":{"startTime":16.31746,"endTime":18.454033},"peaks.segment.5":{"startTime":25.483537,"endTime":28.244582},"peaks.segment.6":{"startTime":33.700498,"endTime":35.919676},"peaks.segment.8":{"startTime":94.970532,"endTime":97.549569},"peaks.segment.9":{"startTime":140.51229,"endTime":143.275464},"peaks.segment.11":{"startTime":355.148843,"endTime":357.324869}}
{"peaks.point.0":{"time":9.130884,"labelText":"loving","segment_id":"peaks.segment.0","user":"aida"},"peaks.point.1":{"time":9.130884,"labelText":"easy","segment_id":"peaks.segment.0","user":"aida"},"peaks.point.2":{"time":9.130884,"labelText":"1","segment_id":"peaks.segment.0","user":"aida"},"peaks.point.3":{"time":9.137888,"labelText":"Frown","segment_id":"peaks.segment.0","user":"aida"},"peaks.point.4":{"time":10.414082,"labelText":"loving","segment_id":"peaks.segment.1","user":"aida"},"peaks.point.5":{"time":10.414082,"labelText":"easy","segment_id":"peaks.segment.1","user":"aida"},"peaks.point.6":{"time":10.414082,"labelText":"1","segment_id":"peaks.segment.1","user":"aida"},"peaks.point.7":{"time":10.390419,"labelText":"Frown","segment_id":"peaks.segment.1","user":"aida"},"peaks.point.8":{"time":13.451039,"labelText":"loving","segment_id":"peaks.segment.2","user":"aida"},"peaks.point.9":{"time":13.451039,"labelText":"easy","segment_id":"peaks.segment.2","user":"aida"},"peaks.point.10":{"time":13.451039,"labelText":"2","segment_id":"peaks.segment.2","user":"aida"},"peaks.point.11":{"time":13.45852,"labelText":"HeadShake","segment_id":"peaks.segment.2","user":"aida"},"peaks.point.12":{"time":16.28263,"labelText":"loving","segment_id":"peaks.segment.3","user":"aida"},"peaks.point.13":{"time":16.28263,"labelText":"easy","segment_id":"peaks.segment.3","user":"aida"},"peaks.point.14":{"time":16.28263,"labelText":"2","segment_id":"peaks.segment.3","user":"aida"},"peaks.point.15":{"time":16.28263,"labelText":"HeadShake","segment_id":"peaks.segment.3","user":"aida"},"peaks.point.16":{"time":18.454033,"labelText":"loving","segment_id":"peaks.segment.4","user":"aida"},"peaks.point.17":{"time":18.454033,"labelText":"hard","segment_id":"peaks.segment.4","user":"aida"},"peaks.point.18":{"time":18.454033,"labelText":"1","segment_id":"peaks.segment.4","user":"aida"},"peaks.point.19":{"time":18.454033,"labelText":"HeadShake","segment_id":"peaks.segment.4","user":"aida"},"peaks.point.20":{"time":28.244582,"labelText":"loving","segment_id":"peaks.segment.5","user":"aida"},"peaks.point.21":{"time":28.244582,"labelText":"easy","segment_id":"peaks.segment.5","user":"aida"},"peaks.point.22":{"time":28.244582,"labelText":"2","segment_id":"peaks.segment.5","user":"aida"},"peaks.point.23":{"time":28.244582,"labelText":"HeadShake","segment_id":"peaks.segment.5","user":"aida"},"peaks.point.24":{"time":35.919676,"labelText":"loving","segment_id":"peaks.segment.6","user":"aida"},"peaks.point.25":{"time":35.919676,"labelText":"easy","segment_id":"peaks.segment.6","user":"aida"},"peaks.point.26":{"time":35.919676,"labelText":"2","segment_id":"peaks.segment.6","user":"aida"},"peaks.point.27":{"time":35.919676,"labelText":"HeadShake","segment_id":"peaks.segment.6","user":"aida"},"peaks.point.32":{"time":97.549569,"labelText":"funny","segment_id":"peaks.segment.8","user":"aida"},"peaks.point.33":{"time":97.549569,"labelText":"easy","segment_id":"peaks.segment.8","user":"aida"},"peaks.point.34":{"time":97.549569,"labelText":"3","segment_id":"peaks.segment.8","user":"aida"},"peaks.point.35":{"time":97.549569,"labelText":"Smile","segment_id":"peaks.segment.8","user":"aida"},"peaks.point.36":{"time":143.275464,"labelText":"loving","segment_id":"peaks.segment.9","user":"aida"},"peaks.point.37":{"time":143.275464,"labelText":"easy","segment_id":"peaks.segment.9","user":"aida"},"peaks.point.38":{"time":143.275464,"labelText":"2","segment_id":"peaks.segment.9","user":"aida"},"peaks.point.39":{"time":143.275464,"labelText":"Smile","segment_id":"peaks.segment.9","user":"aida"},"peaks.point.44":{"time":357.324869,"labelText":"loving","segment_id":"peaks.segment.11","user":"aida"},"peaks.point.45":{"time":357.324869,"labelText":"easy","segment_id":"peaks.segment.11","user":"aida"},"peaks.point.46":{"time":357.324869,"labelText":"2","segment_id":"peaks.segment.11","user":"aida"},"peaks.point.47":{"time":357.324869,"labelText":"HeadShake","segment_id":"peaks.segment.11","user":"aida"},"peaks.point.48":{"time":9.136648,"labelText":"1","segment_id":"peaks.segment.0","user":"ikram"},"peaks.point.49":{"time":9.136648,"labelText":"easy","segment_id":"peaks.segment.0","user":"ikram"},"peaks.point.50":{"time":9.136648,"labelText":"loving","segment_id":"peaks.segment.0","user":"ikram"},"peaks.point.51":{"time":9.140942,"labelText":"HeadShake","segment_id":"peaks.segment.0","user":"ikram"},"peaks.point.52":{"time":10.358269,"labelText":"1","segment_id":"peaks.segment.1","user":"ikram"},"peaks.point.53":{"time":10.358269,"labelText":"easy","segment_id":"peaks.segment.1","user":"ikram"},"peaks.point.54":{"time":10.358269,"labelText":"loving","segment_id":"peaks.segment.1","user":"ikram"},"peaks.point.55":{"time":13.452439,"labelText":"1","segment_id":"peaks.segment.2","user":"ikram"},"peaks.point.56":{"time":13.452439,"labelText":"easy","segment_id":"peaks.segment.2","user":"ikram"},"peaks.point.57":{"time":13.452439,"labelText":"loving","segment_id":"peaks.segment.2","user":"ikram"},"peaks.point.58":{"time":13.452439,"labelText":"HeadShake","segment_id":"peaks.segment.2","user":"ikram"},"peaks.point.59":{"time":16.287953,"labelText":"1","segment_id":"peaks.segment.3","user":"ikram"},"peaks.point.60":{"time":16.287953,"labelText":"easy","segment_id":"peaks.segment.3","user":"ikram"},"peaks.point.61":{"time":16.287953,"labelText":"loving","segment_id":"peaks.segment.3","user":"ikram"},"peaks.point.62":{"time":16.287953,"labelText":"HeadShake","segment_id":"peaks.segment.3","user":"ikram"},"peaks.point.63":{"time":18.46472,"labelText":"1","segment_id":"peaks.segment.4","user":"ikram"},"peaks.point.65":{"time":18.46472,"labelText":"hard","segment_id":"peaks.segment.4","user":"ikram"},"peaks.point.66":{"time":18.46472,"labelText":"loving","segment_id":"peaks.segment.4","user":"ikram"},"peaks.point.67":{"time":28.25793,"labelText":"2","segment_id":"peaks.segment.5","user":"ikram"},"peaks.point.68":{"time":28.25793,"labelText":"easy","segment_id":"peaks.segment.5","user":"ikram"},"peaks.point.69":{"time":28.25793,"labelText":"loving","segment_id":"peaks.segment.5","user":"ikram"},"peaks.point.70":{"time":35.736752,"labelText":"2","segment_id":"peaks.segment.6","user":"ikram"},"peaks.point.71":{"time":35.930894,"labelText":"easy","segment_id":"peaks.segment.6","user":"ikram"},"peaks.point.72":{"time":35.930894,"labelText":"loving","segment_id":"peaks.segment.6","user":"ikram"},"peaks.point.73":{"time":35.930894,"labelText":"HeadShake","segment_id":"peaks.segment.6","user":"ikram"},"peaks.point.74":{"time":97.540268,"labelText":"1","segment_id":"peaks.segment.8","user":"ikram"},"peaks.point.75":{"time":97.540268,"labelText":"hard","segment_id":"peaks.segment.8","user":"ikram"},"peaks.point.76":{"time":97.540268,"labelText":"funny","segment_id":"peaks.segment.8","user":"ikram"},"peaks.point.77":{"time":97.540268,"labelText":"Smile","segment_id":"peaks.segment.8","user":"ikram"},"peaks.point.78":{"time":143.283483,"labelText":"2","segment_id":"peaks.segment.9","user":"ikram"},"peaks.point.79":{"time":143.283483,"labelText":"hard","segment_id":"peaks.segment.9","user":"ikram"},"peaks.point.80":{"time":143.283483,"labelText":"loving","segment_id":"peaks.segment.9","user":"ikram"},"peaks.point.81":{"time":143.283483,"labelText":"Smile","segment_id":"peaks.segment.9","user":"ikram"},"peaks.point.82":{"time":357.341042,"labelText":"1","segment_id":"peaks.segment.11","user":"ikram"},"peaks.point.83":{"time":357.341042,"labelText":"easy","segment_id":"peaks.segment.11","user":"ikram"},"peaks.point.84":{"time":357.341042,"labelText":"loving","segment_id":"peaks.segment.11","user":"ikram"}}