{"peaks.segment.0":{"startTime":47.928888,"endTime":49.113108},"peaks.segment.1":{"startTime":117.50458,"endTime":121.414516},"peaks.segment.2":{"startTime":227.874829,"endTime":229.230149},"peaks.segment.3":{"startTime":282.491065,"endTime":284.203669},"peaks.segment.4":{"startTime":307.307392,"endTime":310.087135}}
{"peaks.point.0":{"time":49.114447,"labelText":"1","segment_id":"peaks.segment.0","user":"ikram"},"peaks.point.1":{"time":49.114447,"labelText":"easy","segment_id":"peaks.segment.0","user":"ikram"},"peaks.point.2":{"time":49.114447,"labelText":"happy","segment_id":"peaks.segment.0","user":"ikram"},"peaks.point.3":{"time":49.118501,"labelText":"HeadNod","segment_id":"peaks.segment.0","user":"ikram"},"peaks.point.4":{"time":121.420879,"labelText":"1","segment_id":"peaks.segment.1","user":"ikram"},"peaks.point.5":{"time":121.420879,"labelText":"easy","segment_id":"peaks.segment.1","user":"ikram"},"peaks.point.6":{"time":121.420879,"labelText":"loving","segment_id":"peaks.segment.1","user":"ikram"},"peaks.point.7":{"time":121.422216,"labelText":"HeadNod","segment_id":"peaks.segment.1","user":"ikram"},"peaks.point.8":{"time":229.233523,"labelText":"-1","segment_id":"peaks.segment.2","user":"ikram"},"peaks.point.9":{"time":229.233523,"labelText":"easy","segment_id":"peaks.segment.2","user":"ikram"},"peaks.point.10":{"time":229.233523,"labelText":"disgust","segment_id":"peaks.segment.2","user":"ikram"},"peaks.point.11":{"time":229.233523,"labelText":"Frown","segment_id":"peaks.segment.2","user":"ikram"},"peaks.point.12":{"time":283.930799,"labelText":"1","segment_id":"peaks.segment.3","user":"ikram"},"peaks.point.13":{"time":284.211341,"labelText":"easy","segment_id":"peaks.segment.3","user":"ikram"},"peaks.point.14":{"time":284.211341,"labelText":"loving","segment_id":"peaks.segment.3","user":"ikram"},"peaks.point.15":{"time":284.209786,"labelText":"HeadNod","segment_id":"peaks.segment.3","user":"ikram"},"peaks.point.16":{"time":310.090293,"labelText":"1","segment_id":"peaks.segment.4","user":"ikram"},"peaks.point.17":{"time":310.090293,"labelText":"easy","segment_id":"peaks.segment.4","user":"ikram"},"peaks.point.18":{"time":310.090293,"labelText":"loving","segment_id":"peaks.segment.4","user":"ikram"},"peaks.point.19":{"time":310.095261,"labelText":"Smile","segment_id":"peaks.segment.4","user":"ikram"},"peaks.point.20":{"time":48.998544,"labelText":"happy","segment_id":"peaks.segment.0","user":"aida"},"peaks.point.21":{"time":48.998544,"labelText":"easy","segment_id":"peaks.segment.0","user":"aida"},"peaks.point.22":{"time":49.11624,"labelText":"HeadShake","segment_id":"peaks.segment.0","user":"aida"},"peaks.point.23":{"time":49.11624,"labelText":"1","segment_id":"peaks.segment.0","user":"aida"},"peaks.point.24":{"time":121.339165,"labelText":"loving","segment_id":"peaks.segment.1","user":"aida"},"peaks.point.27":{"time":121.339165,"labelText":"hard","segment_id":"peaks.segment.1","user":"aida"},"peaks.point.28":{"time":121.339165,"labelText":"1","segment_id":"peaks.segment.1","user":"aida"},"peaks.point.29":{"time":120.732554,"labelText":"HeadShake","segment_id":"peaks.segment.1","user":"aida"},"peaks.point.30":{"time":229.242561,"labelText":"disgust","segment_id":"peaks.segment.2","user":"aida"},"peaks.point.31":{"time":229.242561,"labelText":"easy","segment_id":"peaks.segment.2","user":"aida"},"peaks.point.32":{"time":229.242561,"labelText":"-2","segment_id":"peaks.segment.2","user":"aida"},"peaks.point.33":{"time":229.242561,"labelText":"Frown","segment_id":"peaks.segment.2","user":"aida"},"peaks.point.34":{"time":284.202474,"labelText":"loving","segment_id":"peaks.segment.3","user":"aida"},"peaks.point.37":{"time":284.202474,"labelText":"1","segment_id":"peaks.segment.3","user":"aida"},"peaks.point.38":{"time":284.21556,"labelText":"HeadNod","segment_id":"peaks.segment.3","user":"aida"},"peaks.point.39":{"time":284.21556,"labelText":"easy","segment_id":"peaks.segment.3","user":"aida"},"peaks.point.40":{"time":310.076494,"labelText":"loving","segment_id":"peaks.segment.4","user":"aida"},"peaks.point.41":{"time":310.076494,"labelText":"easy","segment_id":"peaks.segment.4","user":"aida"},"peaks.point.42":{"time":310.076494,"labelText":"2","segment_id":"peaks.segment.4","user":"aida"},"peaks.point.43":{"time":310.077848,"labelText":"HeadShake","segment_id":"peaks.segment.4","user":"aida"}}