{"peaks.segment.0":{"startTime":149.942857,"endTime":151.471973},"peaks.segment.1":{"startTime":157.350022,"endTime":158.634693},"peaks.segment.2":{"startTime":287.094421,"endTime":291.815526}}
{"peaks.point.0":{"time":151.479506,"labelText":"1","segment_id":"peaks.segment.0","user":"ikram"},"peaks.point.1":{"time":151.476325,"labelText":"hard","segment_id":"peaks.segment.0","user":"ikram"},"peaks.point.2":{"time":151.476325,"labelText":"loving","segment_id":"peaks.segment.0","user":"ikram"},"peaks.point.3":{"time":158.646389,"labelText":"1","segment_id":"peaks.segment.1","user":"ikram"},"peaks.point.4":{"time":158.646389,"labelText":"easy","segment_id":"peaks.segment.1","user":"ikram"},"peaks.point.5":{"time":158.646389,"labelText":"loving","segment_id":"peaks.segment.1","user":"ikram"},"peaks.point.6":{"time":158.635136,"labelText":"HeadNod","segment_id":"peaks.segment.1","user":"ikram"},"peaks.point.7":{"time":289.781823,"labelText":"-1","segment_id":"peaks.segment.2","user":"ikram"},"peaks.point.8":{"time":291.816242,"labelText":"easy","segment_id":"peaks.segment.2","user":"ikram"},"peaks.point.9":{"time":291.833474,"labelText":"sorry","segment_id":"peaks.segment.2","user":"ikram"},"peaks.point.10":{"time":291.833474,"labelText":"Frown","segment_id":"peaks.segment.2","user":"ikram"},"peaks.point.11":{"time":151.486993,"labelText":"HeadNod","segment_id":"peaks.segment.0","user":"ikram"},"peaks.point.12":{"time":151.407762,"labelText":"loving","segment_id":"peaks.segment.0","user":"aida"},"peaks.point.13":{"time":151.407762,"labelText":"easy","segment_id":"peaks.segment.0","user":"aida"},"peaks.point.14":{"time":151.407762,"labelText":"2","segment_id":"peaks.segment.0","user":"aida"},"peaks.point.15":{"time":151.252784,"labelText":"HeadNod","segment_id":"peaks.segment.0","user":"aida"},"peaks.point.20":{"time":158.637422,"labelText":"loving","segment_id":"peaks.segment.1","user":"aida"},"peaks.point.21":{"time":158.637422,"labelText":"easy","segment_id":"peaks.segment.1","user":"aida"},"peaks.point.22":{"time":158.637422,"labelText":"2","segment_id":"peaks.segment.1","user":"aida"},"peaks.point.23":{"time":158.637422,"labelText":"HeadShake","segment_id":"peaks.segment.1","user":"aida"},"peaks.point.24":{"time":292.361597,"labelText":"sad","segment_id":"peaks.segment.2","user":"aida"},"peaks.point.25":{"time":293.174809,"labelText":"hard","segment_id":"peaks.segment.2","user":"aida"},"peaks.point.26":{"time":294.032889,"labelText":"-1","segment_id":"peaks.segment.2","user":"aida"},"peaks.point.27":{"time":294.032889,"labelText":"Frown","segment_id":"peaks.segment.2","user":"aida"}}