{"peaks.segment.0":{"startTime":71.981496,"endTime":76.660554},"peaks.segment.1":{"startTime":378.891247,"endTime":382.31925},"peaks.segment.2":{"startTime":427.316365,"endTime":430.26866213151925},"peaks.segment.3":{"startTime":470.070204,"endTime":473.942131},"peaks.segment.4":{"startTime":483.337505,"endTime":484.8326530612245},"peaks.segment.6":{"startTime":882.990657,"endTime":889.271655}}
{"peaks.point.0":{"time":76.62798,"labelText":"easy","segment_id":"peaks.segment.0","user":"aida"},"peaks.point.1":{"time":76.62798,"labelText":"interested","segment_id":"peaks.segment.0","user":"aida"},"peaks.point.2":{"time":76.570563,"labelText":"HeadShake","segment_id":"peaks.segment.0","user":"aida"},"peaks.point.3":{"time":76.570563,"labelText":"1","segment_id":"peaks.segment.0","user":"aida"},"peaks.point.4":{"time":382.31925,"labelText":"surprised","segment_id":"peaks.segment.1","user":"aida"},"peaks.point.5":{"time":382.31925,"labelText":"easy","segment_id":"peaks.segment.1","user":"aida"},"peaks.point.6":{"time":382.31925,"labelText":"2","segment_id":"peaks.segment.1","user":"aida"},"peaks.point.7":{"time":382.327252,"labelText":"Smile","segment_id":"peaks.segment.1","user":"aida"},"peaks.point.8":{"time":430.283912,"labelText":"Frown","segment_id":"peaks.segment.2","user":"aida"},"peaks.point.9":{"time":430.283912,"labelText":"sad","segment_id":"peaks.segment.2","user":"aida"},"peaks.point.10":{"time":430.283912,"labelText":"easy","segment_id":"peaks.segment.2","user":"aida"},"peaks.point.11":{"time":430.283912,"labelText":"2","segment_id":"peaks.segment.2","user":"aida"},"peaks.point.12":{"time":473.942131,"labelText":"afraid","segment_id":"peaks.segment.3","user":"aida"},"peaks.point.13":{"time":473.942131,"labelText":"2","segment_id":"peaks.segment.3","user":"aida"},"peaks.point.14":{"time":473.942131,"labelText":"easy","segment_id":"peaks.segment.3","user":"aida"},"peaks.point.15":{"time":473.942131,"labelText":"Frown","segment_id":"peaks.segment.3","user":"aida"},"peaks.point.16":{"time":484.458231292517,"labelText":"2","segment_id":"peaks.segment.4","user":"aida"},"peaks.point.17":{"time":484.50757369614513,"labelText":"easy","segment_id":"peaks.segment.4","user":"aida"},"peaks.point.18":{"time":484.53369614512474,"labelText":"disgust","segment_id":"peaks.segment.4","user":"aida"},"peaks.point.19":{"time":484.5104761904762,"labelText":"Frown","segment_id":"peaks.segment.4","user":"aida"},"peaks.point.20":{"time":855.610516,"labelText":"afraid","segment_id":"peaks.segment.6","user":"aida"},"peaks.point.21":{"time":855.610516,"labelText":"2","segment_id":"peaks.segment.6","user":"aida"},"peaks.point.22":{"time":855.610516,"labelText":"easy","segment_id":"peaks.segment.6","user":"aida"},"peaks.point.23":{"time":855.610516,"labelText":"Frown","segment_id":"peaks.segment.6","user":"aida"},"peaks.point.28":{"time":75.875555,"labelText":"1","segment_id":"peaks.segment.0","user":"ikram"},"peaks.point.29":{"time":75.875555,"labelText":"easy","segment_id":"peaks.segment.0","user":"ikram"},"peaks.point.30":{"time":75.875555,"labelText":"interested","segment_id":"peaks.segment.0","user":"ikram"},"peaks.point.31":{"time":76.612181,"labelText":"HeadShake","segment_id":"peaks.segment.0","user":"ikram"},"peaks.point.36":{"time":484.789379,"labelText":"-1","segment_id":"peaks.segment.4","user":"ikram"},"peaks.point.37":{"time":484.789379,"labelText":"easy","segment_id":"peaks.segment.4","user":"ikram"},"peaks.point.38":{"time":484.789379,"labelText":"sad","segment_id":"peaks.segment.4","user":"ikram"},"peaks.point.39":{"time":484.789379,"labelText":"Frown","segment_id":"peaks.segment.4","user":"ikram"},"peaks.point.40":{"time":473.951441,"labelText":"-1","segment_id":"peaks.segment.3","user":"ikram"},"peaks.point.41":{"time":473.951441,"labelText":"easy","segment_id":"peaks.segment.3","user":"ikram"},"peaks.point.42":{"time":473.951441,"labelText":"afraid","segment_id":"peaks.segment.3","user":"ikram"},"peaks.point.43":{"time":473.951441,"labelText":"Frown","segment_id":"peaks.segment.3","user":"ikram"},"peaks.point.44":{"time":430.270482,"labelText":"-2","segment_id":"peaks.segment.2","user":"ikram"},"peaks.point.45":{"time":430.270482,"labelText":"easy","segment_id":"peaks.segment.2","user":"ikram"},"peaks.point.46":{"time":430.270482,"labelText":"afraid","segment_id":"peaks.segment.2","user":"ikram"},"peaks.point.47":{"time":430.270482,"labelText":"Frown","segment_id":"peaks.segment.2","user":"ikram"},"peaks.point.48":{"time":889.275987,"labelText":"-2","segment_id":"peaks.segment.6","user":"ikram"},"peaks.point.49":{"time":889.275987,"labelText":"hard","segment_id":"peaks.segment.6","user":"ikram"},"peaks.point.50":{"time":889.275987,"labelText":"afraid","segment_id":"peaks.segment.6","user":"ikram"},"peaks.point.51":{"time":889.275987,"labelText":"Frown","segment_id":"peaks.segment.6","user":"ikram"},"peaks.point.52":{"time":382.330466,"labelText":"-1","segment_id":"peaks.segment.1","user":"ikram"},"peaks.point.53":{"time":382.330466,"labelText":"easy","segment_id":"peaks.segment.1","user":"ikram"},"peaks.point.54":{"time":382.330466,"labelText":"afraid","segment_id":"peaks.segment.1","user":"ikram"},"peaks.point.55":{"time":382.330466,"labelText":"Frown","segment_id":"peaks.segment.1","user":"ikram"}}
