{"peaks.segment.0":{"startTime":450.036099,"endTime":453.620348},"peaks.segment.1":{"startTime":471.357823,"endTime":475.7768707482993},"peaks.segment.2":{"startTime":477.470476,"endTime":480.7111111111111},"peaks.segment.3":{"startTime":486.63365,"endTime":487.498594}}
{"peaks.point.0":{"time":453.625083,"labelText":"-1","segment_id":"peaks.segment.0","user":"ikram"},"peaks.point.1":{"time":453.625083,"labelText":"hard","segment_id":"peaks.segment.0","user":"ikram"},"peaks.point.2":{"time":453.625083,"labelText":"angry","segment_id":"peaks.segment.0","user":"ikram"},"peaks.point.3":{"time":453.625083,"labelText":"Frown","segment_id":"peaks.segment.0","user":"ikram"},"peaks.point.4":{"time":474.810987,"labelText":"-1","segment_id":"peaks.segment.1","user":"ikram"},"peaks.point.5":{"time":475.782518,"labelText":"hard","segment_id":"peaks.segment.1","user":"ikram"},"peaks.point.6":{"time":475.782518,"labelText":"angry","segment_id":"peaks.segment.1","user":"ikram"},"peaks.point.7":{"time":475.28649,"labelText":"HeadShake","segment_id":"peaks.segment.1","user":"ikram"},"peaks.point.8":{"time":480.716684,"labelText":"-1","segment_id":"peaks.segment.2","user":"ikram"},"peaks.point.9":{"time":480.716684,"labelText":"hard","segment_id":"peaks.segment.2","user":"ikram"},"peaks.point.10":{"time":480.716684,"labelText":"angry","segment_id":"peaks.segment.2","user":"ikram"},"peaks.point.11":{"time":480.716684,"labelText":"Frown","segment_id":"peaks.segment.2","user":"ikram"},"peaks.point.12":{"time":487.50191,"labelText":"-1","segment_id":"peaks.segment.3","user":"ikram"},"peaks.point.13":{"time":487.50191,"labelText":"hard","segment_id":"peaks.segment.3","user":"ikram"},"peaks.point.14":{"time":487.50191,"labelText":"angry","segment_id":"peaks.segment.3","user":"ikram"},"peaks.point.15":{"time":487.50191,"labelText":"Frown","segment_id":"peaks.segment.3","user":"ikram"},"peaks.point.16":{"time":453.573658,"labelText":"Frown","segment_id":"peaks.segment.0","user":"aida"},"peaks.point.17":{"time":453.573658,"labelText":"hard","segment_id":"peaks.segment.0","user":"aida"},"peaks.point.18":{"time":453.573658,"labelText":"-1","segment_id":"peaks.segment.0","user":"aida"},"peaks.point.19":{"time":453.573658,"labelText":"angry","segment_id":"peaks.segment.0","user":"aida"},"peaks.point.20":{"time":475.722404,"labelText":"angry","segment_id":"peaks.segment.1","user":"aida"},"peaks.point.21":{"time":475.722404,"labelText":"hard","segment_id":"peaks.segment.1","user":"aida"},"peaks.point.22":{"time":475.722404,"labelText":"-2","segment_id":"peaks.segment.1","user":"aida"},"peaks.point.23":{"time":475.722404,"labelText":"Frown","segment_id":"peaks.segment.1","user":"aida"},"peaks.point.24":{"time":480.720045,"labelText":"angry","segment_id":"peaks.segment.2","user":"aida"},"peaks.point.25":{"time":480.720045,"labelText":"-2","segment_id":"peaks.segment.2","user":"aida"},"peaks.point.26":{"time":480.720045,"labelText":"hard","segment_id":"peaks.segment.2","user":"aida"},"peaks.point.27":{"time":480.720045,"labelText":"Frown","segment_id":"peaks.segment.2","user":"aida"},"peaks.point.28":{"time":487.504266,"labelText":"angry","segment_id":"peaks.segment.3","user":"aida"},"peaks.point.29":{"time":487.504266,"labelText":"hard","segment_id":"peaks.segment.3","user":"aida"},"peaks.point.30":{"time":487.504266,"labelText":"-1","segment_id":"peaks.segment.3","user":"aida"},"peaks.point.31":{"time":487.504266,"labelText":"Frown","segment_id":"peaks.segment.3","user":"aida"}}