{"peaks.segment.0":{"startTime":36.471292,"endTime":37.568175},"peaks.segment.1":{"startTime":42.55492,"endTime":43.882206},"peaks.segment.2":{"startTime":77.051065,"endTime":78.961947},"peaks.segment.4":{"startTime":134.424671,"endTime":135.992117},"peaks.segment.5":{"startTime":151.923809,"endTime":153.273577},"peaks.segment.6":{"startTime":214.638004,"endTime":216.903772},"peaks.segment.7":{"startTime":255.487709,"endTime":258.720149},"peaks.segment.8":{"startTime":289.725532,"endTime":290.776235},"peaks.segment.9":{"startTime":357.687437,"endTime":359.669072},"peaks.segment.10":{"startTime":413.426938,"endTime":414.248344}}
{"peaks.point.0":{"time":37.568937,"labelText":"-1","segment_id":"peaks.segment.0","user":"ikram"},"peaks.point.1":{"time":37.568937,"labelText":"easy","segment_id":"peaks.segment.0","user":"ikram"},"peaks.point.2":{"time":37.568937,"labelText":"sad","segment_id":"peaks.segment.0","user":"ikram"},"peaks.point.3":{"time":37.568937,"labelText":"Frown","segment_id":"peaks.segment.0","user":"ikram"},"peaks.point.4":{"time":43.887398,"labelText":"-1","segment_id":"peaks.segment.1","user":"ikram"},"peaks.point.5":{"time":43.887398,"labelText":"easy","segment_id":"peaks.segment.1","user":"ikram"},"peaks.point.6":{"time":43.887398,"labelText":"sad","segment_id":"peaks.segment.1","user":"ikram"},"peaks.point.7":{"time":43.887398,"labelText":"Frown","segment_id":"peaks.segment.1","user":"ikram"},"peaks.point.8":{"time":78.970633,"labelText":"-1","segment_id":"peaks.segment.2","user":"ikram"},"peaks.point.9":{"time":78.970633,"labelText":"easy","segment_id":"peaks.segment.2","user":"ikram"},"peaks.point.10":{"time":78.994114,"labelText":"disgust","segment_id":"peaks.segment.2","user":"ikram"},"peaks.point.11":{"time":78.994114,"labelText":"Frown","segment_id":"peaks.segment.2","user":"ikram"},"peaks.point.16":{"time":135.994541,"labelText":"1","segment_id":"peaks.segment.4","user":"ikram"},"peaks.point.17":{"time":135.994541,"labelText":"hard","segment_id":"peaks.segment.4","user":"ikram"},"peaks.point.18":{"time":135.994541,"labelText":"funny","segment_id":"peaks.segment.4","user":"ikram"},"peaks.point.19":{"time":135.994541,"labelText":"Smile","segment_id":"peaks.segment.4","user":"ikram"},"peaks.point.20":{"time":153.287379,"labelText":"1","segment_id":"peaks.segment.5","user":"ikram"},"peaks.point.21":{"time":153.287379,"labelText":"easy","segment_id":"peaks.segment.5","user":"ikram"},"peaks.point.22":{"time":153.287379,"labelText":"excited","segment_id":"peaks.segment.5","user":"ikram"},"peaks.point.23":{"time":153.287379,"labelText":"Smile","segment_id":"peaks.segment.5","user":"ikram"},"peaks.point.24":{"time":216.908846,"labelText":"-1","segment_id":"peaks.segment.6","user":"ikram"},"peaks.point.25":{"time":216.908846,"labelText":"easy","segment_id":"peaks.segment.6","user":"ikram"},"peaks.point.26":{"time":216.908846,"labelText":"sad","segment_id":"peaks.segment.6","user":"ikram"},"peaks.point.27":{"time":216.908846,"labelText":"Frown","segment_id":"peaks.segment.6","user":"ikram"},"peaks.point.28":{"time":257.250199,"labelText":"-1","segment_id":"peaks.segment.7","user":"ikram"},"peaks.point.29":{"time":258.731356,"labelText":"easy","segment_id":"peaks.segment.7","user":"ikram"},"peaks.point.30":{"time":258.731356,"labelText":"afraid","segment_id":"peaks.segment.7","user":"ikram"},"peaks.point.31":{"time":258.731356,"labelText":"Frown","segment_id":"peaks.segment.7","user":"ikram"},"peaks.point.32":{"time":290.782617,"labelText":"0","segment_id":"peaks.segment.8","user":"ikram"},"peaks.point.33":{"time":290.782617,"labelText":"easy","segment_id":"peaks.segment.8","user":"ikram"},"peaks.point.34":{"time":290.782617,"labelText":"surprised","segment_id":"peaks.segment.8","user":"ikram"},"peaks.point.35":{"time":290.782617,"labelText":"Smile","segment_id":"peaks.segment.8","user":"ikram"},"peaks.point.36":{"time":359.595009,"labelText":"1","segment_id":"peaks.segment.9","user":"ikram"},"peaks.point.37":{"time":359.677043,"labelText":"easy","segment_id":"peaks.segment.9","user":"ikram"},"peaks.point.38":{"time":359.677043,"labelText":"proud","segment_id":"peaks.segment.9","user":"ikram"},"peaks.point.39":{"time":359.677043,"labelText":"Smile","segment_id":"peaks.segment.9","user":"ikram"},"peaks.point.40":{"time":414.255275,"labelText":"-1","segment_id":"peaks.segment.10","user":"ikram"},"peaks.point.41":{"time":414.255275,"labelText":"easy","segment_id":"peaks.segment.10","user":"ikram"},"peaks.point.42":{"time":414.255275,"labelText":"sad","segment_id":"peaks.segment.10","user":"ikram"},"peaks.point.43":{"time":414.255275,"labelText":"Frown","segment_id":"peaks.segment.10","user":"ikram"},"peaks.point.45":{"time":37.568703,"labelText":"easy","segment_id":"peaks.segment.0","user":"aida"},"peaks.point.46":{"time":37.568703,"labelText":"-1","segment_id":"peaks.segment.0","user":"aida"},"peaks.point.48":{"time":38.94275,"labelText":"sad","segment_id":"peaks.segment.0","user":"aida"},"peaks.point.49":{"time":44.810957,"labelText":"Frown","segment_id":"peaks.segment.0","user":"aida"},"peaks.point.50":{"time":43.896562,"labelText":"sad","segment_id":"peaks.segment.1","user":"aida"},"peaks.point.51":{"time":43.896562,"labelText":"-1","segment_id":"peaks.segment.1","user":"aida"},"peaks.point.52":{"time":43.896562,"labelText":"easy","segment_id":"peaks.segment.1","user":"aida"},"peaks.point.53":{"time":43.896562,"labelText":"Frown","segment_id":"peaks.segment.1","user":"aida"},"peaks.point.54":{"time":78.974498,"labelText":"sad","segment_id":"peaks.segment.2","user":"aida"},"peaks.point.55":{"time":78.974498,"labelText":"easy","segment_id":"peaks.segment.2","user":"aida"},"peaks.point.56":{"time":78.974498,"labelText":"-1","segment_id":"peaks.segment.2","user":"aida"},"peaks.point.57":{"time":78.973893,"labelText":"Smile","segment_id":"peaks.segment.2","user":"aida"},"peaks.point.58":{"time":135.87528,"labelText":"funny","segment_id":"peaks.segment.4","user":"aida"},"peaks.point.59":{"time":135.87528,"labelText":"easy","segment_id":"peaks.segment.4","user":"aida"},"peaks.point.60":{"time":135.87528,"labelText":"1","segment_id":"peaks.segment.4","user":"aida"},"peaks.point.61":{"time":135.87528,"labelText":"Smile","segment_id":"peaks.segment.4","user":"aida"},"peaks.point.62":{"time":153.280056,"labelText":"proud","segment_id":"peaks.segment.5","user":"aida"},"peaks.point.63":{"time":153.280056,"labelText":"easy","segment_id":"peaks.segment.5","user":"aida"},"peaks.point.64":{"time":153.280056,"labelText":"1","segment_id":"peaks.segment.5","user":"aida"},"peaks.point.65":{"time":153.280056,"labelText":"Smile","segment_id":"peaks.segment.5","user":"aida"},"peaks.point.66":{"time":216.891185,"labelText":"sad","segment_id":"peaks.segment.6","user":"aida"},"peaks.point.68":{"time":216.891185,"labelText":"-1","segment_id":"peaks.segment.6","user":"aida"},"peaks.point.69":{"time":216.891185,"labelText":"Frown","segment_id":"peaks.segment.6","user":"aida"},"peaks.point.70":{"time":216.891185,"labelText":"hard","segment_id":"peaks.segment.6","user":"aida"},"peaks.point.71":{"time":258.642589,"labelText":"afraid","segment_id":"peaks.segment.7","user":"aida"},"peaks.point.72":{"time":258.642589,"labelText":"easy","segment_id":"peaks.segment.7","user":"aida"},"peaks.point.73":{"time":258.642589,"labelText":"-1","segment_id":"peaks.segment.7","user":"aida"},"peaks.point.74":{"time":258.730597,"labelText":"Frown","segment_id":"peaks.segment.7","user":"aida"},"peaks.point.75":{"time":290.776734,"labelText":"surprised","segment_id":"peaks.segment.8","user":"aida"},"peaks.point.76":{"time":290.776734,"labelText":"easy","segment_id":"peaks.segment.8","user":"aida"},"peaks.point.77":{"time":290.776734,"labelText":"1","segment_id":"peaks.segment.8","user":"aida"},"peaks.point.78":{"time":290.776734,"labelText":"Smile","segment_id":"peaks.segment.8","user":"aida"},"peaks.point.79":{"time":359.673252,"labelText":"proud","segment_id":"peaks.segment.9","user":"aida"},"peaks.point.80":{"time":359.673252,"labelText":"easy","segment_id":"peaks.segment.9","user":"aida"},"peaks.point.81":{"time":359.673252,"labelText":"1","segment_id":"peaks.segment.9","user":"aida"},"peaks.point.82":{"time":359.673252,"labelText":"Smile","segment_id":"peaks.segment.9","user":"aida"},"peaks.point.83":{"time":414.257442,"labelText":"sad","segment_id":"peaks.segment.10","user":"aida"},"peaks.point.84":{"time":414.257442,"labelText":"easy","segment_id":"peaks.segment.10","user":"aida"},"peaks.point.85":{"time":414.257442,"labelText":"-1","segment_id":"peaks.segment.10","user":"aida"},"peaks.point.86":{"time":414.257442,"labelText":"Frown","segment_id":"peaks.segment.10","user":"aida"}}