{"peaks.segment.0":{"startTime":223.207619,"endTime":225.224802},"peaks.segment.1":{"startTime":245.327528,"endTime":247.703853}}
{"peaks.point.0":{"time":225.241151,"labelText":"-1","segment_id":"peaks.segment.0","user":"ikram"},"peaks.point.1":{"time":225.241151,"labelText":"easy","segment_id":"peaks.segment.0","user":"ikram"},"peaks.point.2":{"time":225.237302,"labelText":"sad","segment_id":"peaks.segment.0","user":"ikram"},"peaks.point.3":{"time":225.237302,"labelText":"HeadNod","segment_id":"peaks.segment.0","user":"ikram"},"peaks.point.4":{"time":247.705128,"labelText":"1","segment_id":"peaks.segment.1","user":"ikram"},"peaks.point.5":{"time":247.705128,"labelText":"easy","segment_id":"peaks.segment.1","user":"ikram"},"peaks.point.6":{"time":247.705128,"labelText":"loving","segment_id":"peaks.segment.1","user":"ikram"},"peaks.point.7":{"time":247.711263,"labelText":"HeadShake","segment_id":"peaks.segment.1","user":"ikram"},"peaks.point.8":{"time":225.176129,"labelText":"hating","segment_id":"peaks.segment.0","user":"aida"},"peaks.point.9":{"time":225.176129,"labelText":"hard","segment_id":"peaks.segment.0","user":"aida"},"peaks.point.10":{"time":225.176129,"labelText":"-1","segment_id":"peaks.segment.0","user":"aida"},"peaks.point.11":{"time":225.176129,"labelText":"Frown","segment_id":"peaks.segment.0","user":"aida"},"peaks.point.14":{"time":247.716176,"labelText":"loving","segment_id":"peaks.segment.1","user":"aida"},"peaks.point.15":{"time":247.716176,"labelText":"easy","segment_id":"peaks.segment.1","user":"aida"},"peaks.point.16":{"time":247.716176,"labelText":"2","segment_id":"peaks.segment.1","user":"aida"},"peaks.point.17":{"time":247.713539,"labelText":"HeadShake","segment_id":"peaks.segment.1","user":"aida"}}