{"peaks.segment.0":{"startTime":5.852879,"endTime":8.417392},"peaks.segment.1":{"startTime":14.052426,"endTime":18.263311},"peaks.segment.2":{"startTime":18.896689,"endTime":21.80934240362812},"peaks.segment.3":{"startTime":76.180317,"endTime":79.767309},"peaks.segment.4":{"startTime":134.314376,"endTime":138.15689},"peaks.segment.5":{"startTime":204.560544,"endTime":207.971221},"peaks.segment.6":{"startTime":276.588843,"endTime":278.843928},"peaks.segment.7":{"startTime":294.459501,"endTime":296.344788},"peaks.segment.8":{"startTime":296.360634,"endTime":299.928352},"peaks.segment.9":{"startTime":315.862494,"endTime":316.480725},"peaks.segment.10":{"startTime":320.819954,"endTime":323.044582},"peaks.segment.11":{"startTime":337.459954,"endTime":339.842518},"peaks.segment.12":{"startTime":351.429659,"endTime":353.591852},"peaks.segment.13":{"startTime":353.61814,"endTime":356.67301587301586},"peaks.segment.14":{"startTime":437.883356,"endTime":438.748299},"peaks.segment.15":{"startTime":438.774421,"endTime":440.225668}}
{"peaks.point.0":{"time":8.423399,"labelText":"1","segment_id":"peaks.segment.0","user":"ikram"},"peaks.point.1":{"time":8.423399,"labelText":"easy","segment_id":"peaks.segment.0","user":"ikram"},"peaks.point.2":{"time":8.423399,"labelText":"excited","segment_id":"peaks.segment.0","user":"ikram"},"peaks.point.3":{"time":8.429996,"labelText":"Smile","segment_id":"peaks.segment.0","user":"ikram"},"peaks.point.4":{"time":18.264216,"labelText":"1","segment_id":"peaks.segment.1","user":"ikram"},"peaks.point.5":{"time":18.264216,"labelText":"easy","segment_id":"peaks.segment.1","user":"ikram"},"peaks.point.6":{"time":18.264216,"labelText":"loving","segment_id":"peaks.segment.1","user":"ikram"},"peaks.point.7":{"time":18.26718,"labelText":"HeadNod","segment_id":"peaks.segment.1","user":"ikram"},"peaks.point.8":{"time":21.821282,"labelText":"1","segment_id":"peaks.segment.2","user":"ikram"},"peaks.point.9":{"time":21.818092,"labelText":"hard","segment_id":"peaks.segment.2","user":"ikram"},"peaks.point.10":{"time":21.818092,"labelText":"excited","segment_id":"peaks.segment.2","user":"ikram"},"peaks.point.11":{"time":21.824895,"labelText":"HeadShake","segment_id":"peaks.segment.2","user":"ikram"},"peaks.point.12":{"time":79.769578,"labelText":"1","segment_id":"peaks.segment.3","user":"ikram"},"peaks.point.13":{"time":79.769578,"labelText":"easy","segment_id":"peaks.segment.3","user":"ikram"},"peaks.point.14":{"time":79.769578,"labelText":"loving","segment_id":"peaks.segment.3","user":"ikram"},"peaks.point.15":{"time":79.803554,"labelText":"Frown","segment_id":"peaks.segment.3","user":"ikram"},"peaks.point.16":{"time":138.161805,"labelText":"1","segment_id":"peaks.segment.4","user":"ikram"},"peaks.point.17":{"time":138.161805,"labelText":"hard","segment_id":"peaks.segment.4","user":"ikram"},"peaks.point.18":{"time":138.161805,"labelText":"loving","segment_id":"peaks.segment.4","user":"ikram"},"peaks.point.19":{"time":138.161805,"labelText":"Smile","segment_id":"peaks.segment.4","user":"ikram"},"peaks.point.20":{"time":207.976935,"labelText":"1","segment_id":"peaks.segment.5","user":"ikram"},"peaks.point.21":{"time":207.976935,"labelText":"easy","segment_id":"peaks.segment.5","user":"ikram"},"peaks.point.22":{"time":207.976935,"labelText":"loving","segment_id":"peaks.segment.5","user":"ikram"},"peaks.point.23":{"time":207.976935,"labelText":"Smile","segment_id":"peaks.segment.5","user":"ikram"},"peaks.point.24":{"time":278.850981,"labelText":"2","segment_id":"peaks.segment.6","user":"ikram"},"peaks.point.25":{"time":278.850981,"labelText":"easy","segment_id":"peaks.segment.6","user":"ikram"},"peaks.point.26":{"time":278.850981,"labelText":"loving","segment_id":"peaks.segment.6","user":"ikram"},"peaks.point.27":{"time":278.844668,"labelText":"HeadNod","segment_id":"peaks.segment.6","user":"ikram"},"peaks.point.28":{"time":296.355141,"labelText":"1","segment_id":"peaks.segment.7","user":"ikram"},"peaks.point.29":{"time":296.355141,"labelText":"easy","segment_id":"peaks.segment.7","user":"ikram"},"peaks.point.30":{"time":296.355141,"labelText":"loving","segment_id":"peaks.segment.7","user":"ikram"},"peaks.point.31":{"time":296.355484,"labelText":"Smile","segment_id":"peaks.segment.7","user":"ikram"},"peaks.point.32":{"time":299.92888,"labelText":"2","segment_id":"peaks.segment.8","user":"ikram"},"peaks.point.33":{"time":299.92888,"labelText":"easy","segment_id":"peaks.segment.8","user":"ikram"},"peaks.point.34":{"time":299.92888,"labelText":"loving","segment_id":"peaks.segment.8","user":"ikram"},"peaks.point.35":{"time":299.931971,"labelText":"Smile","segment_id":"peaks.segment.8","user":"ikram"},"peaks.point.36":{"time":316.494914,"labelText":"1","segment_id":"peaks.segment.9","user":"ikram"},"peaks.point.37":{"time":316.494914,"labelText":"easy","segment_id":"peaks.segment.9","user":"ikram"},"peaks.point.38":{"time":316.494914,"labelText":"afraid","segment_id":"peaks.segment.9","user":"ikram"},"peaks.point.39":{"time":316.488963,"labelText":"HeadNod","segment_id":"peaks.segment.9","user":"ikram"},"peaks.point.40":{"time":323.051455,"labelText":"1","segment_id":"peaks.segment.10","user":"ikram"},"peaks.point.41":{"time":323.051455,"labelText":"easy","segment_id":"peaks.segment.10","user":"ikram"},"peaks.point.42":{"time":323.051455,"labelText":"funny","segment_id":"peaks.segment.10","user":"ikram"},"peaks.point.43":{"time":323.051455,"labelText":"Smile","segment_id":"peaks.segment.10","user":"ikram"},"peaks.point.44":{"time":339.859654,"labelText":"1","segment_id":"peaks.segment.11","user":"ikram"},"peaks.point.45":{"time":339.855432,"labelText":"easy","segment_id":"peaks.segment.11","user":"ikram"},"peaks.point.46":{"time":339.855432,"labelText":"loving","segment_id":"peaks.segment.11","user":"ikram"},"peaks.point.47":{"time":339.855432,"labelText":"HeadShake","segment_id":"peaks.segment.11","user":"ikram"},"peaks.point.48":{"time":353.592352,"labelText":"1","segment_id":"peaks.segment.12","user":"ikram"},"peaks.point.49":{"time":353.592352,"labelText":"easy","segment_id":"peaks.segment.12","user":"ikram"},"peaks.point.50":{"time":353.592352,"labelText":"loving","segment_id":"peaks.segment.12","user":"ikram"},"peaks.point.51":{"time":353.596715,"labelText":"HeadShake","segment_id":"peaks.segment.12","user":"ikram"},"peaks.point.52":{"time":356.684231,"labelText":"1","segment_id":"peaks.segment.13","user":"ikram"},"peaks.point.53":{"time":356.684231,"labelText":"easy","segment_id":"peaks.segment.13","user":"ikram"},"peaks.point.54":{"time":356.684231,"labelText":"loving","segment_id":"peaks.segment.13","user":"ikram"},"peaks.point.55":{"time":356.678533,"labelText":"HeadNod","segment_id":"peaks.segment.13","user":"ikram"},"peaks.point.56":{"time":438.752915,"labelText":"1","segment_id":"peaks.segment.14","user":"ikram"},"peaks.point.57":{"time":438.752915,"labelText":"easy","segment_id":"peaks.segment.14","user":"ikram"},"peaks.point.58":{"time":438.752915,"labelText":"loving","segment_id":"peaks.segment.14","user":"ikram"},"peaks.point.59":{"time":438.752915,"labelText":"HeadShake","segment_id":"peaks.segment.14","user":"ikram"},"peaks.point.60":{"time":440.23464,"labelText":"1","segment_id":"peaks.segment.15","user":"ikram"},"peaks.point.61":{"time":440.23464,"labelText":"easy","segment_id":"peaks.segment.15","user":"ikram"},"peaks.point.62":{"time":440.23464,"labelText":"loving","segment_id":"peaks.segment.15","user":"ikram"},"peaks.point.63":{"time":440.230516,"labelText":"HeadShake","segment_id":"peaks.segment.15","user":"ikram"},"peaks.point.64":{"time":8.348487,"labelText":"excited","segment_id":"peaks.segment.0","user":"aida"},"peaks.point.65":{"time":8.348487,"labelText":"hard","segment_id":"peaks.segment.0","user":"aida"},"peaks.point.66":{"time":8.348487,"labelText":"1","segment_id":"peaks.segment.0","user":"aida"},"peaks.point.67":{"time":8.337469,"labelText":"Frown","segment_id":"peaks.segment.0","user":"aida"},"peaks.point.68":{"time":18.160839,"labelText":"excited","segment_id":"peaks.segment.1","user":"aida"},"peaks.point.69":{"time":18.160839,"labelText":"easy","segment_id":"peaks.segment.1","user":"aida"},"peaks.point.70":{"time":18.160839,"labelText":"2","segment_id":"peaks.segment.1","user":"aida"},"peaks.point.71":{"time":18.17363,"labelText":"Frown","segment_id":"peaks.segment.1","user":"aida"},"peaks.point.72":{"time":21.826795,"labelText":"loving","segment_id":"peaks.segment.2","user":"aida"},"peaks.point.73":{"time":21.826795,"labelText":"easy","segment_id":"peaks.segment.2","user":"aida"},"peaks.point.74":{"time":21.826795,"labelText":"1","segment_id":"peaks.segment.2","user":"aida"},"peaks.point.75":{"time":21.817096,"labelText":"Frown","segment_id":"peaks.segment.2","user":"aida"},"peaks.point.77":{"time":79.752042,"labelText":"loving","segment_id":"peaks.segment.3","user":"aida"},"peaks.point.78":{"time":79.752042,"labelText":"easy","segment_id":"peaks.segment.3","user":"aida"},"peaks.point.79":{"time":79.752042,"labelText":"1","segment_id":"peaks.segment.3","user":"aida"},"peaks.point.80":{"time":79.752042,"labelText":"HeadShake","segment_id":"peaks.segment.3","user":"aida"},"peaks.point.81":{"time":138.169695,"labelText":"loving","segment_id":"peaks.segment.4","user":"aida"},"peaks.point.82":{"time":138.169695,"labelText":"easy","segment_id":"peaks.segment.4","user":"aida"},"peaks.point.83":{"time":138.169695,"labelText":"2","segment_id":"peaks.segment.4","user":"aida"},"peaks.point.84":{"time":138.169695,"labelText":"Smile","segment_id":"peaks.segment.4","user":"aida"},"peaks.point.86":{"time":207.848635,"labelText":"loving","segment_id":"peaks.segment.5","user":"aida"},"peaks.point.87":{"time":207.848635,"labelText":"hard","segment_id":"peaks.segment.5","user":"aida"},"peaks.point.88":{"time":207.848635,"labelText":"1","segment_id":"peaks.segment.5","user":"aida"},"peaks.point.89":{"time":207.848635,"labelText":"Smile","segment_id":"peaks.segment.5","user":"aida"},"peaks.point.90":{"time":278.678458,"labelText":"loving","segment_id":"peaks.segment.6","user":"aida"},"peaks.point.91":{"time":278.678458,"labelText":"easy","segment_id":"peaks.segment.6","user":"aida"},"peaks.point.92":{"time":278.678458,"labelText":"2","segment_id":"peaks.segment.6","user":"aida"},"peaks.point.94":{"time":278.842574,"labelText":"HeadShake","segment_id":"peaks.segment.6","user":"aida"},"peaks.point.95":{"time":296.345415,"labelText":"loving","segment_id":"peaks.segment.7","user":"aida"},"peaks.point.96":{"time":296.345415,"labelText":"easy","segment_id":"peaks.segment.7","user":"aida"},"peaks.point.97":{"time":296.345415,"labelText":"2","segment_id":"peaks.segment.7","user":"aida"},"peaks.point.98":{"time":296.358441,"labelText":"HeadShake","segment_id":"peaks.segment.7","user":"aida"},"peaks.point.99":{"time":299.902172,"labelText":"loving","segment_id":"peaks.segment.8","user":"aida"},"peaks.point.100":{"time":299.902172,"labelText":"easy","segment_id":"peaks.segment.8","user":"aida"},"peaks.point.101":{"time":299.902172,"labelText":"2","segment_id":"peaks.segment.8","user":"aida"},"peaks.point.102":{"time":299.929417,"labelText":"HeadShake","segment_id":"peaks.segment.8","user":"aida"},"peaks.point.103":{"time":316.495014,"labelText":"afraid","segment_id":"peaks.segment.9","user":"aida"},"peaks.point.104":{"time":316.495014,"labelText":"easy","segment_id":"peaks.segment.9","user":"aida"},"peaks.point.105":{"time":316.495014,"labelText":"1","segment_id":"peaks.segment.9","user":"aida"},"peaks.point.106":{"time":316.495014,"labelText":"Frown","segment_id":"peaks.segment.9","user":"aida"},"peaks.point.107":{"time":322.926334,"labelText":"funny","segment_id":"peaks.segment.10","user":"aida"},"peaks.point.108":{"time":322.926334,"labelText":"easy","segment_id":"peaks.segment.10","user":"aida"},"peaks.point.109":{"time":322.926334,"labelText":"1","segment_id":"peaks.segment.10","user":"aida"},"peaks.point.110":{"time":322.926334,"labelText":"Smile","segment_id":"peaks.segment.10","user":"aida"},"peaks.point.111":{"time":339.844482,"labelText":"loving","segment_id":"peaks.segment.11","user":"aida"},"peaks.point.112":{"time":339.844482,"labelText":"easy","segment_id":"peaks.segment.11","user":"aida"},"peaks.point.113":{"time":339.844482,"labelText":"1","segment_id":"peaks.segment.11","user":"aida"},"peaks.point.114":{"time":339.844482,"labelText":"HeadShake","segment_id":"peaks.segment.11","user":"aida"},"peaks.point.115":{"time":353.595148,"labelText":"loving","segment_id":"peaks.segment.12","user":"aida"},"peaks.point.116":{"time":353.595148,"labelText":"easy","segment_id":"peaks.segment.12","user":"aida"},"peaks.point.117":{"time":353.595148,"labelText":"2","segment_id":"peaks.segment.12","user":"aida"},"peaks.point.118":{"time":353.595148,"labelText":"HeadShake","segment_id":"peaks.segment.12","user":"aida"},"peaks.point.119":{"time":356.673134,"labelText":"loving","segment_id":"peaks.segment.13","user":"aida"},"peaks.point.120":{"time":356.673134,"labelText":"easy","segment_id":"peaks.segment.13","user":"aida"},"peaks.point.121":{"time":356.673134,"labelText":"1","segment_id":"peaks.segment.13","user":"aida"},"peaks.point.122":{"time":356.673134,"labelText":"HeadShake","segment_id":"peaks.segment.13","user":"aida"},"peaks.point.123":{"time":438.759346,"labelText":"loving","segment_id":"peaks.segment.14","user":"aida"},"peaks.point.124":{"time":438.759346,"labelText":"easy","segment_id":"peaks.segment.14","user":"aida"},"peaks.point.125":{"time":438.759346,"labelText":"2","segment_id":"peaks.segment.14","user":"aida"},"peaks.point.126":{"time":438.759346,"labelText":"HeadShake","segment_id":"peaks.segment.14","user":"aida"},"peaks.point.127":{"time":440.203237,"labelText":"loving","segment_id":"peaks.segment.15","user":"aida"},"peaks.point.128":{"time":440.203237,"labelText":"easy","segment_id":"peaks.segment.15","user":"aida"},"peaks.point.129":{"time":440.203237,"labelText":"2","segment_id":"peaks.segment.15","user":"aida"},"peaks.point.130":{"time":440.203237,"labelText":"HeadShake","segment_id":"peaks.segment.15","user":"aida"}}