{"peaks.segment.0":{"startTime":238.369886,"endTime":240.976326},"peaks.segment.1":{"startTime":257.09678,"endTime":258.977596},"peaks.segment.2":{"startTime":270.962358276644,"endTime":275.620498},"peaks.segment.3":{"startTime":295.935056,"endTime":297.426938},"peaks.segment.4":{"startTime":313.541587,"endTime":316.510839},"peaks.segment.5":{"startTime":322.205532,"endTime":324.614603},"peaks.segment.6":{"startTime":494.393106,"endTime":496.395827},"peaks.segment.7":{"startTime":569.5274376417234,"endTime":572.16},"peaks.segment.8":{"startTime":673.756559,"endTime":674.652517},"peaks.segment.9":{"startTime":732.420861,"endTime":735.320453}}
{"peaks.point.0":{"time":239.64755,"labelText":"loving","segment_id":"peaks.segment.0","user":"aida"},"peaks.point.1":{"time":240.821223,"labelText":"easy","segment_id":"peaks.segment.0","user":"aida"},"peaks.point.2":{"time":240.894297,"labelText":"2","segment_id":"peaks.segment.0","user":"aida"},"peaks.point.3":{"time":240.894297,"labelText":"Smile","segment_id":"peaks.segment.0","user":"aida"},"peaks.point.4":{"time":258.977596,"labelText":"loving","segment_id":"peaks.segment.1","user":"aida"},"peaks.point.5":{"time":258.977596,"labelText":"easy","segment_id":"peaks.segment.1","user":"aida"},"peaks.point.6":{"time":258.977596,"labelText":"3","segment_id":"peaks.segment.1","user":"aida"},"peaks.point.7":{"time":258.986668,"labelText":"HeadShake","segment_id":"peaks.segment.1","user":"aida"},"peaks.point.8":{"time":275.620498,"labelText":"sad","segment_id":"peaks.segment.2","user":"aida"},"peaks.point.9":{"time":275.620498,"labelText":"hard","segment_id":"peaks.segment.2","user":"aida"},"peaks.point.10":{"time":275.620498,"labelText":"-2","segment_id":"peaks.segment.2","user":"aida"},"peaks.point.11":{"time":272.844469,"labelText":"Frown","segment_id":"peaks.segment.2","user":"aida"},"peaks.point.12":{"time":297.426938,"labelText":"happy","segment_id":"peaks.segment.3","user":"aida"},"peaks.point.13":{"time":297.426938,"labelText":"easy","segment_id":"peaks.segment.3","user":"aida"},"peaks.point.14":{"time":297.426938,"labelText":"Smile","segment_id":"peaks.segment.3","user":"aida"},"peaks.point.15":{"time":299.141356,"labelText":"1","segment_id":"peaks.segment.3","user":"aida"},"peaks.point.16":{"time":316.510839,"labelText":"hard","segment_id":"peaks.segment.4","user":"aida"},"peaks.point.17":{"time":316.510839,"labelText":"loving","segment_id":"peaks.segment.4","user":"aida"},"peaks.point.18":{"time":316.510839,"labelText":"1","segment_id":"peaks.segment.4","user":"aida"},"peaks.point.19":{"time":316.136197,"labelText":"HeadShake","segment_id":"peaks.segment.4","user":"aida"},"peaks.point.20":{"time":324.614603,"labelText":"loving","segment_id":"peaks.segment.5","user":"aida"},"peaks.point.21":{"time":324.614603,"labelText":"hard","segment_id":"peaks.segment.5","user":"aida"},"peaks.point.22":{"time":324.614603,"labelText":"2","segment_id":"peaks.segment.5","user":"aida"},"peaks.point.23":{"time":325.647388,"labelText":"Frown","segment_id":"peaks.segment.5","user":"aida"},"peaks.point.24":{"time":496.395827,"labelText":"loving","segment_id":"peaks.segment.6","user":"aida"},"peaks.point.25":{"time":496.395827,"labelText":"1","segment_id":"peaks.segment.6","user":"aida"},"peaks.point.26":{"time":496.395827,"labelText":"easy","segment_id":"peaks.segment.6","user":"aida"},"peaks.point.27":{"time":496.398527,"labelText":"HeadShake","segment_id":"peaks.segment.6","user":"aida"},"peaks.point.28":{"time":571.7507482993198,"labelText":"loving","segment_id":"peaks.segment.7","user":"aida"},"peaks.point.29":{"time":571.677539,"labelText":"HeadShake","segment_id":"peaks.segment.7","user":"aida"},"peaks.point.30":{"time":572.173241,"labelText":"easy","segment_id":"peaks.segment.7","user":"aida"},"peaks.point.31":{"time":572.173241,"labelText":"2","segment_id":"peaks.segment.7","user":"aida"},"peaks.point.32":{"time":674.652517,"labelText":"glad","segment_id":"peaks.segment.8","user":"aida"},"peaks.point.33":{"time":674.652517,"labelText":"easy","segment_id":"peaks.segment.8","user":"aida"},"peaks.point.34":{"time":674.652517,"labelText":"1","segment_id":"peaks.segment.8","user":"aida"},"peaks.point.35":{"time":674.659676,"labelText":"HeadShake","segment_id":"peaks.segment.8","user":"aida"},"peaks.point.36":{"time":735.320453,"labelText":"happy","segment_id":"peaks.segment.9","user":"aida"},"peaks.point.37":{"time":735.320453,"labelText":"easy","segment_id":"peaks.segment.9","user":"aida"},"peaks.point.38":{"time":735.320453,"labelText":"2","segment_id":"peaks.segment.9","user":"aida"},"peaks.point.39":{"time":735.320453,"labelText":"Smile","segment_id":"peaks.segment.9","user":"aida"},"peaks.point.40":{"time":239.86551,"labelText":"1","segment_id":"peaks.segment.0","user":"ikram"},"peaks.point.41":{"time":240.930844,"labelText":"easy","segment_id":"peaks.segment.0","user":"ikram"},"peaks.point.42":{"time":240.930844,"labelText":"happy","segment_id":"peaks.segment.0","user":"ikram"},"peaks.point.43":{"time":240.930844,"labelText":"Smile","segment_id":"peaks.segment.0","user":"ikram"},"peaks.point.44":{"time":258.990534,"labelText":"1","segment_id":"peaks.segment.1","user":"ikram"},"peaks.point.45":{"time":258.990534,"labelText":"easy","segment_id":"peaks.segment.1","user":"ikram"},"peaks.point.46":{"time":258.990534,"labelText":"loving","segment_id":"peaks.segment.1","user":"ikram"},"peaks.point.47":{"time":275.627002,"labelText":"-1","segment_id":"peaks.segment.2","user":"ikram"},"peaks.point.48":{"time":275.627002,"labelText":"easy","segment_id":"peaks.segment.2","user":"ikram"},"peaks.point.49":{"time":275.627002,"labelText":"sad","segment_id":"peaks.segment.2","user":"ikram"},"peaks.point.50":{"time":275.627002,"labelText":"HeadNod","segment_id":"peaks.segment.2","user":"ikram"},"peaks.point.51":{"time":297.358608,"labelText":"1","segment_id":"peaks.segment.3","user":"ikram"},"peaks.point.52":{"time":297.358608,"labelText":"easy","segment_id":"peaks.segment.3","user":"ikram"},"peaks.point.53":{"time":297.358608,"labelText":"happy","segment_id":"peaks.segment.3","user":"ikram"},"peaks.point.54":{"time":297.358608,"labelText":"Smile","segment_id":"peaks.segment.3","user":"ikram"},"peaks.point.55":{"time":316.511726,"labelText":"2","segment_id":"peaks.segment.4","user":"ikram"},"peaks.point.56":{"time":316.511726,"labelText":"hard","segment_id":"peaks.segment.4","user":"ikram"},"peaks.point.59":{"time":316.511726,"labelText":"loving","segment_id":"peaks.segment.4","user":"ikram"},"peaks.point.60":{"time":316.511726,"labelText":"HeadShake","segment_id":"peaks.segment.4","user":"ikram"},"peaks.point.61":{"time":324.628618,"labelText":"2","segment_id":"peaks.segment.5","user":"ikram"},"peaks.point.62":{"time":324.628618,"labelText":"easy","segment_id":"peaks.segment.5","user":"ikram"},"peaks.point.63":{"time":324.628618,"labelText":"loving","segment_id":"peaks.segment.5","user":"ikram"},"peaks.point.64":{"time":324.628618,"labelText":"HeadShake","segment_id":"peaks.segment.5","user":"ikram"},"peaks.point.65":{"time":496.399705,"labelText":"1","segment_id":"peaks.segment.6","user":"ikram"},"peaks.point.66":{"time":496.399705,"labelText":"easy","segment_id":"peaks.segment.6","user":"ikram"},"peaks.point.67":{"time":496.399705,"labelText":"loving","segment_id":"peaks.segment.6","user":"ikram"},"peaks.point.68":{"time":496.403319,"labelText":"HeadNod","segment_id":"peaks.segment.6","user":"ikram"},"peaks.point.69":{"time":572.16187,"labelText":"1","segment_id":"peaks.segment.7","user":"ikram"},"peaks.point.70":{"time":572.16187,"labelText":"easy","segment_id":"peaks.segment.7","user":"ikram"},"peaks.point.71":{"time":572.16187,"labelText":"loving","segment_id":"peaks.segment.7","user":"ikram"},"peaks.point.72":{"time":572.16187,"labelText":"HeadShake","segment_id":"peaks.segment.7","user":"ikram"},"peaks.point.73":{"time":674.653763,"labelText":"1","segment_id":"peaks.segment.8","user":"ikram"},"peaks.point.74":{"time":674.653763,"labelText":"easy","segment_id":"peaks.segment.8","user":"ikram"},"peaks.point.75":{"time":674.653763,"labelText":"glad","segment_id":"peaks.segment.8","user":"ikram"},"peaks.point.76":{"time":674.653763,"labelText":"HeadShake","segment_id":"peaks.segment.8","user":"ikram"},"peaks.point.77":{"time":735.332531,"labelText":"1","segment_id":"peaks.segment.9","user":"ikram"},"peaks.point.78":{"time":735.332531,"labelText":"easy","segment_id":"peaks.segment.9","user":"ikram"},"peaks.point.79":{"time":735.332531,"labelText":"happy","segment_id":"peaks.segment.9","user":"ikram"},"peaks.point.80":{"time":735.332531,"labelText":"Smile","segment_id":"peaks.segment.9","user":"ikram"}}