{"peaks.segment.0":{"startTime":62.991383,"endTime":65.88858},"peaks.segment.2":{"startTime":146.333605,"endTime":150.27953},"peaks.segment.3":{"startTime":221.453061,"endTime":222.665671},"peaks.segment.4":{"startTime":223.92743764172334,"endTime":227.869718},"peaks.segment.5":{"startTime":264.9745124716553,"endTime":266.059909},"peaks.segment.6":{"startTime":290.924263,"endTime":293.520823},"peaks.segment.7":{"startTime":304.098684,"endTime":307.196089},"peaks.segment.8":{"startTime":338.04916,"endTime":340.982665},"peaks.segment.9":{"startTime":370.562902,"endTime":371.642257},"peaks.segment.10":{"startTime":417.136326,"endTime":418.346666},"peaks.segment.11":{"startTime":420.599002,"endTime":421.970529},"peaks.segment.12":{"startTime":573.365986,"endTime":575.1669841269842},"peaks.segment.13":{"startTime":594.290068,"endTime":595.535215},"peaks.segment.14":{"startTime":596.72526,"endTime":598.966223}}
{"peaks.point.0":{"time":65.888868,"labelText":"-1","segment_id":"peaks.segment.0","user":"ikram"},"peaks.point.1":{"time":65.888868,"labelText":"easy","segment_id":"peaks.segment.0","user":"ikram"},"peaks.point.2":{"time":65.888868,"labelText":"sad","segment_id":"peaks.segment.0","user":"ikram"},"peaks.point.3":{"time":65.888868,"labelText":"HeadNod","segment_id":"peaks.segment.0","user":"ikram"},"peaks.point.4":{"time":134.704918,"labelText":"-1","segment_id":"peaks.segment.2","user":"ikram"},"peaks.point.5":{"time":134.716636,"labelText":"easy","segment_id":"peaks.segment.2","user":"ikram"},"peaks.point.6":{"time":134.716636,"labelText":"sad","segment_id":"peaks.segment.2","user":"ikram"},"peaks.point.7":{"time":134.716636,"labelText":"Frown","segment_id":"peaks.segment.2","user":"ikram"},"peaks.point.8":{"time":150.292985,"labelText":"-1","segment_id":"peaks.segment.3","user":"ikram"},"peaks.point.9":{"time":150.292985,"labelText":"easy","segment_id":"peaks.segment.3","user":"ikram"},"peaks.point.10":{"time":150.292985,"labelText":"sad","segment_id":"peaks.segment.3","user":"ikram"},"peaks.point.11":{"time":150.292985,"labelText":"HeadNod","segment_id":"peaks.segment.3","user":"ikram"},"peaks.point.12":{"time":222.673017,"labelText":"-2","segment_id":"peaks.segment.4","user":"ikram"},"peaks.point.13":{"time":222.673017,"labelText":"easy","segment_id":"peaks.segment.4","user":"ikram"},"peaks.point.14":{"time":222.673017,"labelText":"sad","segment_id":"peaks.segment.4","user":"ikram"},"peaks.point.15":{"time":222.673017,"labelText":"HeadNod","segment_id":"peaks.segment.4","user":"ikram"},"peaks.point.16":{"time":227.637976,"labelText":"1","segment_id":"peaks.segment.5","user":"ikram"},"peaks.point.17":{"time":227.886779,"labelText":"hard","segment_id":"peaks.segment.5","user":"ikram"},"peaks.point.18":{"time":227.886779,"labelText":"glad","segment_id":"peaks.segment.5","user":"ikram"},"peaks.point.19":{"time":227.886779,"labelText":"HeadNod","segment_id":"peaks.segment.5","user":"ikram"},"peaks.point.20":{"time":266.067182,"labelText":"-1","segment_id":"peaks.segment.6","user":"ikram"},"peaks.point.21":{"time":266.067182,"labelText":"hard","segment_id":"peaks.segment.6","user":"ikram"},"peaks.point.22":{"time":266.067182,"labelText":"sad","segment_id":"peaks.segment.6","user":"ikram"},"peaks.point.23":{"time":266.067182,"labelText":"HeadNod","segment_id":"peaks.segment.6","user":"ikram"},"peaks.point.24":{"time":293.524765,"labelText":"-1","segment_id":"peaks.segment.7","user":"ikram"},"peaks.point.25":{"time":293.524765,"labelText":"easy","segment_id":"peaks.segment.7","user":"ikram"},"peaks.point.26":{"time":293.524765,"labelText":"sad","segment_id":"peaks.segment.7","user":"ikram"},"peaks.point.27":{"time":293.524765,"labelText":"Frown","segment_id":"peaks.segment.7","user":"ikram"},"peaks.point.28":{"time":307.202865,"labelText":"-1","segment_id":"peaks.segment.8","user":"ikram"},"peaks.point.29":{"time":307.202865,"labelText":"easy","segment_id":"peaks.segment.8","user":"ikram"},"peaks.point.30":{"time":307.202865,"labelText":"sad","segment_id":"peaks.segment.8","user":"ikram"},"peaks.point.31":{"time":307.202865,"labelText":"Frown","segment_id":"peaks.segment.8","user":"ikram"},"peaks.point.32":{"time":340.994052,"labelText":"-2","segment_id":"peaks.segment.9","user":"ikram"},"peaks.point.33":{"time":340.994052,"labelText":"hard","segment_id":"peaks.segment.9","user":"ikram"},"peaks.point.34":{"time":340.994052,"labelText":"sad","segment_id":"peaks.segment.9","user":"ikram"},"peaks.point.35":{"time":340.994052,"labelText":"HeadShake","segment_id":"peaks.segment.9","user":"ikram"},"peaks.point.36":{"time":371.654159,"labelText":"0","segment_id":"peaks.segment.10","user":"ikram"},"peaks.point.37":{"time":371.654159,"labelText":"easy","segment_id":"peaks.segment.10","user":"ikram"},"peaks.point.38":{"time":371.654159,"labelText":"surprised","segment_id":"peaks.segment.10","user":"ikram"},"peaks.point.39":{"time":371.654159,"labelText":"HeadShake","segment_id":"peaks.segment.10","user":"ikram"},"peaks.point.40":{"time":418.35826,"labelText":"-1","segment_id":"peaks.segment.11","user":"ikram"},"peaks.point.41":{"time":418.35826,"labelText":"easy","segment_id":"peaks.segment.11","user":"ikram"},"peaks.point.42":{"time":418.35826,"labelText":"sad","segment_id":"peaks.segment.11","user":"ikram"},"peaks.point.43":{"time":418.350333,"labelText":"HeadNod","segment_id":"peaks.segment.11","user":"ikram"},"peaks.point.44":{"time":421.980646,"labelText":"-1","segment_id":"peaks.segment.12","user":"ikram"},"peaks.point.45":{"time":421.980646,"labelText":"easy","segment_id":"peaks.segment.12","user":"ikram"},"peaks.point.46":{"time":421.980646,"labelText":"sad","segment_id":"peaks.segment.12","user":"ikram"},"peaks.point.47":{"time":421.980646,"labelText":"Frown","segment_id":"peaks.segment.12","user":"ikram"},"peaks.point.48":{"time":575.1698866213152,"labelText":"1","segment_id":"peaks.segment.13","user":"ikram"},"peaks.point.49":{"time":575.164081632653,"labelText":"easy","segment_id":"peaks.segment.13","user":"ikram"},"peaks.point.50":{"time":575.161179138322,"labelText":"glad","segment_id":"peaks.segment.13","user":"ikram"},"peaks.point.51":{"time":575.164081632653,"labelText":"HeadNod","segment_id":"peaks.segment.13","user":"ikram"},"peaks.point.52":{"time":595.536114,"labelText":"-1","segment_id":"peaks.segment.14","user":"ikram"},"peaks.point.53":{"time":595.536114,"labelText":"easy","segment_id":"peaks.segment.14","user":"ikram"},"peaks.point.54":{"time":595.536114,"labelText":"sad","segment_id":"peaks.segment.14","user":"ikram"},"peaks.point.55":{"time":595.536114,"labelText":"HeadNod","segment_id":"peaks.segment.14","user":"ikram"},"peaks.point.60":{"time":65.889322,"labelText":"sad","segment_id":"peaks.segment.0","user":"aida"},"peaks.point.61":{"time":65.889322,"labelText":"hard","segment_id":"peaks.segment.0","user":"aida"},"peaks.point.62":{"time":65.889322,"labelText":"-1","segment_id":"peaks.segment.0","user":"aida"},"peaks.point.63":{"time":65.90103,"labelText":"HeadNod","segment_id":"peaks.segment.0","user":"aida"},"peaks.point.68":{"time":150.283316,"labelText":"HeadShake","segment_id":"peaks.segment.2","user":"aida"},"peaks.point.69":{"time":150.283316,"labelText":"sad","segment_id":"peaks.segment.2","user":"aida"},"peaks.point.70":{"time":150.283316,"labelText":"hard","segment_id":"peaks.segment.2","user":"aida"},"peaks.point.71":{"time":150.283316,"labelText":"-1","segment_id":"peaks.segment.2","user":"aida"},"peaks.point.72":{"time":222.659737,"labelText":"sad","segment_id":"peaks.segment.3","user":"aida"},"peaks.point.73":{"time":222.614924,"labelText":"HeadNod","segment_id":"peaks.segment.3","user":"aida"},"peaks.point.74":{"time":222.614924,"labelText":"easy","segment_id":"peaks.segment.3","user":"aida"},"peaks.point.75":{"time":222.614924,"labelText":"-1","segment_id":"peaks.segment.3","user":"aida"},"peaks.point.76":{"time":227.779377,"labelText":"sad","segment_id":"peaks.segment.4","user":"aida"},"peaks.point.77":{"time":225.930245,"labelText":"HeadNod","segment_id":"peaks.segment.4","user":"aida"},"peaks.point.78":{"time":227.781473,"labelText":"hard","segment_id":"peaks.segment.4","user":"aida"},"peaks.point.79":{"time":227.781473,"labelText":"-1","segment_id":"peaks.segment.4","user":"aida"},"peaks.point.80":{"time":266.067391,"labelText":"Smile","segment_id":"peaks.segment.5","user":"aida"},"peaks.point.81":{"time":266.067391,"labelText":"sad","segment_id":"peaks.segment.5","user":"aida"},"peaks.point.82":{"time":266.067391,"labelText":"hard","segment_id":"peaks.segment.5","user":"aida"},"peaks.point.83":{"time":266.067391,"labelText":"-1","segment_id":"peaks.segment.5","user":"aida"},"peaks.point.84":{"time":293.398433,"labelText":"sad","segment_id":"peaks.segment.6","user":"aida"},"peaks.point.85":{"time":293.430972,"labelText":"HeadShake","segment_id":"peaks.segment.6","user":"aida"},"peaks.point.86":{"time":293.430972,"labelText":"-1","segment_id":"peaks.segment.6","user":"aida"},"peaks.point.87":{"time":293.430972,"labelText":"hard","segment_id":"peaks.segment.6","user":"aida"},"peaks.point.88":{"time":307.167924,"labelText":"hating","segment_id":"peaks.segment.7","user":"aida"},"peaks.point.89":{"time":307.167924,"labelText":"easy","segment_id":"peaks.segment.7","user":"aida"},"peaks.point.90":{"time":307.167924,"labelText":"-1","segment_id":"peaks.segment.7","user":"aida"},"peaks.point.91":{"time":307.156494,"labelText":"HeadNod","segment_id":"peaks.segment.7","user":"aida"},"peaks.point.92":{"time":340.983061,"labelText":"sad","segment_id":"peaks.segment.8","user":"aida"},"peaks.point.93":{"time":340.983061,"labelText":"hard","segment_id":"peaks.segment.8","user":"aida"},"peaks.point.94":{"time":340.983061,"labelText":"-1","segment_id":"peaks.segment.8","user":"aida"},"peaks.point.95":{"time":340.983061,"labelText":"HeadShake","segment_id":"peaks.segment.8","user":"aida"},"peaks.point.96":{"time":371.652864,"labelText":"Smile","segment_id":"peaks.segment.9","user":"aida"},"peaks.point.97":{"time":371.652864,"labelText":"surprised","segment_id":"peaks.segment.9","user":"aida"},"peaks.point.98":{"time":371.652864,"labelText":"easy","segment_id":"peaks.segment.9","user":"aida"},"peaks.point.99":{"time":371.652864,"labelText":"1","segment_id":"peaks.segment.9","user":"aida"},"peaks.point.100":{"time":418.289777,"labelText":"sad","segment_id":"peaks.segment.10","user":"aida"},"peaks.point.101":{"time":418.289777,"labelText":"easy","segment_id":"peaks.segment.10","user":"aida"},"peaks.point.102":{"time":418.289777,"labelText":"-1","segment_id":"peaks.segment.10","user":"aida"},"peaks.point.103":{"time":418.316246,"labelText":"Smile","segment_id":"peaks.segment.10","user":"aida"},"peaks.point.104":{"time":421.976143,"labelText":"sad","segment_id":"peaks.segment.11","user":"aida"},"peaks.point.105":{"time":421.976143,"labelText":"hard","segment_id":"peaks.segment.11","user":"aida"},"peaks.point.106":{"time":421.976143,"labelText":"-1","segment_id":"peaks.segment.11","user":"aida"},"peaks.point.107":{"time":421.985585,"labelText":"HeadShake","segment_id":"peaks.segment.11","user":"aida"},"peaks.point.108":{"time":575.079328,"labelText":"glad","segment_id":"peaks.segment.12","user":"aida"},"peaks.point.109":{"time":575.079328,"labelText":"easy","segment_id":"peaks.segment.12","user":"aida"},"peaks.point.110":{"time":575.079328,"labelText":"1","segment_id":"peaks.segment.12","user":"aida"},"peaks.point.111":{"time":575.104953,"labelText":"Smile","segment_id":"peaks.segment.12","user":"aida"},"peaks.point.112":{"time":595.280945,"labelText":"sad","segment_id":"peaks.segment.13","user":"aida"},"peaks.point.113":{"time":595.459761,"labelText":"easy","segment_id":"peaks.segment.13","user":"aida"},"peaks.point.114":{"time":595.459761,"labelText":"-1","segment_id":"peaks.segment.13","user":"aida"},"peaks.point.115":{"time":595.469936,"labelText":"HeadNod","segment_id":"peaks.segment.13","user":"aida"},"peaks.point.116":{"time":598.446252,"labelText":"sad","segment_id":"peaks.segment.14","user":"aida"},"peaks.point.117":{"time":598.97273,"labelText":"easy","segment_id":"peaks.segment.14","user":"aida"},"peaks.point.118":{"time":598.97273,"labelText":"-2","segment_id":"peaks.segment.14","user":"aida"},"peaks.point.119":{"time":598.961568,"labelText":"HeadShake","segment_id":"peaks.segment.14","user":"aida"}}
