{"peaks.segment.0":{"startTime":3.603446,"endTime":5.04908},"peaks.segment.1":{"startTime":6.128616,"endTime":8.30984126984127},"peaks.segment.3":{"startTime":452.11979,"endTime":456.392399}}
{"peaks.point.0":{"time":5.059486,"labelText":"-1","segment_id":"peaks.segment.0","user":"ikram"},"peaks.point.1":{"time":5.059486,"labelText":"easy","segment_id":"peaks.segment.0","user":"ikram"},"peaks.point.2":{"time":5.059486,"labelText":"afraid","segment_id":"peaks.segment.0","user":"ikram"},"peaks.point.3":{"time":5.059933,"labelText":"HeadNod","segment_id":"peaks.segment.0","user":"ikram"},"peaks.point.4":{"time":8.315646258503401,"labelText":"-1","segment_id":"peaks.segment.1","user":"ikram"},"peaks.point.5":{"time":8.289523809523809,"labelText":"easy","segment_id":"peaks.segment.1","user":"ikram"},"peaks.point.6":{"time":8.301133786848073,"labelText":"afraid","segment_id":"peaks.segment.1","user":"ikram"},"peaks.point.7":{"time":8.320005,"labelText":"Frown","segment_id":"peaks.segment.1","user":"ikram"},"peaks.point.12":{"time":456.404834,"labelText":"-1","segment_id":"peaks.segment.3","user":"ikram"},"peaks.point.13":{"time":456.404834,"labelText":"easy","segment_id":"peaks.segment.3","user":"ikram"},"peaks.point.14":{"time":456.404834,"labelText":"disgust","segment_id":"peaks.segment.3","user":"ikram"},"peaks.point.15":{"time":455.930306,"labelText":"HeadShake","segment_id":"peaks.segment.3","user":"ikram"},"peaks.point.16":{"time":5.022461,"labelText":"afraid","segment_id":"peaks.segment.0","user":"aida"},"peaks.point.17":{"time":5.022461,"labelText":"easy","segment_id":"peaks.segment.0","user":"aida"},"peaks.point.19":{"time":5.022461,"labelText":"-2","segment_id":"peaks.segment.0","user":"aida"},"peaks.point.20":{"time":5.061047,"labelText":"Frown","segment_id":"peaks.segment.0","user":"aida"},"peaks.point.21":{"time":8.311023,"labelText":"afraid","segment_id":"peaks.segment.1","user":"aida"},"peaks.point.22":{"time":8.311023,"labelText":"easy","segment_id":"peaks.segment.1","user":"aida"},"peaks.point.23":{"time":8.311023,"labelText":"-1","segment_id":"peaks.segment.1","user":"aida"},"peaks.point.25":{"time":8.31743,"labelText":"Frown","segment_id":"peaks.segment.1","user":"aida"},"peaks.point.26":{"time":456.39909,"labelText":"sad","segment_id":"peaks.segment.3","user":"aida"},"peaks.point.27":{"time":456.39909,"labelText":"Frown","segment_id":"peaks.segment.3","user":"aida"},"peaks.point.29":{"time":456.39909,"labelText":"hard","segment_id":"peaks.segment.3","user":"aida"},"peaks.point.30":{"time":456.39909,"labelText":"-2","segment_id":"peaks.segment.3","user":"aida"}}