{"peaks.segment.0":{"startTime":13.204897,"endTime":15.236643},"peaks.segment.1":{"startTime":42.772607,"endTime":45.846763},"peaks.segment.2":{"startTime":174.644535,"endTime":177.580348},"peaks.segment.3":{"startTime":297.020571,"endTime":302.829676},"peaks.segment.5":{"startTime":553.405532,"endTime":554.700213}}
{"peaks.point.0":{"time":15.253776,"labelText":"1","segment_id":"peaks.segment.0","user":"ikram"},"peaks.point.1":{"time":15.253776,"labelText":"easy","segment_id":"peaks.segment.0","user":"ikram"},"peaks.point.2":{"time":15.253776,"labelText":"loving","segment_id":"peaks.segment.0","user":"ikram"},"peaks.point.3":{"time":15.242522,"labelText":"HeadNod","segment_id":"peaks.segment.0","user":"ikram"},"peaks.point.4":{"time":45.849874,"labelText":"1","segment_id":"peaks.segment.1","user":"ikram"},"peaks.point.5":{"time":45.849874,"labelText":"hard","segment_id":"peaks.segment.1","user":"ikram"},"peaks.point.6":{"time":45.862292,"labelText":"happy","segment_id":"peaks.segment.1","user":"ikram"},"peaks.point.7":{"time":45.862292,"labelText":"HeadNod","segment_id":"peaks.segment.1","user":"ikram"},"peaks.point.8":{"time":176.531744,"labelText":"1","segment_id":"peaks.segment.2","user":"ikram"},"peaks.point.9":{"time":177.58893,"labelText":"easy","segment_id":"peaks.segment.2","user":"ikram"},"peaks.point.10":{"time":177.58893,"labelText":"loving","segment_id":"peaks.segment.2","user":"ikram"},"peaks.point.11":{"time":177.58893,"labelText":"Smile","segment_id":"peaks.segment.2","user":"ikram"},"peaks.point.12":{"time":302.830936,"labelText":"1","segment_id":"peaks.segment.3","user":"ikram"},"peaks.point.13":{"time":302.830936,"labelText":"hard","segment_id":"peaks.segment.3","user":"ikram"},"peaks.point.14":{"time":302.830936,"labelText":"happy","segment_id":"peaks.segment.3","user":"ikram"},"peaks.point.15":{"time":302.830936,"labelText":"Smile","segment_id":"peaks.segment.3","user":"ikram"},"peaks.point.16":{"time":553.412707,"labelText":"2","segment_id":"peaks.segment.5","user":"ikram"},"peaks.point.17":{"time":553.412707,"labelText":"easy","segment_id":"peaks.segment.5","user":"ikram"},"peaks.point.18":{"time":553.412707,"labelText":"glad","segment_id":"peaks.segment.5","user":"ikram"},"peaks.point.19":{"time":553.185357,"labelText":"HeadNod","segment_id":"peaks.segment.5","user":"ikram"},"peaks.point.24":{"time":15.11693,"labelText":"loving","segment_id":"peaks.segment.0","user":"aida"},"peaks.point.25":{"time":15.196852,"labelText":"easy","segment_id":"peaks.segment.0","user":"aida"},"peaks.point.26":{"time":15.196852,"labelText":"1","segment_id":"peaks.segment.0","user":"aida"},"peaks.point.27":{"time":15.196852,"labelText":"Smile","segment_id":"peaks.segment.0","user":"aida"},"peaks.point.28":{"time":45.816637,"labelText":"glad","segment_id":"peaks.segment.1","user":"aida"},"peaks.point.29":{"time":45.816637,"labelText":"hard","segment_id":"peaks.segment.1","user":"aida"},"peaks.point.30":{"time":45.816637,"labelText":"2","segment_id":"peaks.segment.1","user":"aida"},"peaks.point.31":{"time":45.816637,"labelText":"Smile","segment_id":"peaks.segment.1","user":"aida"},"peaks.point.32":{"time":177.584486,"labelText":"loving","segment_id":"peaks.segment.2","user":"aida"},"peaks.point.33":{"time":177.584486,"labelText":"easy","segment_id":"peaks.segment.2","user":"aida"},"peaks.point.34":{"time":177.584486,"labelText":"2","segment_id":"peaks.segment.2","user":"aida"},"peaks.point.35":{"time":177.584486,"labelText":"Smile","segment_id":"peaks.segment.2","user":"aida"},"peaks.point.36":{"time":302.833372,"labelText":"loving","segment_id":"peaks.segment.3","user":"aida"},"peaks.point.37":{"time":302.833372,"labelText":"Smile","segment_id":"peaks.segment.3","user":"aida"},"peaks.point.38":{"time":302.833372,"labelText":"easy","segment_id":"peaks.segment.3","user":"aida"},"peaks.point.39":{"time":302.833372,"labelText":"2","segment_id":"peaks.segment.3","user":"aida"},"peaks.point.44":{"time":554.704477,"labelText":"glad","segment_id":"peaks.segment.5","user":"aida"},"peaks.point.45":{"time":554.704477,"labelText":"easy","segment_id":"peaks.segment.5","user":"aida"},"peaks.point.46":{"time":554.704477,"labelText":"2","segment_id":"peaks.segment.5","user":"aida"},"peaks.point.47":{"time":554.704477,"labelText":"Smile","segment_id":"peaks.segment.5","user":"aida"}}
