{"peaks.segment.0":{"startTime":78.250884,"endTime":81.498775},"peaks.segment.3":{"startTime":247.933605,"endTime":250.494543},"peaks.segment.4":{"startTime":303.269659,"endTime":305.466848}}
{"peaks.point.0":{"time":81.498775,"labelText":"funny","segment_id":"peaks.segment.0","user":"aida"},"peaks.point.1":{"time":81.498775,"labelText":"1","segment_id":"peaks.segment.0","user":"aida"},"peaks.point.2":{"time":81.498775,"labelText":"hard","segment_id":"peaks.segment.0","user":"aida"},"peaks.point.3":{"time":81.498775,"labelText":"Smile","segment_id":"peaks.segment.0","user":"aida"},"peaks.point.8":{"time":212.928808,"labelText":"interested","segment_id":"peaks.segment.3","user":"aida"},"peaks.point.9":{"time":212.928808,"labelText":"hard","segment_id":"peaks.segment.3","user":"aida"},"peaks.point.10":{"time":212.928808,"labelText":"Frown","segment_id":"peaks.segment.3","user":"aida"},"peaks.point.11":{"time":212.928808,"labelText":"0","segment_id":"peaks.segment.3","user":"aida"},"peaks.point.12":{"time":250.494543,"labelText":"loving","segment_id":"peaks.segment.4","user":"aida"},"peaks.point.13":{"time":250.494543,"labelText":"HeadShake","segment_id":"peaks.segment.4","user":"aida"},"peaks.point.14":{"time":250.494543,"labelText":"easy","segment_id":"peaks.segment.4","user":"aida"},"peaks.point.15":{"time":250.494543,"labelText":"2","segment_id":"peaks.segment.4","user":"aida"},"peaks.point.20":{"time":305.481307,"labelText":"-1","segment_id":"peaks.segment.4","user":"ikram"},"peaks.point.21":{"time":305.481307,"labelText":"easy","segment_id":"peaks.segment.4","user":"ikram"},"peaks.point.22":{"time":305.481307,"labelText":"hating","segment_id":"peaks.segment.4","user":"ikram"},"peaks.point.23":{"time":305.466881,"labelText":"Frown","segment_id":"peaks.segment.4","user":"ikram"},"peaks.point.24":{"time":249.650347,"labelText":"1","segment_id":"peaks.segment.3","user":"ikram"},"peaks.point.25":{"time":250.502759,"labelText":"hard","segment_id":"peaks.segment.3","user":"ikram"},"peaks.point.26":{"time":250.502759,"labelText":"happy","segment_id":"peaks.segment.3","user":"ikram"},"peaks.point.27":{"time":250.50752,"labelText":"Smile","segment_id":"peaks.segment.3","user":"ikram"},"peaks.point.28":{"time":81.504178,"labelText":"0","segment_id":"peaks.segment.0","user":"ikram"},"peaks.point.29":{"time":81.504178,"labelText":"hard","segment_id":"peaks.segment.0","user":"ikram"},"peaks.point.30":{"time":81.504178,"labelText":"funny","segment_id":"peaks.segment.0","user":"ikram"},"peaks.point.31":{"time":81.504178,"labelText":"Smile","segment_id":"peaks.segment.0","user":"ikram"}}
