{"peaks.segment.0":{"startTime":86.516099,"endTime":88.025945},"peaks.segment.1":{"startTime":113.819863,"endTime":116.533588},"peaks.segment.2":{"startTime":338.809614,"endTime":341.08517},"peaks.segment.3":{"startTime":347.180408,"endTime":348.578485},"peaks.segment.4":{"startTime":349.365986,"endTime":351.946813}}
{"peaks.point.0":{"time":88.027464,"labelText":"-1","segment_id":"peaks.segment.0","user":"ikram"},"peaks.point.1":{"time":88.027464,"labelText":"easy","segment_id":"peaks.segment.0","user":"ikram"},"peaks.point.2":{"time":88.027464,"labelText":"hating","segment_id":"peaks.segment.0","user":"ikram"},"peaks.point.3":{"time":88.038937,"labelText":"Frown","segment_id":"peaks.segment.0","user":"ikram"},"peaks.point.4":{"time":116.545628,"labelText":"1","segment_id":"peaks.segment.1","user":"ikram"},"peaks.point.5":{"time":116.545628,"labelText":"easy","segment_id":"peaks.segment.1","user":"ikram"},"peaks.point.6":{"time":116.545628,"labelText":"loving","segment_id":"peaks.segment.1","user":"ikram"},"peaks.point.7":{"time":116.54716,"labelText":"HeadNod","segment_id":"peaks.segment.1","user":"ikram"},"peaks.point.8":{"time":341.085507,"labelText":"-1","segment_id":"peaks.segment.2","user":"ikram"},"peaks.point.9":{"time":341.085507,"labelText":"easy","segment_id":"peaks.segment.2","user":"ikram"},"peaks.point.10":{"time":341.085507,"labelText":"angry","segment_id":"peaks.segment.2","user":"ikram"},"peaks.point.11":{"time":341.088908,"labelText":"HeadNod","segment_id":"peaks.segment.2","user":"ikram"},"peaks.point.12":{"time":348.59244,"labelText":"-1","segment_id":"peaks.segment.3","user":"ikram"},"peaks.point.13":{"time":348.59244,"labelText":"hard","segment_id":"peaks.segment.3","user":"ikram"},"peaks.point.14":{"time":348.59244,"labelText":"angry","segment_id":"peaks.segment.3","user":"ikram"},"peaks.point.15":{"time":348.59244,"labelText":"Frown","segment_id":"peaks.segment.3","user":"ikram"},"peaks.point.16":{"time":351.096343,"labelText":"-1","segment_id":"peaks.segment.4","user":"ikram"},"peaks.point.17":{"time":351.953513,"labelText":"hard","segment_id":"peaks.segment.4","user":"ikram"},"peaks.point.18":{"time":351.953513,"labelText":"angry","segment_id":"peaks.segment.4","user":"ikram"},"peaks.point.19":{"time":351.951642,"labelText":"HeadNod","segment_id":"peaks.segment.4","user":"ikram"},"peaks.point.20":{"time":87.965538,"labelText":"hating","segment_id":"peaks.segment.0","user":"aida"},"peaks.point.21":{"time":87.965538,"labelText":"easy","segment_id":"peaks.segment.0","user":"aida"},"peaks.point.22":{"time":87.965538,"labelText":"-1","segment_id":"peaks.segment.0","user":"aida"},"peaks.point.23":{"time":87.995588,"labelText":"HeadShake","segment_id":"peaks.segment.0","user":"aida"},"peaks.point.28":{"time":115.869153,"labelText":"loving","segment_id":"peaks.segment.1","user":"aida"},"peaks.point.29":{"time":116.549085,"labelText":"1","segment_id":"peaks.segment.1","user":"aida"},"peaks.point.30":{"time":116.549085,"labelText":"easy","segment_id":"peaks.segment.1","user":"aida"},"peaks.point.31":{"time":116.549085,"labelText":"HeadShake","segment_id":"peaks.segment.1","user":"aida"},"peaks.point.32":{"time":341.042264,"labelText":"angry","segment_id":"peaks.segment.2","user":"aida"},"peaks.point.34":{"time":341.042264,"labelText":"-1","segment_id":"peaks.segment.2","user":"aida"},"peaks.point.35":{"time":341.045933,"labelText":"HeadShake","segment_id":"peaks.segment.2","user":"aida"},"peaks.point.36":{"time":349.303851,"labelText":"angry","segment_id":"peaks.segment.3","user":"aida"},"peaks.point.38":{"time":349.303851,"labelText":"-1","segment_id":"peaks.segment.3","user":"aida"},"peaks.point.39":{"time":349.303851,"labelText":"HeadShake","segment_id":"peaks.segment.3","user":"aida"},"peaks.point.40":{"time":351.890308,"labelText":"angry","segment_id":"peaks.segment.4","user":"aida"},"peaks.point.42":{"time":351.890308,"labelText":"-1","segment_id":"peaks.segment.4","user":"aida"},"peaks.point.43":{"time":351.847992,"labelText":"HeadShake","segment_id":"peaks.segment.4","user":"aida"},"peaks.point.44":{"time":351.847992,"labelText":"hard","segment_id":"peaks.segment.4","user":"aida"},"peaks.point.45":{"time":351.847992,"labelText":"hard","segment_id":"peaks.segment.3","user":"aida"},"peaks.point.46":{"time":341.098362,"labelText":"hard","segment_id":"peaks.segment.2","user":"aida"}}