{"peaks.segment.0":{"startTime":295.81351473922905,"endTime":301.938213},"peaks.segment.2":{"startTime":314.120997,"endTime":319.969606},"peaks.segment.3":{"startTime":320.631292,"endTime":322.773333},"peaks.segment.4":{"startTime":354.515011,"endTime":359.7844897959184},"peaks.segment.6":{"startTime":417.882267,"endTime":420.668959},"peaks.segment.7":{"startTime":420.810884,"endTime":422.158214},"peaks.segment.8":{"startTime":463.74075,"endTime":467.953197},"peaks.segment.9":{"startTime":473.285079,"endTime":477.040907},"peaks.segment.13":{"startTime":533.488616,"endTime":534.304428},"peaks.segment.14":{"startTime":551.525318,"endTime":554.174565},"peaks.segment.15":{"startTime":565.334784,"endTime":566.587431}}
{"peaks.point.0":{"time":301.231243,"labelText":"-1","segment_id":"peaks.segment.0","user":"ikram"},"peaks.point.1":{"time":301.940967,"labelText":"hard","segment_id":"peaks.segment.0","user":"ikram"},"peaks.point.2":{"time":301.940967,"labelText":"sad","segment_id":"peaks.segment.0","user":"ikram"},"peaks.point.3":{"time":301.940967,"labelText":"HeadNod","segment_id":"peaks.segment.0","user":"ikram"},"peaks.point.4":{"time":310.423644,"labelText":"-1","segment_id":"peaks.segment.2","user":"ikram"},"peaks.point.5":{"time":310.423644,"labelText":"easy","segment_id":"peaks.segment.2","user":"ikram"},"peaks.point.6":{"time":310.423644,"labelText":"sad","segment_id":"peaks.segment.2","user":"ikram"},"peaks.point.7":{"time":310.41358,"labelText":"HeadNod","segment_id":"peaks.segment.2","user":"ikram"},"peaks.point.8":{"time":319.97134,"labelText":"-1","segment_id":"peaks.segment.3","user":"ikram"},"peaks.point.9":{"time":319.97134,"labelText":"easy","segment_id":"peaks.segment.3","user":"ikram"},"peaks.point.10":{"time":319.97134,"labelText":"sad","segment_id":"peaks.segment.3","user":"ikram"},"peaks.point.11":{"time":319.97134,"labelText":"HeadShake","segment_id":"peaks.segment.3","user":"ikram"},"peaks.point.12":{"time":322.782495,"labelText":"-1","segment_id":"peaks.segment.4","user":"ikram"},"peaks.point.13":{"time":322.782495,"labelText":"easy","segment_id":"peaks.segment.4","user":"ikram"},"peaks.point.14":{"time":322.782495,"labelText":"sad","segment_id":"peaks.segment.4","user":"ikram"},"peaks.point.15":{"time":322.785159,"labelText":"Frown","segment_id":"peaks.segment.4","user":"ikram"},"peaks.point.16":{"time":357.082972,"labelText":"-1","segment_id":"peaks.segment.6","user":"ikram"},"peaks.point.17":{"time":359.156413,"labelText":"easy","segment_id":"peaks.segment.6","user":"ikram"},"peaks.point.18":{"time":359.802487,"labelText":"sad","segment_id":"peaks.segment.6","user":"ikram"},"peaks.point.19":{"time":359.795305,"labelText":"HeadNod","segment_id":"peaks.segment.6","user":"ikram"},"peaks.point.20":{"time":405.68565,"labelText":"-1","segment_id":"peaks.segment.7","user":"ikram"},"peaks.point.21":{"time":405.68565,"labelText":"easy","segment_id":"peaks.segment.7","user":"ikram"},"peaks.point.22":{"time":405.68565,"labelText":"sad","segment_id":"peaks.segment.7","user":"ikram"},"peaks.point.23":{"time":405.68565,"labelText":"HeadNod","segment_id":"peaks.segment.7","user":"ikram"},"peaks.point.24":{"time":420.505866,"labelText":"-1","segment_id":"peaks.segment.8","user":"ikram"},"peaks.point.25":{"time":420.67374,"labelText":"easy","segment_id":"peaks.segment.8","user":"ikram"},"peaks.point.26":{"time":420.67374,"labelText":"sad","segment_id":"peaks.segment.8","user":"ikram"},"peaks.point.27":{"time":420.676752,"labelText":"Frown","segment_id":"peaks.segment.8","user":"ikram"},"peaks.point.28":{"time":422.166134,"labelText":"-1","segment_id":"peaks.segment.9","user":"ikram"},"peaks.point.29":{"time":422.166134,"labelText":"easy","segment_id":"peaks.segment.9","user":"ikram"},"peaks.point.30":{"time":422.166134,"labelText":"sad","segment_id":"peaks.segment.9","user":"ikram"},"peaks.point.31":{"time":422.166134,"labelText":"Frown","segment_id":"peaks.segment.9","user":"ikram"},"peaks.point.32":{"time":467.96061,"labelText":"-1","segment_id":"peaks.segment.13","user":"ikram"},"peaks.point.33":{"time":467.96061,"labelText":"easy","segment_id":"peaks.segment.13","user":"ikram"},"peaks.point.34":{"time":467.96061,"labelText":"sad","segment_id":"peaks.segment.13","user":"ikram"},"peaks.point.35":{"time":467.959556,"labelText":"HeadNod","segment_id":"peaks.segment.13","user":"ikram"},"peaks.point.36":{"time":477.043112,"labelText":"-1","segment_id":"peaks.segment.14","user":"ikram"},"peaks.point.37":{"time":477.043112,"labelText":"easy","segment_id":"peaks.segment.14","user":"ikram"},"peaks.point.38":{"time":477.043112,"labelText":"sad","segment_id":"peaks.segment.14","user":"ikram"},"peaks.point.39":{"time":477.043112,"labelText":"HeadNod","segment_id":"peaks.segment.14","user":"ikram"},"peaks.point.40":{"time":484.411768,"labelText":"-1","segment_id":"peaks.segment.15","user":"ikram"},"peaks.point.41":{"time":484.411768,"labelText":"hard","segment_id":"peaks.segment.15","user":"ikram"},"peaks.point.64":{"time":301.820275,"labelText":"sad","segment_id":"peaks.segment.0","user":"aida"},"peaks.point.65":{"time":301.820275,"labelText":"easy","segment_id":"peaks.segment.0","user":"aida"},"peaks.point.66":{"time":301.820275,"labelText":"-1","segment_id":"peaks.segment.0","user":"aida"},"peaks.point.67":{"time":301.952575,"labelText":"HeadShake","segment_id":"peaks.segment.0","user":"aida"},"peaks.point.72":{"time":317.601644,"labelText":"sad","segment_id":"peaks.segment.2","user":"aida"},"peaks.point.73":{"time":319.859794,"labelText":"hard","segment_id":"peaks.segment.2","user":"aida"},"peaks.point.74":{"time":319.981116,"labelText":"HeadShake","segment_id":"peaks.segment.2","user":"aida"},"peaks.point.75":{"time":319.981116,"labelText":"-1","segment_id":"peaks.segment.2","user":"aida"},"peaks.point.76":{"time":322.787045,"labelText":"sad","segment_id":"peaks.segment.3","user":"aida"},"peaks.point.77":{"time":322.787045,"labelText":"hard","segment_id":"peaks.segment.3","user":"aida"},"peaks.point.78":{"time":322.787045,"labelText":"-1","segment_id":"peaks.segment.3","user":"aida"},"peaks.point.79":{"time":322.784517,"labelText":"HeadShake","segment_id":"peaks.segment.3","user":"aida"},"peaks.point.80":{"time":359.681193,"labelText":"sad","segment_id":"peaks.segment.4","user":"aida"},"peaks.point.81":{"time":359.681193,"labelText":"easy","segment_id":"peaks.segment.4","user":"aida"},"peaks.point.82":{"time":359.681193,"labelText":"-1","segment_id":"peaks.segment.4","user":"aida"},"peaks.point.83":{"time":359.34119,"labelText":"HeadShake","segment_id":"peaks.segment.4","user":"aida"},"peaks.point.88":{"time":420.654946,"labelText":"Frown","segment_id":"peaks.segment.6","user":"aida"},"peaks.point.89":{"time":420.654946,"labelText":"sad","segment_id":"peaks.segment.6","user":"aida"},"peaks.point.90":{"time":420.654946,"labelText":"hard","segment_id":"peaks.segment.6","user":"aida"},"peaks.point.91":{"time":420.654946,"labelText":"-1","segment_id":"peaks.segment.6","user":"aida"},"peaks.point.92":{"time":422.160124,"labelText":"HeadShake","segment_id":"peaks.segment.7","user":"aida"},"peaks.point.93":{"time":422.160124,"labelText":"sad","segment_id":"peaks.segment.7","user":"aida"},"peaks.point.94":{"time":422.160124,"labelText":"hard","segment_id":"peaks.segment.7","user":"aida"},"peaks.point.95":{"time":422.160124,"labelText":"-1","segment_id":"peaks.segment.7","user":"aida"},"peaks.point.96":{"time":467.979306,"labelText":"HeadNod","segment_id":"peaks.segment.8","user":"aida"},"peaks.point.97":{"time":467.979306,"labelText":"sad","segment_id":"peaks.segment.8","user":"aida"},"peaks.point.98":{"time":467.979306,"labelText":"easy","segment_id":"peaks.segment.8","user":"aida"},"peaks.point.99":{"time":467.979306,"labelText":"-2","segment_id":"peaks.segment.8","user":"aida"},"peaks.point.100":{"time":477.057542,"labelText":"HeadShake","segment_id":"peaks.segment.9","user":"aida"},"peaks.point.101":{"time":477.057542,"labelText":"hating","segment_id":"peaks.segment.9","user":"aida"},"peaks.point.102":{"time":477.057542,"labelText":"easy","segment_id":"peaks.segment.9","user":"aida"},"peaks.point.103":{"time":477.057542,"labelText":"-2","segment_id":"peaks.segment.9","user":"aida"},"peaks.point.116":{"time":534.319373,"labelText":"sad","segment_id":"peaks.segment.13","user":"aida"},"peaks.point.117":{"time":534.319373,"labelText":"easy","segment_id":"peaks.segment.13","user":"aida"},"peaks.point.118":{"time":534.319373,"labelText":"-1","segment_id":"peaks.segment.13","user":"aida"},"peaks.point.119":{"time":534.304754,"labelText":"Frown","segment_id":"peaks.segment.13","user":"aida"},"peaks.point.120":{"time":554.178639,"labelText":"glad","segment_id":"peaks.segment.14","user":"aida"},"peaks.point.121":{"time":554.178639,"labelText":"easy","segment_id":"peaks.segment.14","user":"aida"},"peaks.point.122":{"time":554.178639,"labelText":"1","segment_id":"peaks.segment.14","user":"aida"},"peaks.point.123":{"time":554.185625,"labelText":"HeadNod","segment_id":"peaks.segment.14","user":"aida"},"peaks.point.124":{"time":566.53131,"labelText":"glad","segment_id":"peaks.segment.15","user":"aida"},"peaks.point.125":{"time":566.53131,"labelText":"easy","segment_id":"peaks.segment.15","user":"aida"},"peaks.point.126":{"time":566.53131,"labelText":"1","segment_id":"peaks.segment.15","user":"aida"},"peaks.point.127":{"time":566.53131,"labelText":"HeadNod","segment_id":"peaks.segment.15","user":"aida"}}
