{"peaks.segment.0":{"startTime":93.37034013605442,"endTime":99.863672},"peaks.segment.1":{"startTime":283.06721,"endTime":286.547821},"peaks.segment.2":{"startTime":296.868571,"endTime":298.78538},"peaks.segment.4":{"startTime":361.114298,"endTime":363.202176}}
{"peaks.point.0":{"time":99.874833,"labelText":"-2","segment_id":"peaks.segment.0","user":"ikram"},"peaks.point.1":{"time":99.874833,"labelText":"easy","segment_id":"peaks.segment.0","user":"ikram"},"peaks.point.2":{"time":99.874833,"labelText":"sad","segment_id":"peaks.segment.0","user":"ikram"},"peaks.point.3":{"time":99.62436,"labelText":"HeadShake","segment_id":"peaks.segment.0","user":"ikram"},"peaks.point.4":{"time":286.551599,"labelText":"-1","segment_id":"peaks.segment.1","user":"ikram"},"peaks.point.5":{"time":286.551599,"labelText":"easy","segment_id":"peaks.segment.1","user":"ikram"},"peaks.point.6":{"time":286.555093,"labelText":"sad","segment_id":"peaks.segment.1","user":"ikram"},"peaks.point.7":{"time":286.561318,"labelText":"HeadNod","segment_id":"peaks.segment.1","user":"ikram"},"peaks.point.8":{"time":298.795746,"labelText":"-1","segment_id":"peaks.segment.2","user":"ikram"},"peaks.point.9":{"time":298.795746,"labelText":"hard","segment_id":"peaks.segment.2","user":"ikram"},"peaks.point.10":{"time":298.795746,"labelText":"sad","segment_id":"peaks.segment.2","user":"ikram"},"peaks.point.11":{"time":298.795746,"labelText":"Frown","segment_id":"peaks.segment.2","user":"ikram"},"peaks.point.12":{"time":336.84567,"labelText":"-1","segment_id":"peaks.segment.4","user":"ikram"},"peaks.point.13":{"time":338.326245,"labelText":"easy","segment_id":"peaks.segment.4","user":"ikram"},"peaks.point.14":{"time":339.010605,"labelText":"sad","segment_id":"peaks.segment.4","user":"ikram"},"peaks.point.15":{"time":339.010605,"labelText":"Frown","segment_id":"peaks.segment.4","user":"ikram"},"peaks.point.20":{"time":99.877841,"labelText":"sad","segment_id":"peaks.segment.0","user":"aida"},"peaks.point.21":{"time":99.877841,"labelText":"hard","segment_id":"peaks.segment.0","user":"aida"},"peaks.point.22":{"time":99.877841,"labelText":"-1","segment_id":"peaks.segment.0","user":"aida"},"peaks.point.23":{"time":99.877841,"labelText":"Frown","segment_id":"peaks.segment.0","user":"aida"},"peaks.point.24":{"time":286.563914,"labelText":"surprised","segment_id":"peaks.segment.1","user":"aida"},"peaks.point.25":{"time":286.563914,"labelText":"hard","segment_id":"peaks.segment.1","user":"aida"},"peaks.point.26":{"time":286.563914,"labelText":"-2","segment_id":"peaks.segment.1","user":"aida"},"peaks.point.27":{"time":288.138928,"labelText":"HeadNod","segment_id":"peaks.segment.1","user":"aida"},"peaks.point.29":{"time":298.426232,"labelText":"sad","segment_id":"peaks.segment.2","user":"aida"},"peaks.point.30":{"time":298.796149,"labelText":"Frown","segment_id":"peaks.segment.2","user":"aida"},"peaks.point.31":{"time":298.796149,"labelText":"hard","segment_id":"peaks.segment.2","user":"aida"},"peaks.point.32":{"time":298.796149,"labelText":"-1","segment_id":"peaks.segment.2","user":"aida"},"peaks.point.37":{"time":363.206969,"labelText":"sad","segment_id":"peaks.segment.4","user":"aida"},"peaks.point.38":{"time":363.206969,"labelText":"easy","segment_id":"peaks.segment.4","user":"aida"},"peaks.point.39":{"time":363.206969,"labelText":"-2","segment_id":"peaks.segment.4","user":"aida"},"peaks.point.40":{"time":363.076533,"labelText":"HeadShake","segment_id":"peaks.segment.4","user":"aida"}}
