{"peaks.segment.0":{"startTime":23.796099,"endTime":25.363446},"peaks.segment.1":{"startTime":43.577175,"endTime":45.855854},"peaks.segment.2":{"startTime":262.384035,"endTime":264.593808}}
{"peaks.point.0":{"time":25.366411,"labelText":"0","segment_id":"peaks.segment.0","user":"ikram"},"peaks.point.1":{"time":25.366411,"labelText":"hard","segment_id":"peaks.segment.0","user":"ikram"},"peaks.point.2":{"time":25.366411,"labelText":"surprised","segment_id":"peaks.segment.0","user":"ikram"},"peaks.point.3":{"time":45.872739,"labelText":"1","segment_id":"peaks.segment.1","user":"ikram"},"peaks.point.4":{"time":45.872739,"labelText":"easy","segment_id":"peaks.segment.1","user":"ikram"},"peaks.point.5":{"time":45.872739,"labelText":"loving","segment_id":"peaks.segment.1","user":"ikram"},"peaks.point.6":{"time":45.867735,"labelText":"Smile","segment_id":"peaks.segment.1","user":"ikram"},"peaks.point.7":{"time":264.608196,"labelText":"1","segment_id":"peaks.segment.2","user":"ikram"},"peaks.point.8":{"time":264.608196,"labelText":"easy","segment_id":"peaks.segment.2","user":"ikram"},"peaks.point.9":{"time":264.608196,"labelText":"excited","segment_id":"peaks.segment.2","user":"ikram"},"peaks.point.10":{"time":25.364624,"labelText":"HeadShake","segment_id":"peaks.segment.0","user":"ikram"},"peaks.point.11":{"time":264.607378,"labelText":"HeadNod","segment_id":"peaks.segment.2","user":"ikram"},"peaks.point.12":{"time":25.372595,"labelText":"interested","segment_id":"peaks.segment.0","user":"aida"},"peaks.point.13":{"time":25.372595,"labelText":"easy","segment_id":"peaks.segment.0","user":"aida"},"peaks.point.14":{"time":25.372595,"labelText":"1","segment_id":"peaks.segment.0","user":"aida"},"peaks.point.15":{"time":25.372595,"labelText":"HeadShake","segment_id":"peaks.segment.0","user":"aida"},"peaks.point.16":{"time":45.670989,"labelText":"loving","segment_id":"peaks.segment.1","user":"aida"},"peaks.point.17":{"time":45.670989,"labelText":"easy","segment_id":"peaks.segment.1","user":"aida"},"peaks.point.18":{"time":45.670989,"labelText":"2","segment_id":"peaks.segment.1","user":"aida"},"peaks.point.19":{"time":45.823181,"labelText":"HeadShake","segment_id":"peaks.segment.1","user":"aida"},"peaks.point.20":{"time":264.600248,"labelText":"excited","segment_id":"peaks.segment.2","user":"aida"},"peaks.point.21":{"time":264.600248,"labelText":"easy","segment_id":"peaks.segment.2","user":"aida"},"peaks.point.22":{"time":264.600248,"labelText":"1","segment_id":"peaks.segment.2","user":"aida"},"peaks.point.23":{"time":264.600248,"labelText":"HeadShake","segment_id":"peaks.segment.2","user":"aida"}}