{"peaks.segment.0":{"startTime":59.691247,"endTime":62.510344},"peaks.segment.1":{"startTime":53.122902,"endTime":54.615693},"peaks.segment.2":{"startTime":94.338321,"endTime":96.125669},"peaks.segment.3":{"startTime":89.006439,"endTime":93.851339},"peaks.segment.4":{"startTime":165.325375,"endTime":167.330505},"peaks.segment.5":{"startTime":187.810249,"endTime":188.986453}}
{"peaks.point.0":{"time":62.525119,"labelText":"-1","segment_id":"peaks.segment.0","user":"ikram"},"peaks.point.1":{"time":62.525119,"labelText":"hard","segment_id":"peaks.segment.0","user":"ikram"},"peaks.point.2":{"time":62.517172,"labelText":"disgust","segment_id":"peaks.segment.0","user":"ikram"},"peaks.point.3":{"time":62.517172,"labelText":"Frown","segment_id":"peaks.segment.0","user":"ikram"},"peaks.point.4":{"time":54.620115,"labelText":"-1","segment_id":"peaks.segment.1","user":"ikram"},"peaks.point.5":{"time":54.620115,"labelText":"easy","segment_id":"peaks.segment.1","user":"ikram"},"peaks.point.6":{"time":54.620115,"labelText":"sad","segment_id":"peaks.segment.1","user":"ikram"},"peaks.point.7":{"time":54.626262,"labelText":"HeadNod","segment_id":"peaks.segment.1","user":"ikram"},"peaks.point.8":{"time":96.130546,"labelText":"1","segment_id":"peaks.segment.2","user":"ikram"},"peaks.point.9":{"time":96.130546,"labelText":"easy","segment_id":"peaks.segment.2","user":"ikram"},"peaks.point.10":{"time":96.130546,"labelText":"happy","segment_id":"peaks.segment.2","user":"ikram"},"peaks.point.11":{"time":96.130546,"labelText":"HeadNod","segment_id":"peaks.segment.2","user":"ikram"},"peaks.point.12":{"time":91.481653,"labelText":"1","segment_id":"peaks.segment.3","user":"ikram"},"peaks.point.13":{"time":93.206704,"labelText":"easy","segment_id":"peaks.segment.3","user":"ikram"},"peaks.point.14":{"time":93.85833,"labelText":"happy","segment_id":"peaks.segment.3","user":"ikram"},"peaks.point.15":{"time":92.990368,"labelText":"HeadNod","segment_id":"peaks.segment.3","user":"ikram"},"peaks.point.16":{"time":167.339924,"labelText":"-1","segment_id":"peaks.segment.4","user":"ikram"},"peaks.point.17":{"time":167.339924,"labelText":"easy","segment_id":"peaks.segment.4","user":"ikram"},"peaks.point.18":{"time":167.339924,"labelText":"sad","segment_id":"peaks.segment.4","user":"ikram"},"peaks.point.19":{"time":167.339924,"labelText":"HeadNod","segment_id":"peaks.segment.4","user":"ikram"},"peaks.point.20":{"time":188.993203,"labelText":"-1","segment_id":"peaks.segment.5","user":"ikram"},"peaks.point.21":{"time":188.993203,"labelText":"hard","segment_id":"peaks.segment.5","user":"ikram"},"peaks.point.22":{"time":188.992305,"labelText":"sad","segment_id":"peaks.segment.5","user":"ikram"},"peaks.point.23":{"time":188.992305,"labelText":"Frown","segment_id":"peaks.segment.5","user":"ikram"},"peaks.point.24":{"time":65.030647,"labelText":"sad","segment_id":"peaks.segment.0","user":"aida"},"peaks.point.25":{"time":65.030647,"labelText":"hard","segment_id":"peaks.segment.0","user":"aida"},"peaks.point.26":{"time":65.030647,"labelText":"-1","segment_id":"peaks.segment.0","user":"aida"},"peaks.point.27":{"time":61.789995,"labelText":"Frown","segment_id":"peaks.segment.0","user":"aida"},"peaks.point.28":{"time":54.566497,"labelText":"sad","segment_id":"peaks.segment.1","user":"aida"},"peaks.point.29":{"time":54.566497,"labelText":"easy","segment_id":"peaks.segment.1","user":"aida"},"peaks.point.30":{"time":54.566497,"labelText":"-1","segment_id":"peaks.segment.1","user":"aida"},"peaks.point.31":{"time":54.572473,"labelText":"Frown","segment_id":"peaks.segment.1","user":"aida"},"peaks.point.32":{"time":96.048951,"labelText":"happy","segment_id":"peaks.segment.2","user":"aida"},"peaks.point.33":{"time":96.048951,"labelText":"easy","segment_id":"peaks.segment.2","user":"aida"},"peaks.point.34":{"time":96.048951,"labelText":"1","segment_id":"peaks.segment.2","user":"aida"},"peaks.point.35":{"time":96.033271,"labelText":"HeadShake","segment_id":"peaks.segment.2","user":"aida"},"peaks.point.36":{"time":90.834344,"labelText":"happy","segment_id":"peaks.segment.3","user":"aida"},"peaks.point.37":{"time":92.528793,"labelText":"easy","segment_id":"peaks.segment.3","user":"aida"},"peaks.point.38":{"time":93.865703,"labelText":"2","segment_id":"peaks.segment.3","user":"aida"},"peaks.point.39":{"time":93.865703,"labelText":"HeadShake","segment_id":"peaks.segment.3","user":"aida"},"peaks.point.40":{"time":167.303829,"labelText":"sad","segment_id":"peaks.segment.4","user":"aida"},"peaks.point.41":{"time":167.303829,"labelText":"-1","segment_id":"peaks.segment.4","user":"aida"},"peaks.point.42":{"time":167.303829,"labelText":"hard","segment_id":"peaks.segment.4","user":"aida"},"peaks.point.43":{"time":167.317127,"labelText":"HeadShake","segment_id":"peaks.segment.4","user":"aida"},"peaks.point.44":{"time":189.004335,"labelText":"sad","segment_id":"peaks.segment.5","user":"aida"},"peaks.point.45":{"time":189.004335,"labelText":"hard","segment_id":"peaks.segment.5","user":"aida"},"peaks.point.46":{"time":189.004335,"labelText":"-1","segment_id":"peaks.segment.5","user":"aida"},"peaks.point.47":{"time":189.004335,"labelText":"HeadShake","segment_id":"peaks.segment.5","user":"aida"}}