{"peaks.segment.0":{"startTime":312.373696,"endTime":315.629457},"peaks.segment.1":{"startTime":413.237461,"endTime":414.704036},"peaks.segment.2":{"startTime":424.14585,"endTime":428.778231},"peaks.segment.3":{"startTime":428.786938,"endTime":429.994376}}
{"peaks.point.0":{"time":314.835057,"labelText":"1","segment_id":"peaks.segment.0","user":"ikram"},"peaks.point.1":{"time":315.630631,"labelText":"hard","segment_id":"peaks.segment.0","user":"ikram"},"peaks.point.2":{"time":315.630631,"labelText":"funny","segment_id":"peaks.segment.0","user":"ikram"},"peaks.point.3":{"time":315.630631,"labelText":"Smile","segment_id":"peaks.segment.0","user":"ikram"},"peaks.point.4":{"time":414.708011,"labelText":"-1","segment_id":"peaks.segment.1","user":"ikram"},"peaks.point.5":{"time":414.708011,"labelText":"easy","segment_id":"peaks.segment.1","user":"ikram"},"peaks.point.6":{"time":414.708011,"labelText":"afraid","segment_id":"peaks.segment.1","user":"ikram"},"peaks.point.7":{"time":428.783022,"labelText":"1","segment_id":"peaks.segment.2","user":"ikram"},"peaks.point.8":{"time":428.783022,"labelText":"easy","segment_id":"peaks.segment.2","user":"ikram"},"peaks.point.9":{"time":428.783022,"labelText":"happy","segment_id":"peaks.segment.2","user":"ikram"},"peaks.point.10":{"time":428.793373,"labelText":"HeadNod","segment_id":"peaks.segment.2","user":"ikram"},"peaks.point.11":{"time":430.007419,"labelText":"1","segment_id":"peaks.segment.3","user":"ikram"},"peaks.point.12":{"time":430.007419,"labelText":"easy","segment_id":"peaks.segment.3","user":"ikram"},"peaks.point.13":{"time":430.007419,"labelText":"glad","segment_id":"peaks.segment.3","user":"ikram"},"peaks.point.14":{"time":430.001524,"labelText":"HeadShake","segment_id":"peaks.segment.3","user":"ikram"},"peaks.point.15":{"time":315.640381,"labelText":"funny","segment_id":"peaks.segment.0","user":"aida"},"peaks.point.16":{"time":315.640381,"labelText":"easy","segment_id":"peaks.segment.0","user":"aida"},"peaks.point.17":{"time":315.454693877551,"labelText":"1","segment_id":"peaks.segment.0","user":"aida"},"peaks.point.18":{"time":315.4401814058957,"labelText":"Smile","segment_id":"peaks.segment.0","user":"aida"},"peaks.point.19":{"time":414.678706,"labelText":"afraid","segment_id":"peaks.segment.1","user":"aida"},"peaks.point.20":{"time":414.678706,"labelText":"easy","segment_id":"peaks.segment.1","user":"aida"},"peaks.point.21":{"time":414.678706,"labelText":"-1","segment_id":"peaks.segment.1","user":"aida"},"peaks.point.22":{"time":414.687581,"labelText":"Frown","segment_id":"peaks.segment.1","user":"aida"},"peaks.point.23":{"time":428.78505,"labelText":"happy","segment_id":"peaks.segment.2","user":"aida"},"peaks.point.24":{"time":428.78505,"labelText":"easy","segment_id":"peaks.segment.2","user":"aida"},"peaks.point.25":{"time":428.78505,"labelText":"2","segment_id":"peaks.segment.2","user":"aida"},"peaks.point.26":{"time":428.770032,"labelText":"HeadNod","segment_id":"peaks.segment.2","user":"aida"},"peaks.point.27":{"time":429.97795,"labelText":"glad","segment_id":"peaks.segment.3","user":"aida"},"peaks.point.28":{"time":429.97795,"labelText":"easy","segment_id":"peaks.segment.3","user":"aida"},"peaks.point.29":{"time":429.97795,"labelText":"1","segment_id":"peaks.segment.3","user":"aida"},"peaks.point.30":{"time":429.97795,"labelText":"HeadShake","segment_id":"peaks.segment.3","user":"aida"}}