{"peaks.segment.0":{"startTime":70.224814,"endTime":72.700605},"peaks.segment.1":{"startTime":76.132063,"endTime":79.402823},"peaks.segment.2":{"startTime":81.5804081632653,"endTime":84.731338},"peaks.segment.3":{"startTime":90.470385,"endTime":92.432471},"peaks.segment.4":{"startTime":104.445895,"endTime":107.571882},"peaks.segment.5":{"startTime":109.338946,"endTime":118.401088},"peaks.segment.6":{"startTime":129.759207,"endTime":133.325714},"peaks.segment.7":{"startTime":283.1383219954649,"endTime":287.541148},"peaks.segment.8":{"startTime":346.598095,"endTime":350.685233},"peaks.segment.9":{"startTime":483.479727,"endTime":487.290702},"peaks.segment.10":{"startTime":506.174331,"endTime":507.822947},"peaks.segment.11":{"startTime":691.0142403628118,"endTime":695.509841},"peaks.segment.12":{"startTime":713.850702,"endTime":716.393287},"peaks.segment.13":{"startTime":742.344489,"endTime":745.165714},"peaks.segment.14":{"startTime":745.212154,"endTime":748.460045},"peaks.segment.15":{"startTime":748.596462,"endTime":750.914698},"peaks.segment.16":{"startTime":751.054875,"endTime":753.515299}}
{"peaks.point.0":{"time":72.700605,"labelText":"loving","segment_id":"peaks.segment.0","user":"aida"},"peaks.point.1":{"time":72.700605,"labelText":"easy","segment_id":"peaks.segment.0","user":"aida"},"peaks.point.2":{"time":72.700605,"labelText":"1","segment_id":"peaks.segment.0","user":"aida"},"peaks.point.3":{"time":72.675264,"labelText":"Smile","segment_id":"peaks.segment.0","user":"aida"},"peaks.point.4":{"time":79.402823,"labelText":"loving","segment_id":"peaks.segment.1","user":"aida"},"peaks.point.5":{"time":79.402823,"labelText":"easy","segment_id":"peaks.segment.1","user":"aida"},"peaks.point.6":{"time":79.402823,"labelText":"1","segment_id":"peaks.segment.1","user":"aida"},"peaks.point.7":{"time":79.418132,"labelText":"HeadShake","segment_id":"peaks.segment.1","user":"aida"},"peaks.point.8":{"time":84.731338,"labelText":"sad","segment_id":"peaks.segment.2","user":"aida"},"peaks.point.9":{"time":84.731338,"labelText":"easy","segment_id":"peaks.segment.2","user":"aida"},"peaks.point.10":{"time":84.731338,"labelText":"-1","segment_id":"peaks.segment.2","user":"aida"},"peaks.point.11":{"time":84.731338,"labelText":"Frown","segment_id":"peaks.segment.2","user":"aida"},"peaks.point.12":{"time":92.432471,"labelText":"sad","segment_id":"peaks.segment.3","user":"aida"},"peaks.point.13":{"time":92.432471,"labelText":"easy","segment_id":"peaks.segment.3","user":"aida"},"peaks.point.14":{"time":92.432471,"labelText":"-1","segment_id":"peaks.segment.3","user":"aida"},"peaks.point.15":{"time":92.434691,"labelText":"HeadNod","segment_id":"peaks.segment.3","user":"aida"},"peaks.point.16":{"time":107.571882,"labelText":"hating","segment_id":"peaks.segment.4","user":"aida"},"peaks.point.17":{"time":107.571882,"labelText":"easy","segment_id":"peaks.segment.4","user":"aida"},"peaks.point.18":{"time":107.571882,"labelText":"-1","segment_id":"peaks.segment.4","user":"aida"},"peaks.point.19":{"time":107.529691,"labelText":"HeadShake","segment_id":"peaks.segment.4","user":"aida"},"peaks.point.20":{"time":118.401088,"labelText":"loving","segment_id":"peaks.segment.5","user":"aida"},"peaks.point.21":{"time":118.401088,"labelText":"3","segment_id":"peaks.segment.5","user":"aida"},"peaks.point.22":{"time":118.401088,"labelText":"easy","segment_id":"peaks.segment.5","user":"aida"},"peaks.point.23":{"time":113.668212,"labelText":"HeadShake","segment_id":"peaks.segment.5","user":"aida"},"peaks.point.24":{"time":133.325714,"labelText":"loving","segment_id":"peaks.segment.6","user":"aida"},"peaks.point.25":{"time":133.337391,"labelText":"Frown","segment_id":"peaks.segment.6","user":"aida"},"peaks.point.26":{"time":133.337391,"labelText":"easy","segment_id":"peaks.segment.6","user":"aida"},"peaks.point.27":{"time":133.706865,"labelText":"2","segment_id":"peaks.segment.6","user":"aida"},"peaks.point.28":{"time":287.541148,"labelText":"surprised","segment_id":"peaks.segment.7","user":"aida"},"peaks.point.29":{"time":287.541148,"labelText":"easy","segment_id":"peaks.segment.7","user":"aida"},"peaks.point.30":{"time":287.541148,"labelText":"0","segment_id":"peaks.segment.7","user":"aida"},"peaks.point.31":{"time":287.364569,"labelText":"HeadShake","segment_id":"peaks.segment.7","user":"aida"},"peaks.point.32":{"time":350.685233,"labelText":"hating","segment_id":"peaks.segment.8","user":"aida"},"peaks.point.33":{"time":350.685233,"labelText":"easy","segment_id":"peaks.segment.8","user":"aida"},"peaks.point.34":{"time":350.685233,"labelText":"-2","segment_id":"peaks.segment.8","user":"aida"},"peaks.point.35":{"time":349.839755,"labelText":"Frown","segment_id":"peaks.segment.8","user":"aida"},"peaks.point.36":{"time":487.290702,"labelText":"hating","segment_id":"peaks.segment.9","user":"aida"},"peaks.point.37":{"time":487.290702,"labelText":"easy","segment_id":"peaks.segment.9","user":"aida"},"peaks.point.38":{"time":487.290702,"labelText":"-2","segment_id":"peaks.segment.9","user":"aida"},"peaks.point.39":{"time":486.764772,"labelText":"HeadShake","segment_id":"peaks.segment.9","user":"aida"},"peaks.point.40":{"time":507.822947,"labelText":"hating","segment_id":"peaks.segment.10","user":"aida"},"peaks.point.41":{"time":507.822947,"labelText":"easy","segment_id":"peaks.segment.10","user":"aida"},"peaks.point.42":{"time":507.822947,"labelText":"-1","segment_id":"peaks.segment.10","user":"aida"},"peaks.point.43":{"time":507.828195,"labelText":"HeadShake","segment_id":"peaks.segment.10","user":"aida"},"peaks.point.44":{"time":695.509841,"labelText":"hating","segment_id":"peaks.segment.11","user":"aida"},"peaks.point.45":{"time":695.509841,"labelText":"easy","segment_id":"peaks.segment.11","user":"aida"},"peaks.point.46":{"time":695.509841,"labelText":"-1","segment_id":"peaks.segment.11","user":"aida"},"peaks.point.47":{"time":695.509841,"labelText":"Frown","segment_id":"peaks.segment.11","user":"aida"},"peaks.point.48":{"time":715.802075,"labelText":"bored","segment_id":"peaks.segment.12","user":"aida"},"peaks.point.49":{"time":716.347506,"labelText":"Frown","segment_id":"peaks.segment.12","user":"aida"},"peaks.point.50":{"time":716.347506,"labelText":"hard","segment_id":"peaks.segment.12","user":"aida"},"peaks.point.51":{"time":716.347506,"labelText":"-1","segment_id":"peaks.segment.12","user":"aida"},"peaks.point.52":{"time":745.165714,"labelText":"sad","segment_id":"peaks.segment.13","user":"aida"},"peaks.point.53":{"time":745.165714,"labelText":"-1","segment_id":"peaks.segment.13","user":"aida"},"peaks.point.54":{"time":745.165714,"labelText":"easy","segment_id":"peaks.segment.13","user":"aida"},"peaks.point.55":{"time":745.128757,"labelText":"HeadShake","segment_id":"peaks.segment.13","user":"aida"},"peaks.point.56":{"time":746.157581,"labelText":"sorry","segment_id":"peaks.segment.14","user":"aida"},"peaks.point.57":{"time":748.33285,"labelText":"HeadShake","segment_id":"peaks.segment.14","user":"aida"},"peaks.point.58":{"time":748.33285,"labelText":"-1","segment_id":"peaks.segment.14","user":"aida"},"peaks.point.59":{"time":748.33285,"labelText":"easy","segment_id":"peaks.segment.14","user":"aida"},"peaks.point.60":{"time":750.914698,"labelText":"angry","segment_id":"peaks.segment.15","user":"aida"},"peaks.point.61":{"time":750.914698,"labelText":"easy","segment_id":"peaks.segment.15","user":"aida"},"peaks.point.62":{"time":750.914698,"labelText":"-1","segment_id":"peaks.segment.15","user":"aida"},"peaks.point.63":{"time":750.914698,"labelText":"HeadShake","segment_id":"peaks.segment.15","user":"aida"},"peaks.point.64":{"time":753.515299,"labelText":"nervous","segment_id":"peaks.segment.16","user":"aida"},"peaks.point.65":{"time":753.515299,"labelText":"easy","segment_id":"peaks.segment.16","user":"aida"},"peaks.point.66":{"time":753.515299,"labelText":"-1","segment_id":"peaks.segment.16","user":"aida"},"peaks.point.67":{"time":753.515299,"labelText":"HeadShake","segment_id":"peaks.segment.16","user":"aida"},"peaks.point.68":{"time":72.719421,"labelText":"1","segment_id":"peaks.segment.0","user":"ikram"},"peaks.point.69":{"time":72.719421,"labelText":"easy","segment_id":"peaks.segment.0","user":"ikram"},"peaks.point.70":{"time":72.719421,"labelText":"loving","segment_id":"peaks.segment.0","user":"ikram"},"peaks.point.71":{"time":72.707784,"labelText":"Smile","segment_id":"peaks.segment.0","user":"ikram"},"peaks.point.72":{"time":79.412996,"labelText":"1","segment_id":"peaks.segment.1","user":"ikram"},"peaks.point.73":{"time":79.412996,"labelText":"easy","segment_id":"peaks.segment.1","user":"ikram"},"peaks.point.74":{"time":79.412996,"labelText":"loving","segment_id":"peaks.segment.1","user":"ikram"},"peaks.point.75":{"time":79.30955,"labelText":"HeadNod","segment_id":"peaks.segment.1","user":"ikram"},"peaks.point.76":{"time":83.317461,"labelText":"-1","segment_id":"peaks.segment.2","user":"ikram"},"peaks.point.77":{"time":84.706067,"labelText":"hard","segment_id":"peaks.segment.2","user":"ikram"},"peaks.point.78":{"time":84.746564,"labelText":"sad","segment_id":"peaks.segment.2","user":"ikram"},"peaks.point.79":{"time":84.741125,"labelText":"Frown","segment_id":"peaks.segment.2","user":"ikram"},"peaks.point.80":{"time":92.448938,"labelText":"-1","segment_id":"peaks.segment.3","user":"ikram"},"peaks.point.81":{"time":92.448938,"labelText":"easy","segment_id":"peaks.segment.3","user":"ikram"},"peaks.point.82":{"time":92.448938,"labelText":"sad","segment_id":"peaks.segment.3","user":"ikram"},"peaks.point.83":{"time":92.448938,"labelText":"HeadNod","segment_id":"peaks.segment.3","user":"ikram"},"peaks.point.84":{"time":107.572775,"labelText":"-1","segment_id":"peaks.segment.4","user":"ikram"},"peaks.point.85":{"time":107.572775,"labelText":"easy","segment_id":"peaks.segment.4","user":"ikram"},"peaks.point.86":{"time":107.572775,"labelText":"sad","segment_id":"peaks.segment.4","user":"ikram"},"peaks.point.87":{"time":107.572775,"labelText":"Frown","segment_id":"peaks.segment.4","user":"ikram"},"peaks.point.88":{"time":111.450734,"labelText":"1","segment_id":"peaks.segment.5","user":"ikram"},"peaks.point.89":{"time":112.439437,"labelText":"easy","segment_id":"peaks.segment.5","user":"ikram"},"peaks.point.90":{"time":112.129055,"labelText":"loving","segment_id":"peaks.segment.5","user":"ikram"},"peaks.point.91":{"time":113.683614,"labelText":"HeadShake","segment_id":"peaks.segment.5","user":"ikram"},"peaks.point.92":{"time":133.337073,"labelText":"2","segment_id":"peaks.segment.6","user":"ikram"},"peaks.point.93":{"time":133.337073,"labelText":"easy","segment_id":"peaks.segment.6","user":"ikram"},"peaks.point.94":{"time":133.337073,"labelText":"loving","segment_id":"peaks.segment.6","user":"ikram"},"peaks.point.95":{"time":133.339945,"labelText":"HeadNod","segment_id":"peaks.segment.6","user":"ikram"},"peaks.point.96":{"time":287.550408,"labelText":"0","segment_id":"peaks.segment.7","user":"ikram"},"peaks.point.97":{"time":287.550408,"labelText":"easy","segment_id":"peaks.segment.7","user":"ikram"},"peaks.point.98":{"time":287.550408,"labelText":"surprised","segment_id":"peaks.segment.7","user":"ikram"},"peaks.point.99":{"time":287.555216,"labelText":"HeadShake","segment_id":"peaks.segment.7","user":"ikram"},"peaks.point.100":{"time":350.692027,"labelText":"-1","segment_id":"peaks.segment.8","user":"ikram"},"peaks.point.101":{"time":350.692027,"labelText":"easy","segment_id":"peaks.segment.8","user":"ikram"},"peaks.point.102":{"time":350.692027,"labelText":"hating","segment_id":"peaks.segment.8","user":"ikram"},"peaks.point.103":{"time":350.692027,"labelText":"Frown","segment_id":"peaks.segment.8","user":"ikram"},"peaks.point.104":{"time":487.301654,"labelText":"-1","segment_id":"peaks.segment.9","user":"ikram"},"peaks.point.105":{"time":487.301654,"labelText":"easy","segment_id":"peaks.segment.9","user":"ikram"},"peaks.point.106":{"time":487.301654,"labelText":"hating","segment_id":"peaks.segment.9","user":"ikram"},"peaks.point.107":{"time":486.521836,"labelText":"HeadShake","segment_id":"peaks.segment.9","user":"ikram"},"peaks.point.108":{"time":507.828988,"labelText":"-1","segment_id":"peaks.segment.10","user":"ikram"},"peaks.point.109":{"time":507.828988,"labelText":"easy","segment_id":"peaks.segment.10","user":"ikram"},"peaks.point.110":{"time":507.828988,"labelText":"hating","segment_id":"peaks.segment.10","user":"ikram"},"peaks.point.111":{"time":507.828988,"labelText":"Frown","segment_id":"peaks.segment.10","user":"ikram"},"peaks.point.112":{"time":695.523278,"labelText":"-1","segment_id":"peaks.segment.11","user":"ikram"},"peaks.point.113":{"time":695.523278,"labelText":"easy","segment_id":"peaks.segment.11","user":"ikram"},"peaks.point.114":{"time":695.523278,"labelText":"sad","segment_id":"peaks.segment.11","user":"ikram"},"peaks.point.115":{"time":692.538662,"labelText":"HeadShake","segment_id":"peaks.segment.11","user":"ikram"},"peaks.point.116":{"time":716.303242,"labelText":"-1","segment_id":"peaks.segment.12","user":"ikram"},"peaks.point.117":{"time":716.40784,"labelText":"easy","segment_id":"peaks.segment.12","user":"ikram"},"peaks.point.118":{"time":716.40784,"labelText":"sad","segment_id":"peaks.segment.12","user":"ikram"},"peaks.point.119":{"time":716.40784,"labelText":"Frown","segment_id":"peaks.segment.12","user":"ikram"},"peaks.point.120":{"time":745.166017,"labelText":"-1","segment_id":"peaks.segment.13","user":"ikram"},"peaks.point.121":{"time":745.166017,"labelText":"easy","segment_id":"peaks.segment.13","user":"ikram"},"peaks.point.122":{"time":745.166017,"labelText":"sad","segment_id":"peaks.segment.13","user":"ikram"},"peaks.point.123":{"time":747.897637,"labelText":"-1","segment_id":"peaks.segment.14","user":"ikram"},"peaks.point.124":{"time":748.477509,"labelText":"easy","segment_id":"peaks.segment.14","user":"ikram"},"peaks.point.125":{"time":748.477509,"labelText":"sad","segment_id":"peaks.segment.14","user":"ikram"},"peaks.point.126":{"time":748.477509,"labelText":"HeadNod","segment_id":"peaks.segment.14","user":"ikram"},"peaks.point.127":{"time":750.50888,"labelText":"-1","segment_id":"peaks.segment.15","user":"ikram"},"peaks.point.128":{"time":750.92198,"labelText":"easy","segment_id":"peaks.segment.15","user":"ikram"},"peaks.point.129":{"time":750.92198,"labelText":"angry","segment_id":"peaks.segment.15","user":"ikram"},"peaks.point.130":{"time":750.92198,"labelText":"HeadNod","segment_id":"peaks.segment.15","user":"ikram"},"peaks.point.131":{"time":753.524905,"labelText":"-1","segment_id":"peaks.segment.16","user":"ikram"},"peaks.point.132":{"time":753.524905,"labelText":"easy","segment_id":"peaks.segment.16","user":"ikram"},"peaks.point.133":{"time":753.524905,"labelText":"nervous","segment_id":"peaks.segment.16","user":"ikram"},"peaks.point.134":{"time":753.524905,"labelText":"HeadNod","segment_id":"peaks.segment.16","user":"ikram"},"peaks.point.135":{"time":745.166027,"labelText":"HeadNod","segment_id":"peaks.segment.13","user":"ikram"}}