{"peaks.segment.0":{"startTime":6.495782,"endTime":8.396439},"peaks.segment.1":{"startTime":86.402009,"endTime":87.25768707482993},"peaks.segment.2":{"startTime":406.369523,"endTime":409.023782},"peaks.segment.3":{"startTime":441.35909297052154,"endTime":442.5636281179138},"peaks.segment.4":{"startTime":87.405494,"endTime":89.719943}}
{"peaks.point.0":{"time":8.396783,"labelText":"1","segment_id":"peaks.segment.0","user":"ikram"},"peaks.point.1":{"time":8.396783,"labelText":"hard","segment_id":"peaks.segment.0","user":"ikram"},"peaks.point.2":{"time":8.396783,"labelText":"funny","segment_id":"peaks.segment.0","user":"ikram"},"peaks.point.3":{"time":8.396783,"labelText":"Smile","segment_id":"peaks.segment.0","user":"ikram"},"peaks.point.4":{"time":87.273838,"labelText":"1","segment_id":"peaks.segment.1","user":"ikram"},"peaks.point.5":{"time":87.273838,"labelText":"hard","segment_id":"peaks.segment.1","user":"ikram"},"peaks.point.6":{"time":87.273838,"labelText":"funny","segment_id":"peaks.segment.1","user":"ikram"},"peaks.point.7":{"time":87.273838,"labelText":"HeadNod","segment_id":"peaks.segment.1","user":"ikram"},"peaks.point.8":{"time":409.034292,"labelText":"1","segment_id":"peaks.segment.2","user":"ikram"},"peaks.point.9":{"time":409.034292,"labelText":"easy","segment_id":"peaks.segment.2","user":"ikram"},"peaks.point.10":{"time":409.034292,"labelText":"loving","segment_id":"peaks.segment.2","user":"ikram"},"peaks.point.11":{"time":409.038267,"labelText":"HeadShake","segment_id":"peaks.segment.2","user":"ikram"},"peaks.point.12":{"time":442.5636281179138,"labelText":"1","segment_id":"peaks.segment.3","user":"ikram"},"peaks.point.13":{"time":442.56072562358275,"labelText":"hard","segment_id":"peaks.segment.3","user":"ikram"},"peaks.point.14":{"time":442.5636281179138,"labelText":"happy","segment_id":"peaks.segment.3","user":"ikram"},"peaks.point.15":{"time":442.56072562358275,"labelText":"Smile","segment_id":"peaks.segment.3","user":"ikram"},"peaks.point.16":{"time":89.720557,"labelText":"1","segment_id":"peaks.segment.4","user":"ikram"},"peaks.point.17":{"time":89.720557,"labelText":"hard","segment_id":"peaks.segment.4","user":"ikram"},"peaks.point.18":{"time":89.720557,"labelText":"funny","segment_id":"peaks.segment.4","user":"ikram"},"peaks.point.19":{"time":89.720557,"labelText":"Smile","segment_id":"peaks.segment.4","user":"ikram"},"peaks.point.20":{"time":8.05696,"labelText":"funny","segment_id":"peaks.segment.4","user":"aida"},"peaks.point.21":{"time":8.05696,"labelText":"easy","segment_id":"peaks.segment.4","user":"aida"},"peaks.point.22":{"time":8.05696,"labelText":"2","segment_id":"peaks.segment.4","user":"aida"},"peaks.point.23":{"time":8.05696,"labelText":"Smile","segment_id":"peaks.segment.4","user":"aida"},"peaks.point.24":{"time":87.271007,"labelText":"funny","segment_id":"peaks.segment.1","user":"aida"},"peaks.point.25":{"time":87.271007,"labelText":"easy","segment_id":"peaks.segment.1","user":"aida"},"peaks.point.26":{"time":87.271007,"labelText":"1","segment_id":"peaks.segment.1","user":"aida"},"peaks.point.27":{"time":87.271007,"labelText":"Smile","segment_id":"peaks.segment.1","user":"aida"},"peaks.point.28":{"time":408.825369,"labelText":"loving","segment_id":"peaks.segment.2","user":"aida"},"peaks.point.29":{"time":409.041594,"labelText":"easy","segment_id":"peaks.segment.2","user":"aida"},"peaks.point.30":{"time":409.041594,"labelText":"2","segment_id":"peaks.segment.2","user":"aida"},"peaks.point.31":{"time":409.037934,"labelText":"HeadShake","segment_id":"peaks.segment.2","user":"aida"},"peaks.point.33":{"time":442.528255,"labelText":"easy","segment_id":"peaks.segment.3","user":"aida"},"peaks.point.34":{"time":442.528255,"labelText":"1","segment_id":"peaks.segment.3","user":"aida"},"peaks.point.35":{"time":442.528255,"labelText":"Smile","segment_id":"peaks.segment.3","user":"aida"},"peaks.point.40":{"time":442.53861,"labelText":"proud","segment_id":"peaks.segment.3","user":"aida"},"peaks.point.41":{"time":8.40316,"labelText":"funny","segment_id":"peaks.segment.0","user":"aida"},"peaks.point.42":{"time":8.40316,"labelText":"easy","segment_id":"peaks.segment.0","user":"aida"},"peaks.point.43":{"time":8.40316,"labelText":"2","segment_id":"peaks.segment.0","user":"aida"},"peaks.point.44":{"time":8.40316,"labelText":"Smile","segment_id":"peaks.segment.0","user":"aida"}}