{"peaks.segment.0":{"startTime":57.572426,"endTime":60.352983},"peaks.segment.1":{"startTime":143.431111,"endTime":145.135083},"peaks.segment.2":{"startTime":208.298956,"endTime":210.247821},"peaks.segment.3":{"startTime":356.210068,"endTime":358.46721}}
{"peaks.point.0":{"time":60.361533,"labelText":"-1","segment_id":"peaks.segment.0","user":"ikram"},"peaks.point.1":{"time":60.361533,"labelText":"easy","segment_id":"peaks.segment.0","user":"ikram"},"peaks.point.2":{"time":60.361533,"labelText":"sad","segment_id":"peaks.segment.0","user":"ikram"},"peaks.point.3":{"time":60.35577,"labelText":"HeadShake","segment_id":"peaks.segment.0","user":"ikram"},"peaks.point.4":{"time":145.14514,"labelText":"0","segment_id":"peaks.segment.1","user":"ikram"},"peaks.point.5":{"time":145.14514,"labelText":"hard","segment_id":"peaks.segment.1","user":"ikram"},"peaks.point.6":{"time":145.14514,"labelText":"surprised","segment_id":"peaks.segment.1","user":"ikram"},"peaks.point.7":{"time":145.14514,"labelText":"HeadNod","segment_id":"peaks.segment.1","user":"ikram"},"peaks.point.8":{"time":210.25289,"labelText":"1","segment_id":"peaks.segment.2","user":"ikram"},"peaks.point.9":{"time":210.25289,"labelText":"hard","segment_id":"peaks.segment.2","user":"ikram"},"peaks.point.10":{"time":210.25289,"labelText":"surprised","segment_id":"peaks.segment.2","user":"ikram"},"peaks.point.11":{"time":210.25289,"labelText":"Smile","segment_id":"peaks.segment.2","user":"ikram"},"peaks.point.12":{"time":358.470816,"labelText":"0","segment_id":"peaks.segment.3","user":"ikram"},"peaks.point.13":{"time":358.470816,"labelText":"hard","segment_id":"peaks.segment.3","user":"ikram"},"peaks.point.14":{"time":358.470816,"labelText":"funny","segment_id":"peaks.segment.3","user":"ikram"},"peaks.point.15":{"time":358.470816,"labelText":"Smile","segment_id":"peaks.segment.3","user":"ikram"},"peaks.point.16":{"time":60.344572,"labelText":"sad","segment_id":"peaks.segment.0","user":"aida"},"peaks.point.17":{"time":60.344572,"labelText":"hard","segment_id":"peaks.segment.0","user":"aida"},"peaks.point.18":{"time":60.344572,"labelText":"-2","segment_id":"peaks.segment.0","user":"aida"},"peaks.point.19":{"time":60.344572,"labelText":"Frown","segment_id":"peaks.segment.0","user":"aida"},"peaks.point.20":{"time":358.475984,"labelText":"funny","segment_id":"peaks.segment.3","user":"aida"},"peaks.point.21":{"time":358.475984,"labelText":"easy","segment_id":"peaks.segment.3","user":"aida"},"peaks.point.22":{"time":358.475984,"labelText":"2","segment_id":"peaks.segment.3","user":"aida"},"peaks.point.23":{"time":358.475984,"labelText":"Smile","segment_id":"peaks.segment.3","user":"aida"},"peaks.point.30":{"time":210.255298,"labelText":"surprised","segment_id":"peaks.segment.2","user":"aida"},"peaks.point.31":{"time":210.255298,"labelText":"easy","segment_id":"peaks.segment.2","user":"aida"},"peaks.point.32":{"time":210.255298,"labelText":"1","segment_id":"peaks.segment.2","user":"aida"},"peaks.point.33":{"time":210.255298,"labelText":"Smile","segment_id":"peaks.segment.2","user":"aida"},"peaks.point.34":{"time":145.093617,"labelText":"surprised","segment_id":"peaks.segment.1","user":"aida"},"peaks.point.35":{"time":145.093617,"labelText":"hard","segment_id":"peaks.segment.1","user":"aida"},"peaks.point.36":{"time":145.093617,"labelText":"0","segment_id":"peaks.segment.1","user":"aida"},"peaks.point.37":{"time":145.093617,"labelText":"HeadNod","segment_id":"peaks.segment.1","user":"aida"}}