{"peaks.segment.1":{"startTime":256.471655,"endTime":258.788843},"peaks.segment.2":{"startTime":259.914013,"endTime":261.5466666666667},"peaks.segment.3":{"startTime":339.691972,"endTime":349.296289},"peaks.segment.4":{"startTime":367.126349,"endTime":370.5324263038549}}
{"peaks.point.0":{"time":247.684117,"labelText":"-1","segment_id":"peaks.segment.1","user":"ikram"},"peaks.point.1":{"time":247.684117,"labelText":"hard","segment_id":"peaks.segment.1","user":"ikram"},"peaks.point.2":{"time":247.684117,"labelText":"surprised","segment_id":"peaks.segment.1","user":"ikram"},"peaks.point.3":{"time":247.684117,"labelText":"HeadShake","segment_id":"peaks.segment.1","user":"ikram"},"peaks.point.4":{"time":258.804392,"labelText":"-1","segment_id":"peaks.segment.2","user":"ikram"},"peaks.point.5":{"time":258.804392,"labelText":"easy","segment_id":"peaks.segment.2","user":"ikram"},"peaks.point.10":{"time":349.309935,"labelText":"-1","segment_id":"peaks.segment.4","user":"ikram"},"peaks.point.11":{"time":349.309935,"labelText":"easy","segment_id":"peaks.segment.4","user":"ikram"},"peaks.point.12":{"time":349.309935,"labelText":"sad","segment_id":"peaks.segment.4","user":"ikram"},"peaks.point.13":{"time":258.798029,"labelText":"sad","segment_id":"peaks.segment.2","user":"ikram"},"peaks.point.14":{"time":258.798029,"labelText":"Frown","segment_id":"peaks.segment.2","user":"ikram"},"peaks.point.15":{"time":261.556851,"labelText":"0","segment_id":"peaks.segment.3","user":"ikram"},"peaks.point.16":{"time":261.556851,"labelText":"hard","segment_id":"peaks.segment.3","user":"ikram"},"peaks.point.17":{"time":261.556851,"labelText":"funny","segment_id":"peaks.segment.3","user":"ikram"},"peaks.point.18":{"time":261.556851,"labelText":"Smile","segment_id":"peaks.segment.3","user":"ikram"},"peaks.point.23":{"time":258.70033,"labelText":"sad","segment_id":"peaks.segment.1","user":"aida"},"peaks.point.24":{"time":258.70033,"labelText":"easy","segment_id":"peaks.segment.1","user":"aida"},"peaks.point.25":{"time":258.70033,"labelText":"-1","segment_id":"peaks.segment.1","user":"aida"},"peaks.point.26":{"time":258.725037,"labelText":"Frown","segment_id":"peaks.segment.1","user":"aida"},"peaks.point.27":{"time":261.551987,"labelText":"sad","segment_id":"peaks.segment.2","user":"aida"},"peaks.point.28":{"time":261.551987,"labelText":"Smile","segment_id":"peaks.segment.2","user":"aida"},"peaks.point.29":{"time":261.551987,"labelText":"-2","segment_id":"peaks.segment.2","user":"aida"},"peaks.point.30":{"time":261.551987,"labelText":"easy","segment_id":"peaks.segment.2","user":"aida"},"peaks.point.31":{"time":342.180261,"labelText":"surprised","segment_id":"peaks.segment.3","user":"aida"},"peaks.point.32":{"time":348.612797,"labelText":"-2","segment_id":"peaks.segment.3","user":"aida"},"peaks.point.33":{"time":349.241635,"labelText":"easy","segment_id":"peaks.segment.3","user":"aida"},"peaks.point.35":{"time":349.300387,"labelText":"Smile","segment_id":"peaks.segment.3","user":"aida"},"peaks.point.36":{"time":370.434877,"labelText":"Frown","segment_id":"peaks.segment.4","user":"aida"},"peaks.point.37":{"time":370.434877,"labelText":"easy","segment_id":"peaks.segment.4","user":"aida"},"peaks.point.38":{"time":370.434877,"labelText":"-2","segment_id":"peaks.segment.4","user":"aida"},"peaks.point.39":{"time":370.434877,"labelText":"hating","segment_id":"peaks.segment.4","user":"aida"}}
