{"peaks.segment.0":{"startTime":131.925623,"endTime":135.763284},"peaks.segment.1":{"startTime":141.007528,"endTime":142.11577}}
{"peaks.point.0":{"time":135.019024,"labelText":"-1","segment_id":"peaks.segment.0","user":"ikram"},"peaks.point.1":{"time":135.76643,"labelText":"easy","segment_id":"peaks.segment.0","user":"ikram"},"peaks.point.2":{"time":142.124464,"labelText":"-1","segment_id":"peaks.segment.1","user":"ikram"},"peaks.point.3":{"time":142.124464,"labelText":"easy","segment_id":"peaks.segment.1","user":"ikram"},"peaks.point.4":{"time":142.124464,"labelText":"sad","segment_id":"peaks.segment.1","user":"ikram"},"peaks.point.5":{"time":142.124464,"labelText":"HeadShake","segment_id":"peaks.segment.1","user":"ikram"},"peaks.point.6":{"time":135.76963,"labelText":"sad","segment_id":"peaks.segment.0","user":"ikram"},"peaks.point.7":{"time":135.776227,"labelText":"HeadShake","segment_id":"peaks.segment.0","user":"ikram"},"peaks.point.9":{"time":135.795089,"labelText":"sad","segment_id":"peaks.segment.0","user":"aida"},"peaks.point.10":{"time":135.795089,"labelText":"easy","segment_id":"peaks.segment.0","user":"aida"},"peaks.point.11":{"time":135.795089,"labelText":"-1","segment_id":"peaks.segment.0","user":"aida"},"peaks.point.12":{"time":135.795089,"labelText":"HeadShake","segment_id":"peaks.segment.0","user":"aida"},"peaks.point.13":{"time":142.130636,"labelText":"sad","segment_id":"peaks.segment.1","user":"aida"},"peaks.point.14":{"time":142.130636,"labelText":"easy","segment_id":"peaks.segment.1","user":"aida"},"peaks.point.15":{"time":142.130636,"labelText":"-1","segment_id":"peaks.segment.1","user":"aida"},"peaks.point.16":{"time":142.130636,"labelText":"HeadShake","segment_id":"peaks.segment.1","user":"aida"}}