{"peaks.segment.0":{"startTime":57.039818,"endTime":63.3469387755102},"peaks.segment.1":{"startTime":146.094149,"endTime":154.116299},"peaks.segment.2":{"startTime":251.620136,"endTime":255.315011}}
{"peaks.point.0":{"time":63.361484,"labelText":"-1","segment_id":"peaks.segment.0","user":"ikram"},"peaks.point.1":{"time":63.361484,"labelText":"easy","segment_id":"peaks.segment.0","user":"ikram"},"peaks.point.2":{"time":63.361484,"labelText":"surprised","segment_id":"peaks.segment.0","user":"ikram"},"peaks.point.3":{"time":63.16368,"labelText":"HeadNod","segment_id":"peaks.segment.0","user":"ikram"},"peaks.point.4":{"time":150.444846,"labelText":"-1","segment_id":"peaks.segment.1","user":"ikram"},"peaks.point.5":{"time":151.343921,"labelText":"easy","segment_id":"peaks.segment.1","user":"ikram"},"peaks.point.6":{"time":154.120686,"labelText":"disgust","segment_id":"peaks.segment.1","user":"ikram"},"peaks.point.7":{"time":154.120686,"labelText":"Frown","segment_id":"peaks.segment.1","user":"ikram"},"peaks.point.8":{"time":255.322299,"labelText":"1","segment_id":"peaks.segment.2","user":"ikram"},"peaks.point.9":{"time":255.322299,"labelText":"easy","segment_id":"peaks.segment.2","user":"ikram"},"peaks.point.10":{"time":255.322299,"labelText":"loving","segment_id":"peaks.segment.2","user":"ikram"},"peaks.point.11":{"time":255.322704,"labelText":"HeadNod","segment_id":"peaks.segment.2","user":"ikram"},"peaks.point.12":{"time":62.825692,"labelText":"surprised","segment_id":"peaks.segment.0","user":"aida"},"peaks.point.13":{"time":63.274077,"labelText":"easy","segment_id":"peaks.segment.0","user":"aida"},"peaks.point.14":{"time":63.274077,"labelText":"-2","segment_id":"peaks.segment.0","user":"aida"},"peaks.point.15":{"time":61.017838,"labelText":"Frown","segment_id":"peaks.segment.0","user":"aida"},"peaks.point.16":{"time":152.427167,"labelText":"disgust","segment_id":"peaks.segment.1","user":"aida"},"peaks.point.17":{"time":154.120895,"labelText":"hard","segment_id":"peaks.segment.1","user":"aida"},"peaks.point.18":{"time":154.120895,"labelText":"-2","segment_id":"peaks.segment.1","user":"aida"},"peaks.point.19":{"time":154.120895,"labelText":"Frown","segment_id":"peaks.segment.1","user":"aida"},"peaks.point.20":{"time":255.316371,"labelText":"loving","segment_id":"peaks.segment.2","user":"aida"},"peaks.point.22":{"time":255.316371,"labelText":"hard","segment_id":"peaks.segment.2","user":"aida"},"peaks.point.23":{"time":255.316371,"labelText":"1","segment_id":"peaks.segment.2","user":"aida"},"peaks.point.24":{"time":253.786594,"labelText":"HeadShake","segment_id":"peaks.segment.2","user":"aida"}}