{"peaks.segment.0":{"startTime":27.685442,"endTime":28.80411},"peaks.segment.1":{"startTime":227.336417,"endTime":228.64012},"peaks.segment.2":{"startTime":229.974784,"endTime":230.790385},"peaks.segment.3":{"startTime":230.79619,"endTime":231.371509},"peaks.segment.4":{"startTime":463.506575,"endTime":464.667573},"peaks.segment.5":{"startTime":494.508117,"endTime":495.304574},"peaks.segment.6":{"startTime":496.80399,"endTime":498.146367}}
{"peaks.point.0":{"time":28.8152,"labelText":"1","segment_id":"peaks.segment.0","user":"ikram"},"peaks.point.1":{"time":28.8152,"labelText":"easy","segment_id":"peaks.segment.0","user":"ikram"},"peaks.point.2":{"time":28.8152,"labelText":"loving","segment_id":"peaks.segment.0","user":"ikram"},"peaks.point.3":{"time":28.8152,"labelText":"Smile","segment_id":"peaks.segment.0","user":"ikram"},"peaks.point.4":{"time":228.643117,"labelText":"1","segment_id":"peaks.segment.1","user":"ikram"},"peaks.point.5":{"time":228.643117,"labelText":"easy","segment_id":"peaks.segment.1","user":"ikram"},"peaks.point.6":{"time":228.643117,"labelText":"loving","segment_id":"peaks.segment.1","user":"ikram"},"peaks.point.7":{"time":228.643117,"labelText":"Smile","segment_id":"peaks.segment.1","user":"ikram"},"peaks.point.8":{"time":230.814968,"labelText":"1","segment_id":"peaks.segment.2","user":"ikram"},"peaks.point.9":{"time":230.814968,"labelText":"easy","segment_id":"peaks.segment.2","user":"ikram"},"peaks.point.10":{"time":230.814968,"labelText":"loving","segment_id":"peaks.segment.2","user":"ikram"},"peaks.point.11":{"time":230.814968,"labelText":"Smile","segment_id":"peaks.segment.2","user":"ikram"},"peaks.point.12":{"time":231.380904,"labelText":"1","segment_id":"peaks.segment.3","user":"ikram"},"peaks.point.13":{"time":231.380904,"labelText":"easy","segment_id":"peaks.segment.3","user":"ikram"},"peaks.point.14":{"time":231.380904,"labelText":"loving","segment_id":"peaks.segment.3","user":"ikram"},"peaks.point.15":{"time":231.380904,"labelText":"Smile","segment_id":"peaks.segment.3","user":"ikram"},"peaks.point.16":{"time":464.677163,"labelText":"1","segment_id":"peaks.segment.4","user":"ikram"},"peaks.point.17":{"time":464.677163,"labelText":"easy","segment_id":"peaks.segment.4","user":"ikram"},"peaks.point.18":{"time":464.677163,"labelText":"loving","segment_id":"peaks.segment.4","user":"ikram"},"peaks.point.19":{"time":495.305371,"labelText":"1","segment_id":"peaks.segment.5","user":"ikram"},"peaks.point.20":{"time":495.305371,"labelText":"easy","segment_id":"peaks.segment.5","user":"ikram"},"peaks.point.21":{"time":495.305371,"labelText":"happy","segment_id":"peaks.segment.5","user":"ikram"},"peaks.point.22":{"time":498.152638,"labelText":"2","segment_id":"peaks.segment.6","user":"ikram"},"peaks.point.23":{"time":498.152638,"labelText":"easy","segment_id":"peaks.segment.6","user":"ikram"},"peaks.point.24":{"time":498.152638,"labelText":"happy","segment_id":"peaks.segment.6","user":"ikram"},"peaks.point.25":{"time":498.152638,"labelText":"Smile","segment_id":"peaks.segment.6","user":"ikram"},"peaks.point.26":{"time":28.813664,"labelText":"loving","segment_id":"peaks.segment.0","user":"aida"},"peaks.point.27":{"time":28.805344,"labelText":"easy","segment_id":"peaks.segment.0","user":"aida"},"peaks.point.28":{"time":28.805344,"labelText":"1","segment_id":"peaks.segment.0","user":"aida"},"peaks.point.29":{"time":28.805344,"labelText":"Smile","segment_id":"peaks.segment.0","user":"aida"},"peaks.point.30":{"time":228.65477,"labelText":"loving","segment_id":"peaks.segment.1","user":"aida"},"peaks.point.31":{"time":228.65477,"labelText":"easy","segment_id":"peaks.segment.1","user":"aida"},"peaks.point.32":{"time":228.65477,"labelText":"1","segment_id":"peaks.segment.1","user":"aida"},"peaks.point.33":{"time":228.65477,"labelText":"Smile","segment_id":"peaks.segment.1","user":"aida"},"peaks.point.34":{"time":230.798904,"labelText":"loving","segment_id":"peaks.segment.2","user":"aida"},"peaks.point.35":{"time":230.798904,"labelText":"easy","segment_id":"peaks.segment.2","user":"aida"},"peaks.point.36":{"time":230.798904,"labelText":"2","segment_id":"peaks.segment.2","user":"aida"},"peaks.point.37":{"time":230.798904,"labelText":"Smile","segment_id":"peaks.segment.2","user":"aida"},"peaks.point.38":{"time":231.379141,"labelText":"loving","segment_id":"peaks.segment.3","user":"aida"},"peaks.point.39":{"time":231.379141,"labelText":"easy","segment_id":"peaks.segment.3","user":"aida"},"peaks.point.40":{"time":231.379141,"labelText":"1","segment_id":"peaks.segment.3","user":"aida"},"peaks.point.41":{"time":231.379141,"labelText":"Smile","segment_id":"peaks.segment.3","user":"aida"},"peaks.point.42":{"time":464.683254,"labelText":"happy","segment_id":"peaks.segment.4","user":"aida"},"peaks.point.43":{"time":464.683254,"labelText":"easy","segment_id":"peaks.segment.4","user":"aida"},"peaks.point.44":{"time":464.683254,"labelText":"2","segment_id":"peaks.segment.4","user":"aida"},"peaks.point.45":{"time":464.680422,"labelText":"HeadShake","segment_id":"peaks.segment.4","user":"aida"},"peaks.point.46":{"time":495.328895,"labelText":"happy","segment_id":"peaks.segment.5","user":"aida"},"peaks.point.47":{"time":495.328895,"labelText":"easy","segment_id":"peaks.segment.5","user":"aida"},"peaks.point.48":{"time":495.328895,"labelText":"1","segment_id":"peaks.segment.5","user":"aida"},"peaks.point.49":{"time":495.305671,"labelText":"HeadShake","segment_id":"peaks.segment.5","user":"aida"},"peaks.point.50":{"time":498.163145,"labelText":"happy","segment_id":"peaks.segment.6","user":"aida"},"peaks.point.51":{"time":498.163145,"labelText":"easy","segment_id":"peaks.segment.6","user":"aida"},"peaks.point.52":{"time":498.163145,"labelText":"2","segment_id":"peaks.segment.6","user":"aida"},"peaks.point.53":{"time":498.163145,"labelText":"Smile","segment_id":"peaks.segment.6","user":"aida"}}