{"peaks.segment.0":{"startTime":33.069065,"endTime":40.01668934240363},"peaks.segment.1":{"startTime":40.032145,"endTime":43.778369}}
{"peaks.point.0":{"time":39.746394,"labelText":"easy","segment_id":"peaks.segment.0","user":"aida"},"peaks.point.1":{"time":39.746394,"labelText":"sorry","segment_id":"peaks.segment.0","user":"aida"},"peaks.point.2":{"time":39.746394,"labelText":"-1","segment_id":"peaks.segment.0","user":"aida"},"peaks.point.3":{"time":39.746394,"labelText":"Frown","segment_id":"peaks.segment.0","user":"aida"},"peaks.point.4":{"time":43.778369,"labelText":"easy","segment_id":"peaks.segment.1","user":"aida"},"peaks.point.5":{"time":43.778369,"labelText":"-1","segment_id":"peaks.segment.1","user":"aida"},"peaks.point.6":{"time":43.778369,"labelText":"sad","segment_id":"peaks.segment.1","user":"aida"},"peaks.point.7":{"time":43.778369,"labelText":"Frown","segment_id":"peaks.segment.1","user":"aida"},"peaks.point.8":{"time":40.024677,"labelText":"-1","segment_id":"peaks.segment.0","user":"ikram"},"peaks.point.9":{"time":40.024677,"labelText":"easy","segment_id":"peaks.segment.0","user":"ikram"},"peaks.point.10":{"time":40.024677,"labelText":"sad","segment_id":"peaks.segment.0","user":"ikram"},"peaks.point.11":{"time":35.568198,"labelText":"HeadNod","segment_id":"peaks.segment.0","user":"ikram"},"peaks.point.12":{"time":43.373686,"labelText":"-1","segment_id":"peaks.segment.1","user":"ikram"},"peaks.point.13":{"time":43.373686,"labelText":"easy","segment_id":"peaks.segment.1","user":"ikram"},"peaks.point.14":{"time":43.373686,"labelText":"sad","segment_id":"peaks.segment.1","user":"ikram"},"peaks.point.15":{"time":43.373686,"labelText":"HeadShake","segment_id":"peaks.segment.1","user":"ikram"}}