{"peaks.segment.0":{"startTime":6.282448,"endTime":9.736417},"peaks.segment.1":{"startTime":9.930884,"endTime":12.711637},"peaks.segment.2":{"startTime":46.2556,"endTime":48.042054},"peaks.segment.3":{"startTime":49.23356,"endTime":50.310385}}
{"peaks.point.0":{"time":9.74871,"labelText":"-1","segment_id":"peaks.segment.0","user":"ikram"},"peaks.point.1":{"time":9.74871,"labelText":"easy","segment_id":"peaks.segment.0","user":"ikram"},"peaks.point.2":{"time":9.74871,"labelText":"hating","segment_id":"peaks.segment.0","user":"ikram"},"peaks.point.3":{"time":9.74871,"labelText":"Frown","segment_id":"peaks.segment.0","user":"ikram"},"peaks.point.4":{"time":12.017238,"labelText":"-1","segment_id":"peaks.segment.1","user":"ikram"},"peaks.point.5":{"time":12.722146,"labelText":"easy","segment_id":"peaks.segment.1","user":"ikram"},"peaks.point.6":{"time":12.71306,"labelText":"angry","segment_id":"peaks.segment.1","user":"ikram"},"peaks.point.7":{"time":12.712773,"labelText":"Frown","segment_id":"peaks.segment.1","user":"ikram"},"peaks.point.8":{"time":48.049512,"labelText":"-1","segment_id":"peaks.segment.2","user":"ikram"},"peaks.point.9":{"time":48.049512,"labelText":"easy","segment_id":"peaks.segment.2","user":"ikram"},"peaks.point.10":{"time":48.049512,"labelText":"angry","segment_id":"peaks.segment.2","user":"ikram"},"peaks.point.11":{"time":48.049512,"labelText":"Frown","segment_id":"peaks.segment.2","user":"ikram"},"peaks.point.12":{"time":50.313349,"labelText":"-1","segment_id":"peaks.segment.3","user":"ikram"},"peaks.point.13":{"time":50.313349,"labelText":"hard","segment_id":"peaks.segment.3","user":"ikram"},"peaks.point.14":{"time":50.313349,"labelText":"angry","segment_id":"peaks.segment.3","user":"ikram"},"peaks.point.15":{"time":50.312873,"labelText":"Frown","segment_id":"peaks.segment.3","user":"ikram"},"peaks.point.16":{"time":9.738346,"labelText":"hating","segment_id":"peaks.segment.0","user":"aida"},"peaks.point.17":{"time":9.738346,"labelText":"easy","segment_id":"peaks.segment.0","user":"aida"},"peaks.point.18":{"time":9.738346,"labelText":"-1","segment_id":"peaks.segment.0","user":"aida"},"peaks.point.19":{"time":9.738346,"labelText":"Frown","segment_id":"peaks.segment.0","user":"aida"},"peaks.point.21":{"time":12.680218,"labelText":"angry","segment_id":"peaks.segment.1","user":"aida"},"peaks.point.22":{"time":12.680218,"labelText":"easy","segment_id":"peaks.segment.1","user":"aida"},"peaks.point.23":{"time":12.680218,"labelText":"-1","segment_id":"peaks.segment.1","user":"aida"},"peaks.point.24":{"time":12.680218,"labelText":"Frown","segment_id":"peaks.segment.1","user":"aida"},"peaks.point.25":{"time":48.001442,"labelText":"hating","segment_id":"peaks.segment.2","user":"aida"},"peaks.point.26":{"time":48.001442,"labelText":"easy","segment_id":"peaks.segment.2","user":"aida"},"peaks.point.27":{"time":48.001442,"labelText":"-1","segment_id":"peaks.segment.2","user":"aida"},"peaks.point.28":{"time":48.001442,"labelText":"Frown","segment_id":"peaks.segment.2","user":"aida"},"peaks.point.29":{"time":50.310922,"labelText":"angry","segment_id":"peaks.segment.3","user":"aida"},"peaks.point.30":{"time":50.310922,"labelText":"easy","segment_id":"peaks.segment.3","user":"aida"},"peaks.point.31":{"time":50.310922,"labelText":"-2","segment_id":"peaks.segment.3","user":"aida"},"peaks.point.32":{"time":50.310922,"labelText":"Frown","segment_id":"peaks.segment.3","user":"aida"}}