{"peaks.segment.0":{"startTime":17.3946485260771,"endTime":22.318585},"peaks.segment.1":{"startTime":69.772698,"endTime":71.927177},"peaks.segment.2":{"startTime":73.62467120181405,"endTime":76.253354},"peaks.segment.3":{"startTime":82.906485,"endTime":84.674104},"peaks.segment.4":{"startTime":324.063129,"endTime":327.878871},"peaks.segment.5":{"startTime":343.042539,"endTime":345.039573},"peaks.segment.6":{"startTime":346.200453,"endTime":348.165518}}
{"peaks.point.0":{"time":22.310213,"labelText":"afraid","segment_id":"peaks.segment.0","user":"aida"},"peaks.point.1":{"time":22.310213,"labelText":"hard","segment_id":"peaks.segment.0","user":"aida"},"peaks.point.2":{"time":22.322143,"labelText":"HeadShake","segment_id":"peaks.segment.0","user":"aida"},"peaks.point.3":{"time":71.927177,"labelText":"happy","segment_id":"peaks.segment.1","user":"aida"},"peaks.point.4":{"time":71.927177,"labelText":"easy","segment_id":"peaks.segment.1","user":"aida"},"peaks.point.5":{"time":71.927177,"labelText":"1","segment_id":"peaks.segment.1","user":"aida"},"peaks.point.6":{"time":71.927177,"labelText":"HeadShake","segment_id":"peaks.segment.1","user":"aida"},"peaks.point.7":{"time":76.253354,"labelText":"sad","segment_id":"peaks.segment.2","user":"aida"},"peaks.point.8":{"time":76.253354,"labelText":"hard","segment_id":"peaks.segment.2","user":"aida"},"peaks.point.9":{"time":76.253354,"labelText":"-1","segment_id":"peaks.segment.2","user":"aida"},"peaks.point.10":{"time":76.264764,"labelText":"HeadShake","segment_id":"peaks.segment.2","user":"aida"},"peaks.point.11":{"time":84.674104,"labelText":"happy","segment_id":"peaks.segment.3","user":"aida"},"peaks.point.12":{"time":84.674104,"labelText":"easy","segment_id":"peaks.segment.3","user":"aida"},"peaks.point.13":{"time":84.674104,"labelText":"2","segment_id":"peaks.segment.3","user":"aida"},"peaks.point.14":{"time":84.618961,"labelText":"HeadShake","segment_id":"peaks.segment.3","user":"aida"},"peaks.point.15":{"time":327.878871,"labelText":"sad","segment_id":"peaks.segment.4","user":"aida"},"peaks.point.16":{"time":327.878871,"labelText":"easy","segment_id":"peaks.segment.4","user":"aida"},"peaks.point.17":{"time":327.878871,"labelText":"Frown","segment_id":"peaks.segment.4","user":"aida"},"peaks.point.18":{"time":345.039573,"labelText":"sad","segment_id":"peaks.segment.5","user":"aida"},"peaks.point.19":{"time":345.039573,"labelText":"easy","segment_id":"peaks.segment.5","user":"aida"},"peaks.point.20":{"time":345.039573,"labelText":"Frown","segment_id":"peaks.segment.5","user":"aida"},"peaks.point.21":{"time":348.165518,"labelText":"sorry","segment_id":"peaks.segment.6","user":"aida"},"peaks.point.22":{"time":348.165518,"labelText":"easy","segment_id":"peaks.segment.6","user":"aida"},"peaks.point.23":{"time":348.165518,"labelText":"-1","segment_id":"peaks.segment.6","user":"aida"},"peaks.point.24":{"time":348.165518,"labelText":"Frown","segment_id":"peaks.segment.6","user":"aida"},"peaks.point.25":{"time":348.165518,"labelText":"-2","segment_id":"peaks.segment.5","user":"aida"},"peaks.point.26":{"time":348.165518,"labelText":"-3","segment_id":"peaks.segment.4","user":"aida"},"peaks.point.27":{"time":348.165518,"labelText":"-2","segment_id":"peaks.segment.0","user":"aida"},"peaks.point.28":{"time":345.045477,"labelText":"-1","segment_id":"peaks.segment.5","user":"ikram"},"peaks.point.29":{"time":345.045477,"labelText":"easy","segment_id":"peaks.segment.5","user":"ikram"},"peaks.point.30":{"time":345.045477,"labelText":"sad","segment_id":"peaks.segment.5","user":"ikram"},"peaks.point.31":{"time":345.044214,"labelText":"Frown","segment_id":"peaks.segment.5","user":"ikram"},"peaks.point.32":{"time":327.892251,"labelText":"-1","segment_id":"peaks.segment.4","user":"ikram"},"peaks.point.33":{"time":327.892251,"labelText":"easy","segment_id":"peaks.segment.4","user":"ikram"},"peaks.point.34":{"time":327.892251,"labelText":"sad","segment_id":"peaks.segment.4","user":"ikram"},"peaks.point.35":{"time":327.893303,"labelText":"HeadNod","segment_id":"peaks.segment.4","user":"ikram"},"peaks.point.36":{"time":84.683111,"labelText":"1","segment_id":"peaks.segment.3","user":"ikram"},"peaks.point.37":{"time":84.683111,"labelText":"easy","segment_id":"peaks.segment.3","user":"ikram"},"peaks.point.38":{"time":84.683111,"labelText":"happy","segment_id":"peaks.segment.3","user":"ikram"},"peaks.point.39":{"time":76.265315,"labelText":"-1","segment_id":"peaks.segment.2","user":"ikram"},"peaks.point.40":{"time":76.265315,"labelText":"easy","segment_id":"peaks.segment.2","user":"ikram"},"peaks.point.41":{"time":76.265315,"labelText":"sad","segment_id":"peaks.segment.2","user":"ikram"},"peaks.point.42":{"time":76.265315,"labelText":"HeadNod","segment_id":"peaks.segment.2","user":"ikram"},"peaks.point.43":{"time":71.941154,"labelText":"1","segment_id":"peaks.segment.1","user":"ikram"},"peaks.point.44":{"time":71.941154,"labelText":"easy","segment_id":"peaks.segment.1","user":"ikram"},"peaks.point.45":{"time":71.941154,"labelText":"happy","segment_id":"peaks.segment.1","user":"ikram"},"peaks.point.46":{"time":71.935376,"labelText":"HeadNod","segment_id":"peaks.segment.1","user":"ikram"},"peaks.point.47":{"time":22.326174,"labelText":"-1","segment_id":"peaks.segment.0","user":"ikram"},"peaks.point.48":{"time":22.326174,"labelText":"hard","segment_id":"peaks.segment.0","user":"ikram"},"peaks.point.49":{"time":22.326174,"labelText":"afraid","segment_id":"peaks.segment.0","user":"ikram"},"peaks.point.50":{"time":22.326174,"labelText":"Frown","segment_id":"peaks.segment.0","user":"ikram"},"peaks.point.51":{"time":348.171991,"labelText":"-1","segment_id":"peaks.segment.6","user":"ikram"},"peaks.point.52":{"time":348.171991,"labelText":"easy","segment_id":"peaks.segment.6","user":"ikram"},"peaks.point.53":{"time":348.171991,"labelText":"sad","segment_id":"peaks.segment.6","user":"ikram"},"peaks.point.54":{"time":348.17824,"labelText":"HeadNod","segment_id":"peaks.segment.6","user":"ikram"}}