{"peaks.segment.0":{"startTime":104.955646,"endTime":106.476285},"peaks.segment.1":{"startTime":135.399909,"endTime":136.349048},"peaks.segment.2":{"startTime":320.132063,"endTime":322.125822},"peaks.segment.3":{"startTime":362.09197278911563,"endTime":363.179543},"peaks.segment.4":{"startTime":386.483083,"endTime":389.533605},"peaks.segment.5":{"startTime":389.925442,"endTime":391.875918},"peaks.segment.7":{"startTime":437.363809,"endTime":439.728068},"peaks.segment.8":{"startTime":475.560634,"endTime":478.504571}}
{"peaks.point.0":{"time":106.479821,"labelText":"1","segment_id":"peaks.segment.0","user":"ikram"},"peaks.point.1":{"time":106.479821,"labelText":"hard","segment_id":"peaks.segment.0","user":"ikram"},"peaks.point.2":{"time":106.479821,"labelText":"funny","segment_id":"peaks.segment.0","user":"ikram"},"peaks.point.3":{"time":106.479821,"labelText":"Smile","segment_id":"peaks.segment.0","user":"ikram"},"peaks.point.4":{"time":136.356759,"labelText":"-1","segment_id":"peaks.segment.1","user":"ikram"},"peaks.point.5":{"time":136.356759,"labelText":"easy","segment_id":"peaks.segment.1","user":"ikram"},"peaks.point.6":{"time":136.355231,"labelText":"angry","segment_id":"peaks.segment.1","user":"ikram"},"peaks.point.7":{"time":136.367314,"labelText":"HeadShake","segment_id":"peaks.segment.1","user":"ikram"},"peaks.point.8":{"time":322.132884,"labelText":"-1","segment_id":"peaks.segment.2","user":"ikram"},"peaks.point.9":{"time":322.132884,"labelText":"hard","segment_id":"peaks.segment.2","user":"ikram"},"peaks.point.10":{"time":322.132884,"labelText":"surprised","segment_id":"peaks.segment.2","user":"ikram"},"peaks.point.11":{"time":322.132884,"labelText":"Frown","segment_id":"peaks.segment.2","user":"ikram"},"peaks.point.12":{"time":363.194474,"labelText":"-1","segment_id":"peaks.segment.3","user":"ikram"},"peaks.point.13":{"time":363.194474,"labelText":"easy","segment_id":"peaks.segment.3","user":"ikram"},"peaks.point.14":{"time":363.194474,"labelText":"sad","segment_id":"peaks.segment.3","user":"ikram"},"peaks.point.15":{"time":363.192067,"labelText":"HeadShake","segment_id":"peaks.segment.3","user":"ikram"},"peaks.point.16":{"time":389.565003,"labelText":"-2","segment_id":"peaks.segment.4","user":"ikram"},"peaks.point.17":{"time":389.565003,"labelText":"easy","segment_id":"peaks.segment.4","user":"ikram"},"peaks.point.18":{"time":389.565003,"labelText":"disgust","segment_id":"peaks.segment.4","user":"ikram"},"peaks.point.19":{"time":389.565003,"labelText":"Frown","segment_id":"peaks.segment.4","user":"ikram"},"peaks.point.20":{"time":391.839331,"labelText":"-2","segment_id":"peaks.segment.5","user":"ikram"},"peaks.point.21":{"time":391.879598,"labelText":"easy","segment_id":"peaks.segment.5","user":"ikram"},"peaks.point.22":{"time":391.879598,"labelText":"disgust","segment_id":"peaks.segment.5","user":"ikram"},"peaks.point.23":{"time":391.876962,"labelText":"HeadNod","segment_id":"peaks.segment.5","user":"ikram"},"peaks.point.24":{"time":443.791817,"labelText":"-2","segment_id":"peaks.segment.7","user":"ikram"},"peaks.point.25":{"time":443.791817,"labelText":"easy","segment_id":"peaks.segment.7","user":"ikram"},"peaks.point.26":{"time":443.791817,"labelText":"disgust","segment_id":"peaks.segment.7","user":"ikram"},"peaks.point.27":{"time":443.791817,"labelText":"HeadNod","segment_id":"peaks.segment.7","user":"ikram"},"peaks.point.28":{"time":439.73563,"labelText":"-2","segment_id":"peaks.segment.8","user":"ikram"},"peaks.point.29":{"time":439.73563,"labelText":"hard","segment_id":"peaks.segment.8","user":"ikram"},"peaks.point.30":{"time":439.73563,"labelText":"surprised","segment_id":"peaks.segment.8","user":"ikram"},"peaks.point.31":{"time":439.744936,"labelText":"Smile","segment_id":"peaks.segment.8","user":"ikram"},"peaks.point.41":{"time":363.185666,"labelText":"sad","segment_id":"peaks.segment.3","user":"aida"},"peaks.point.42":{"time":363.185666,"labelText":"easy","segment_id":"peaks.segment.3","user":"aida"},"peaks.point.43":{"time":363.185666,"labelText":"-1","segment_id":"peaks.segment.3","user":"aida"},"peaks.point.44":{"time":363.185666,"labelText":"HeadShake","segment_id":"peaks.segment.3","user":"aida"},"peaks.point.45":{"time":390.529774,"labelText":"disgust","segment_id":"peaks.segment.4","user":"aida"},"peaks.point.46":{"time":390.529774,"labelText":"easy","segment_id":"peaks.segment.4","user":"aida"},"peaks.point.47":{"time":390.529774,"labelText":"-2","segment_id":"peaks.segment.4","user":"aida"},"peaks.point.48":{"time":390.529774,"labelText":"Frown","segment_id":"peaks.segment.4","user":"aida"},"peaks.point.49":{"time":391.747837,"labelText":"disgust","segment_id":"peaks.segment.5","user":"aida"},"peaks.point.50":{"time":391.747837,"labelText":"hard","segment_id":"peaks.segment.5","user":"aida"},"peaks.point.51":{"time":391.747837,"labelText":"-2","segment_id":"peaks.segment.5","user":"aida"},"peaks.point.52":{"time":391.861553,"labelText":"Frown","segment_id":"peaks.segment.5","user":"aida"},"peaks.point.57":{"time":440.517809,"labelText":"surprised","segment_id":"peaks.segment.7","user":"aida"},"peaks.point.59":{"time":440.517809,"labelText":"hard","segment_id":"peaks.segment.7","user":"aida"},"peaks.point.60":{"time":440.517809,"labelText":"Smile","segment_id":"peaks.segment.7","user":"aida"},"peaks.point.61":{"time":440.517809,"labelText":"-1","segment_id":"peaks.segment.7","user":"aida"},"peaks.point.62":{"time":478.31619,"labelText":"HeadShake","segment_id":"peaks.segment.8","user":"aida"},"peaks.point.63":{"time":478.31619,"labelText":"easy","segment_id":"peaks.segment.8","user":"aida"},"peaks.point.64":{"time":478.31619,"labelText":"proud","segment_id":"peaks.segment.8","user":"aida"},"peaks.point.65":{"time":478.31619,"labelText":"1","segment_id":"peaks.segment.8","user":"aida"},"peaks.point.66":{"time":322.084371,"labelText":"surprised","segment_id":"peaks.segment.2","user":"aida"},"peaks.point.67":{"time":322.084371,"labelText":"easy","segment_id":"peaks.segment.2","user":"aida"},"peaks.point.68":{"time":322.084371,"labelText":"-1","segment_id":"peaks.segment.2","user":"aida"},"peaks.point.69":{"time":322.098877,"labelText":"HeadShake","segment_id":"peaks.segment.2","user":"aida"},"peaks.point.70":{"time":106.391849,"labelText":"funny","segment_id":"peaks.segment.0","user":"aida"},"peaks.point.71":{"time":106.391849,"labelText":"easy","segment_id":"peaks.segment.0","user":"aida"},"peaks.point.72":{"time":106.391849,"labelText":"2","segment_id":"peaks.segment.0","user":"aida"},"peaks.point.73":{"time":106.391849,"labelText":"Smile","segment_id":"peaks.segment.0","user":"aida"},"peaks.point.74":{"time":136.299051,"labelText":"sad","segment_id":"peaks.segment.1","user":"aida"},"peaks.point.75":{"time":136.299051,"labelText":"easy","segment_id":"peaks.segment.1","user":"aida"},"peaks.point.76":{"time":136.299051,"labelText":"-2","segment_id":"peaks.segment.1","user":"aida"},"peaks.point.78":{"time":136.299051,"labelText":"HeadShake","segment_id":"peaks.segment.1","user":"aida"}}
