{"peaks.segment.0":{"startTime":0.071111,"endTime":7.203911},"peaks.segment.1":{"startTime":23.485532,"endTime":25.813909},"peaks.segment.2":{"startTime":25.92653,"endTime":28.099047619047617},"peaks.segment.3":{"startTime":31.682176,"endTime":37.189319},"peaks.segment.4":{"startTime":37.231746,"endTime":41.475192},"peaks.segment.5":{"startTime":91.1717,"endTime":94.633301},"peaks.segment.6":{"startTime":116.67882,"endTime":119.705516},"peaks.segment.7":{"startTime":156.680997,"endTime":159.386435},"peaks.segment.8":{"startTime":159.479002,"endTime":164.773126},"peaks.segment.9":{"startTime":171.73043,"endTime":174.949583},"peaks.segment.10":{"startTime":224.61678,"endTime":230.039138},"peaks.segment.11":{"startTime":239.158276,"endTime":243.087722},"peaks.segment.12":{"startTime":255.586394,"endTime":256.814149},"peaks.segment.13":{"startTime":310.29551,"endTime":312.458534},"peaks.segment.14":{"startTime":508.46331,"endTime":510.769774}}
{"peaks.point.0":{"time":4.375444,"labelText":"1","segment_id":"peaks.segment.0","user":"ikram"},"peaks.point.1":{"time":5.416318,"labelText":"easy","segment_id":"peaks.segment.0","user":"ikram"},"peaks.point.2":{"time":7.219731,"labelText":"loving","segment_id":"peaks.segment.0","user":"ikram"},"peaks.point.3":{"time":6.675156,"labelText":"HeadNod","segment_id":"peaks.segment.0","user":"ikram"},"peaks.point.4":{"time":25.827717,"labelText":"2","segment_id":"peaks.segment.1","user":"ikram"},"peaks.point.5":{"time":25.827717,"labelText":"easy","segment_id":"peaks.segment.1","user":"ikram"},"peaks.point.6":{"time":25.827717,"labelText":"loving","segment_id":"peaks.segment.1","user":"ikram"},"peaks.point.7":{"time":25.817369,"labelText":"Smile","segment_id":"peaks.segment.1","user":"ikram"},"peaks.point.8":{"time":28.103847,"labelText":"2","segment_id":"peaks.segment.2","user":"ikram"},"peaks.point.9":{"time":28.103847,"labelText":"easy","segment_id":"peaks.segment.2","user":"ikram"},"peaks.point.10":{"time":28.103847,"labelText":"loving","segment_id":"peaks.segment.2","user":"ikram"},"peaks.point.11":{"time":28.100167,"labelText":"Smile","segment_id":"peaks.segment.2","user":"ikram"},"peaks.point.12":{"time":37.201224,"labelText":"2","segment_id":"peaks.segment.3","user":"ikram"},"peaks.point.13":{"time":37.201224,"labelText":"easy","segment_id":"peaks.segment.3","user":"ikram"},"peaks.point.14":{"time":37.201224,"labelText":"loving","segment_id":"peaks.segment.3","user":"ikram"},"peaks.point.15":{"time":37.076332,"labelText":"HeadNod","segment_id":"peaks.segment.3","user":"ikram"},"peaks.point.16":{"time":39.513209,"labelText":"1","segment_id":"peaks.segment.4","user":"ikram"},"peaks.point.17":{"time":41.489015,"labelText":"easy","segment_id":"peaks.segment.4","user":"ikram"},"peaks.point.18":{"time":41.489015,"labelText":"excited","segment_id":"peaks.segment.4","user":"ikram"},"peaks.point.19":{"time":41.17994,"labelText":"Smile","segment_id":"peaks.segment.4","user":"ikram"},"peaks.point.20":{"time":94.634104,"labelText":"2","segment_id":"peaks.segment.5","user":"ikram"},"peaks.point.21":{"time":94.634104,"labelText":"easy","segment_id":"peaks.segment.5","user":"ikram"},"peaks.point.22":{"time":94.634104,"labelText":"loving","segment_id":"peaks.segment.5","user":"ikram"},"peaks.point.23":{"time":94.634104,"labelText":"HeadShake","segment_id":"peaks.segment.5","user":"ikram"},"peaks.point.24":{"time":119.658226,"labelText":"1","segment_id":"peaks.segment.6","user":"ikram"},"peaks.point.25":{"time":119.707442,"labelText":"easy","segment_id":"peaks.segment.6","user":"ikram"},"peaks.point.26":{"time":119.707442,"labelText":"loving","segment_id":"peaks.segment.6","user":"ikram"},"peaks.point.27":{"time":119.707442,"labelText":"Smile","segment_id":"peaks.segment.6","user":"ikram"},"peaks.point.28":{"time":159.392912,"labelText":"1","segment_id":"peaks.segment.7","user":"ikram"},"peaks.point.29":{"time":159.392912,"labelText":"easy","segment_id":"peaks.segment.7","user":"ikram"},"peaks.point.30":{"time":159.100795,"labelText":"loving","segment_id":"peaks.segment.7","user":"ikram"},"peaks.point.31":{"time":159.398604,"labelText":"HeadNod","segment_id":"peaks.segment.7","user":"ikram"},"peaks.point.32":{"time":162.171923,"labelText":"-1","segment_id":"peaks.segment.8","user":"ikram"},"peaks.point.33":{"time":163.427809,"labelText":"hard","segment_id":"peaks.segment.8","user":"ikram"},"peaks.point.34":{"time":164.774772,"labelText":"bored","segment_id":"peaks.segment.8","user":"ikram"},"peaks.point.35":{"time":164.774772,"labelText":"Frown","segment_id":"peaks.segment.8","user":"ikram"},"peaks.point.36":{"time":174.965949,"labelText":"1","segment_id":"peaks.segment.9","user":"ikram"},"peaks.point.37":{"time":174.727956,"labelText":"hard","segment_id":"peaks.segment.9","user":"ikram"},"peaks.point.38":{"time":174.959691,"labelText":"surprised","segment_id":"peaks.segment.9","user":"ikram"},"peaks.point.39":{"time":174.959691,"labelText":"Smile","segment_id":"peaks.segment.9","user":"ikram"},"peaks.point.40":{"time":230.042012,"labelText":"2","segment_id":"peaks.segment.10","user":"ikram"},"peaks.point.41":{"time":230.042012,"labelText":"hard","segment_id":"peaks.segment.10","user":"ikram"},"peaks.point.42":{"time":230.042012,"labelText":"surprised","segment_id":"peaks.segment.10","user":"ikram"},"peaks.point.43":{"time":228.262593,"labelText":"Smile","segment_id":"peaks.segment.10","user":"ikram"},"peaks.point.44":{"time":241.397843,"labelText":"2","segment_id":"peaks.segment.11","user":"ikram"},"peaks.point.45":{"time":243.098039,"labelText":"easy","segment_id":"peaks.segment.11","user":"ikram"},"peaks.point.46":{"time":243.098039,"labelText":"loving","segment_id":"peaks.segment.11","user":"ikram"},"peaks.point.47":{"time":256.816387,"labelText":"1","segment_id":"peaks.segment.12","user":"ikram"},"peaks.point.48":{"time":256.816387,"labelText":"easy","segment_id":"peaks.segment.12","user":"ikram"},"peaks.point.49":{"time":256.816387,"labelText":"loving","segment_id":"peaks.segment.12","user":"ikram"},"peaks.point.50":{"time":256.816387,"labelText":"HeadNod","segment_id":"peaks.segment.12","user":"ikram"},"peaks.point.51":{"time":312.465744,"labelText":"2","segment_id":"peaks.segment.13","user":"ikram"},"peaks.point.52":{"time":312.465744,"labelText":"easy","segment_id":"peaks.segment.13","user":"ikram"},"peaks.point.53":{"time":312.465744,"labelText":"excited","segment_id":"peaks.segment.13","user":"ikram"},"peaks.point.54":{"time":312.465744,"labelText":"Smile","segment_id":"peaks.segment.13","user":"ikram"},"peaks.point.55":{"time":510.772473,"labelText":"1","segment_id":"peaks.segment.14","user":"ikram"},"peaks.point.56":{"time":510.772473,"labelText":"hard","segment_id":"peaks.segment.14","user":"ikram"},"peaks.point.57":{"time":510.772473,"labelText":"funny","segment_id":"peaks.segment.14","user":"ikram"},"peaks.point.58":{"time":510.772473,"labelText":"Smile","segment_id":"peaks.segment.14","user":"ikram"},"peaks.point.59":{"time":7.81339,"labelText":"loving","segment_id":"peaks.segment.0","user":"aida"},"peaks.point.60":{"time":7.81339,"labelText":"easy","segment_id":"peaks.segment.0","user":"aida"},"peaks.point.61":{"time":7.81339,"labelText":"1","segment_id":"peaks.segment.0","user":"aida"},"peaks.point.62":{"time":7.100593,"labelText":"HeadShake","segment_id":"peaks.segment.0","user":"aida"},"peaks.point.63":{"time":25.763846,"labelText":"loving","segment_id":"peaks.segment.1","user":"aida"},"peaks.point.64":{"time":25.763846,"labelText":"easy","segment_id":"peaks.segment.1","user":"aida"},"peaks.point.65":{"time":25.763846,"labelText":"2","segment_id":"peaks.segment.1","user":"aida"},"peaks.point.66":{"time":25.763846,"labelText":"Smile","segment_id":"peaks.segment.1","user":"aida"},"peaks.point.67":{"time":28.099093,"labelText":"Smile","segment_id":"peaks.segment.2","user":"aida"},"peaks.point.68":{"time":28.099093,"labelText":"loving","segment_id":"peaks.segment.2","user":"aida"},"peaks.point.69":{"time":28.099093,"labelText":"easy","segment_id":"peaks.segment.2","user":"aida"},"peaks.point.70":{"time":28.099093,"labelText":"2","segment_id":"peaks.segment.2","user":"aida"},"peaks.point.71":{"time":36.056351,"labelText":"loving","segment_id":"peaks.segment.3","user":"aida"},"peaks.point.72":{"time":37.119651,"labelText":"hard","segment_id":"peaks.segment.3","user":"aida"},"peaks.point.73":{"time":37.119651,"labelText":"2","segment_id":"peaks.segment.3","user":"aida"},"peaks.point.74":{"time":37.113776,"labelText":"Frown","segment_id":"peaks.segment.3","user":"aida"},"peaks.point.75":{"time":39.179499,"labelText":"happy","segment_id":"peaks.segment.4","user":"aida"},"peaks.point.76":{"time":41.490732,"labelText":"Smile","segment_id":"peaks.segment.4","user":"aida"},"peaks.point.77":{"time":41.490732,"labelText":"hard","segment_id":"peaks.segment.4","user":"aida"},"peaks.point.78":{"time":41.490732,"labelText":"1","segment_id":"peaks.segment.4","user":"aida"},"peaks.point.79":{"time":94.656508,"labelText":"loving","segment_id":"peaks.segment.5","user":"aida"},"peaks.point.80":{"time":94.656508,"labelText":"easy","segment_id":"peaks.segment.5","user":"aida"},"peaks.point.81":{"time":94.656508,"labelText":"2","segment_id":"peaks.segment.5","user":"aida"},"peaks.point.82":{"time":94.636345,"labelText":"HeadShake","segment_id":"peaks.segment.5","user":"aida"},"peaks.point.83":{"time":119.7079,"labelText":"loving","segment_id":"peaks.segment.6","user":"aida"},"peaks.point.84":{"time":119.7079,"labelText":"easy","segment_id":"peaks.segment.6","user":"aida"},"peaks.point.85":{"time":119.7079,"labelText":"1","segment_id":"peaks.segment.6","user":"aida"},"peaks.point.86":{"time":119.7079,"labelText":"Smile","segment_id":"peaks.segment.6","user":"aida"},"peaks.point.87":{"time":159.393716,"labelText":"loving","segment_id":"peaks.segment.7","user":"aida"},"peaks.point.88":{"time":159.393716,"labelText":"easy","segment_id":"peaks.segment.7","user":"aida"},"peaks.point.89":{"time":159.393716,"labelText":"1","segment_id":"peaks.segment.7","user":"aida"},"peaks.point.90":{"time":159.402389,"labelText":"Smile","segment_id":"peaks.segment.7","user":"aida"},"peaks.point.91":{"time":164.773224,"labelText":"Frown","segment_id":"peaks.segment.8","user":"aida"},"peaks.point.92":{"time":164.773224,"labelText":"bored","segment_id":"peaks.segment.8","user":"aida"},"peaks.point.93":{"time":164.773224,"labelText":"hard","segment_id":"peaks.segment.8","user":"aida"},"peaks.point.94":{"time":164.773224,"labelText":"-1","segment_id":"peaks.segment.8","user":"aida"},"peaks.point.95":{"time":174.957972,"labelText":"surprised","segment_id":"peaks.segment.9","user":"aida"},"peaks.point.96":{"time":174.957972,"labelText":"hard","segment_id":"peaks.segment.9","user":"aida"},"peaks.point.97":{"time":174.950861,"labelText":"Smile","segment_id":"peaks.segment.9","user":"aida"},"peaks.point.98":{"time":174.950861,"labelText":"easy","segment_id":"peaks.segment.9","user":"aida"},"peaks.point.99":{"time":174.950861,"labelText":"1","segment_id":"peaks.segment.9","user":"aida"},"peaks.point.100":{"time":226.595869,"labelText":"surprised","segment_id":"peaks.segment.10","user":"aida"},"peaks.point.101":{"time":227.428207,"labelText":"hard","segment_id":"peaks.segment.10","user":"aida"},"peaks.point.102":{"time":230.043048,"labelText":"1","segment_id":"peaks.segment.10","user":"aida"},"peaks.point.103":{"time":230.043048,"labelText":"Smile","segment_id":"peaks.segment.10","user":"aida"},"peaks.point.104":{"time":243.005551,"labelText":"loving","segment_id":"peaks.segment.11","user":"aida"},"peaks.point.105":{"time":243.005551,"labelText":"easy","segment_id":"peaks.segment.11","user":"aida"},"peaks.point.106":{"time":243.005551,"labelText":"2","segment_id":"peaks.segment.11","user":"aida"},"peaks.point.107":{"time":242.9825,"labelText":"Frown","segment_id":"peaks.segment.11","user":"aida"},"peaks.point.108":{"time":256.789023,"labelText":"loving","segment_id":"peaks.segment.12","user":"aida"},"peaks.point.109":{"time":256.789023,"labelText":"HeadNod","segment_id":"peaks.segment.12","user":"aida"},"peaks.point.110":{"time":256.789023,"labelText":"easy","segment_id":"peaks.segment.12","user":"aida"},"peaks.point.111":{"time":256.789023,"labelText":"1","segment_id":"peaks.segment.12","user":"aida"},"peaks.point.112":{"time":312.460435,"labelText":"excited","segment_id":"peaks.segment.13","user":"aida"},"peaks.point.113":{"time":312.460435,"labelText":"hard","segment_id":"peaks.segment.13","user":"aida"},"peaks.point.114":{"time":312.460435,"labelText":"2","segment_id":"peaks.segment.13","user":"aida"},"peaks.point.115":{"time":312.212467,"labelText":"Smile","segment_id":"peaks.segment.13","user":"aida"},"peaks.point.116":{"time":510.677667,"labelText":"funny","segment_id":"peaks.segment.14","user":"aida"},"peaks.point.118":{"time":511.756091,"labelText":"hard","segment_id":"peaks.segment.14","user":"aida"},"peaks.point.119":{"time":511.756091,"labelText":"1","segment_id":"peaks.segment.14","user":"aida"},"peaks.point.120":{"time":511.756091,"labelText":"Smile","segment_id":"peaks.segment.14","user":"aida"}}