{"peaks.segment.0":{"startTime":0.050793,"endTime":3.724505},"peaks.segment.1":{"startTime":67.760181,"endTime":70.265407},"peaks.segment.2":{"startTime":138.444625,"endTime":141.766383},"peaks.segment.3":{"startTime":184.141496,"endTime":187.835038},"peaks.segment.4":{"startTime":215.108208,"endTime":218.655087},"peaks.segment.5":{"startTime":236.609886,"endTime":240.528253}}
{"peaks.point.0":{"time":3.736908,"labelText":"-1","segment_id":"peaks.segment.0","user":"ikram"},"peaks.point.1":{"time":3.736908,"labelText":"easy","segment_id":"peaks.segment.0","user":"ikram"},"peaks.point.2":{"time":3.736908,"labelText":"sad","segment_id":"peaks.segment.0","user":"ikram"},"peaks.point.3":{"time":3.732188,"labelText":"Frown","segment_id":"peaks.segment.0","user":"ikram"},"peaks.point.4":{"time":141.084241,"labelText":"1","segment_id":"peaks.segment.2","user":"ikram"},"peaks.point.5":{"time":141.768651,"labelText":"hard","segment_id":"peaks.segment.2","user":"ikram"},"peaks.point.6":{"time":141.768651,"labelText":"funny","segment_id":"peaks.segment.2","user":"ikram"},"peaks.point.7":{"time":141.768651,"labelText":"Smile","segment_id":"peaks.segment.2","user":"ikram"},"peaks.point.8":{"time":186.819248,"labelText":"1","segment_id":"peaks.segment.3","user":"ikram"},"peaks.point.9":{"time":187.798118,"labelText":"easy","segment_id":"peaks.segment.3","user":"ikram"},"peaks.point.10":{"time":187.839724,"labelText":"loving","segment_id":"peaks.segment.3","user":"ikram"},"peaks.point.11":{"time":187.839724,"labelText":"Smile","segment_id":"peaks.segment.3","user":"ikram"},"peaks.point.12":{"time":218.671853,"labelText":"1","segment_id":"peaks.segment.4","user":"ikram"},"peaks.point.13":{"time":218.671853,"labelText":"easy","segment_id":"peaks.segment.4","user":"ikram"},"peaks.point.14":{"time":238.454615,"labelText":"-1","segment_id":"peaks.segment.5","user":"ikram"},"peaks.point.15":{"time":239.291958,"labelText":"easy","segment_id":"peaks.segment.5","user":"ikram"},"peaks.point.16":{"time":240.528964,"labelText":"sad","segment_id":"peaks.segment.5","user":"ikram"},"peaks.point.17":{"time":240.539321,"labelText":"Frown","segment_id":"peaks.segment.5","user":"ikram"},"peaks.point.18":{"time":218.666284,"labelText":"happy","segment_id":"peaks.segment.4","user":"ikram"},"peaks.point.19":{"time":218.666284,"labelText":"Smile","segment_id":"peaks.segment.4","user":"ikram"},"peaks.point.20":{"time":70.279392,"labelText":"1","segment_id":"peaks.segment.1","user":"ikram"},"peaks.point.21":{"time":70.279392,"labelText":"easy","segment_id":"peaks.segment.1","user":"ikram"},"peaks.point.22":{"time":70.09013,"labelText":"loving","segment_id":"peaks.segment.1","user":"ikram"},"peaks.point.23":{"time":70.09013,"labelText":"Smile","segment_id":"peaks.segment.1","user":"ikram"},"peaks.point.24":{"time":3.631574,"labelText":"sad","segment_id":"peaks.segment.0","user":"aida"},"peaks.point.25":{"time":3.631574,"labelText":"-2","segment_id":"peaks.segment.0","user":"aida"},"peaks.point.26":{"time":3.616458,"labelText":"HeadShake","segment_id":"peaks.segment.0","user":"aida"},"peaks.point.27":{"time":3.616458,"labelText":"easy","segment_id":"peaks.segment.0","user":"aida"},"peaks.point.28":{"time":70.244473,"labelText":"loving","segment_id":"peaks.segment.1","user":"aida"},"peaks.point.29":{"time":70.244473,"labelText":"2","segment_id":"peaks.segment.1","user":"aida"},"peaks.point.30":{"time":70.244473,"labelText":"easy","segment_id":"peaks.segment.1","user":"aida"},"peaks.point.31":{"time":70.244473,"labelText":"Smile","segment_id":"peaks.segment.1","user":"aida"},"peaks.point.32":{"time":141.482567,"labelText":"funny","segment_id":"peaks.segment.2","user":"aida"},"peaks.point.33":{"time":141.482567,"labelText":"easy","segment_id":"peaks.segment.2","user":"aida"},"peaks.point.34":{"time":141.482567,"labelText":"2","segment_id":"peaks.segment.2","user":"aida"},"peaks.point.35":{"time":141.752945,"labelText":"Smile","segment_id":"peaks.segment.2","user":"aida"},"peaks.point.36":{"time":187.317095,"labelText":"loving","segment_id":"peaks.segment.3","user":"aida"},"peaks.point.37":{"time":187.843382,"labelText":"easy","segment_id":"peaks.segment.3","user":"aida"},"peaks.point.38":{"time":187.835409,"labelText":"2","segment_id":"peaks.segment.3","user":"aida"},"peaks.point.39":{"time":187.835409,"labelText":"Smile","segment_id":"peaks.segment.3","user":"aida"},"peaks.point.40":{"time":218.661882,"labelText":"proud","segment_id":"peaks.segment.4","user":"aida"},"peaks.point.41":{"time":218.661882,"labelText":"easy","segment_id":"peaks.segment.4","user":"aida"},"peaks.point.42":{"time":218.661882,"labelText":"1","segment_id":"peaks.segment.4","user":"aida"},"peaks.point.43":{"time":218.661882,"labelText":"Smile","segment_id":"peaks.segment.4","user":"aida"},"peaks.point.44":{"time":240.476163,"labelText":"sad","segment_id":"peaks.segment.5","user":"aida"},"peaks.point.45":{"time":240.476163,"labelText":"easy","segment_id":"peaks.segment.5","user":"aida"},"peaks.point.46":{"time":240.476163,"labelText":"2","segment_id":"peaks.segment.5","user":"aida"},"peaks.point.47":{"time":238.373603,"labelText":"HeadNod","segment_id":"peaks.segment.5","user":"aida"}}