﻿{"peaks.segment.0":{"startTime":80.54712,"endTime":82.257346,"user":"ikram"},"peaks.segment.1":{"startTime":114.958666,"endTime":117.368292,"user":"ikram"},"peaks.segment.2":{"startTime":105.955555,"endTime":106.94066,"user":"ikram"},"peaks.segment.3":{"startTime":124.705668,"endTime":128.594607,"user":"ikram"},"peaks.segment.4":{"startTime":148.006893,"endTime":150.798167,"user":"ikram"},"peaks.segment.5":{"startTime":165.117097,"endTime":166.428597,"user":"ikram"},"peaks.segment.6":{"startTime":172.103401,"endTime":175.307755,"user":"ikram"},"peaks.segment.7":{"startTime":175.406439,"endTime":176.439731,"user":"ikram"},"peaks.segment.8":{"startTime":221.78829931972788,"endTime":223.809301,"user":"ikram"},"peaks.segment.9":{"startTime":378.1021315192744,"endTime":380.049826,"user":"ikram"},"peaks.segment.10":{"startTime":368.825759,"endTime":373.423314,"user":"ikram"},"peaks.segment.11":{"startTime":401.49043,"endTime":402.329251,"user":"ikram"},"peaks.segment.12":{"startTime":413.744761,"endTime":420.089614,"user":"ikram"},"peaks.segment.13":{"startTime":428.889977,"endTime":430.752371,"user":"ikram"},"peaks.segment.14":{"startTime":430.98848,"endTime":434.84344,"user":"ikram"},"peaks.segment.15":{"startTime":0.011609977324263039,"endTime":3.845804,"user":"ikram"}}
{"peaks.point.0":{"time":82.267249,"labelText":"-1","segment_id":"peaks.segment.0","user":"ikram"},"peaks.point.1":{"time":82.267249,"labelText":"easy","segment_id":"peaks.segment.0","user":"ikram"},"peaks.point.2":{"time":82.267249,"labelText":"sad","segment_id":"peaks.segment.0","user":"ikram"},"peaks.point.3":{"time":82.270984,"labelText":"Frown","segment_id":"peaks.segment.0","user":"ikram"},"peaks.point.4":{"time":116.917331,"labelText":"-1","segment_id":"peaks.segment.1","user":"ikram"},"peaks.point.5":{"time":117.372587,"labelText":"easy","segment_id":"peaks.segment.1","user":"ikram"},"peaks.point.6":{"time":117.372587,"labelText":"hating","segment_id":"peaks.segment.1","user":"ikram"},"peaks.point.7":{"time":117.372587,"labelText":"Frown","segment_id":"peaks.segment.1","user":"ikram"},"peaks.point.8":{"time":106.947022,"labelText":"-1","segment_id":"peaks.segment.2","user":"ikram"},"peaks.point.9":{"time":106.947022,"labelText":"easy","segment_id":"peaks.segment.2","user":"ikram"},"peaks.point.10":{"time":106.947022,"labelText":"sad","segment_id":"peaks.segment.2","user":"ikram"},"peaks.point.11":{"time":106.947022,"labelText":"Frown","segment_id":"peaks.segment.2","user":"ikram"},"peaks.point.12":{"time":128.608443,"labelText":"-1","segment_id":"peaks.segment.3","user":"ikram"},"peaks.point.13":{"time":128.608443,"labelText":"easy","segment_id":"peaks.segment.3","user":"ikram"},"peaks.point.14":{"time":128.608443,"labelText":"hating","segment_id":"peaks.segment.3","user":"ikram"},"peaks.point.15":{"time":128.608443,"labelText":"Frown","segment_id":"peaks.segment.3","user":"ikram"},"peaks.point.16":{"time":150.803599,"labelText":"-1","segment_id":"peaks.segment.4","user":"ikram"},"peaks.point.17":{"time":150.803599,"labelText":"easy","segment_id":"peaks.segment.4","user":"ikram"},"peaks.point.18":{"time":150.803599,"labelText":"sad","segment_id":"peaks.segment.4","user":"ikram"},"peaks.point.19":{"time":150.803599,"labelText":"Frown","segment_id":"peaks.segment.4","user":"ikram"},"peaks.point.20":{"time":166.438214,"labelText":"-2","segment_id":"peaks.segment.5","user":"ikram"},"peaks.point.21":{"time":166.438214,"labelText":"easy","segment_id":"peaks.segment.5","user":"ikram"},"peaks.point.22":{"time":166.438214,"labelText":"surprised","segment_id":"peaks.segment.5","user":"ikram"},"peaks.point.23":{"time":166.438214,"labelText":"Frown","segment_id":"peaks.segment.5","user":"ikram"},"peaks.point.24":{"time":175.323655,"labelText":"-2","segment_id":"peaks.segment.6","user":"ikram"},"peaks.point.25":{"time":175.323655,"labelText":"easy","segment_id":"peaks.segment.6","user":"ikram"},"peaks.point.26":{"time":175.323655,"labelText":"sad","segment_id":"peaks.segment.6","user":"ikram"},"peaks.point.27":{"time":175.323655,"labelText":"Frown","segment_id":"peaks.segment.6","user":"ikram"},"peaks.point.28":{"time":176.448837,"labelText":"-2","segment_id":"peaks.segment.7","user":"ikram"},"peaks.point.29":{"time":176.448837,"labelText":"easy","segment_id":"peaks.segment.7","user":"ikram"},"peaks.point.30":{"time":176.448837,"labelText":"sad","segment_id":"peaks.segment.7","user":"ikram"},"peaks.point.31":{"time":176.448837,"labelText":"Frown","segment_id":"peaks.segment.7","user":"ikram"},"peaks.point.32":{"time":223.822717,"labelText":"-1","segment_id":"peaks.segment.8","user":"ikram"},"peaks.point.33":{"time":223.822717,"labelText":"easy","segment_id":"peaks.segment.8","user":"ikram"},"peaks.point.34":{"time":223.822717,"labelText":"sad","segment_id":"peaks.segment.8","user":"ikram"},"peaks.point.35":{"time":223.822717,"labelText":"Frown","segment_id":"peaks.segment.8","user":"ikram"},"peaks.point.36":{"time":379.790965,"labelText":"-1","segment_id":"peaks.segment.9","user":"ikram"},"peaks.point.37":{"time":380.060558,"labelText":"easy","segment_id":"peaks.segment.9","user":"ikram"},"peaks.point.38":{"time":380.060558,"labelText":"sad","segment_id":"peaks.segment.9","user":"ikram"},"peaks.point.39":{"time":380.060558,"labelText":"HeadShake","segment_id":"peaks.segment.9","user":"ikram"},"peaks.point.40":{"time":373.424569,"labelText":"-1","segment_id":"peaks.segment.10","user":"ikram"},"peaks.point.41":{"time":373.424569,"labelText":"easy","segment_id":"peaks.segment.10","user":"ikram"},"peaks.point.42":{"time":373.424569,"labelText":"sad","segment_id":"peaks.segment.10","user":"ikram"},"peaks.point.43":{"time":373.424569,"labelText":"Frown","segment_id":"peaks.segment.10","user":"ikram"},"peaks.point.44":{"time":402.342847,"labelText":"-2","segment_id":"peaks.segment.11","user":"ikram"},"peaks.point.45":{"time":402.342847,"labelText":"easy","segment_id":"peaks.segment.11","user":"ikram"},"peaks.point.46":{"time":402.342847,"labelText":"sad","segment_id":"peaks.segment.11","user":"ikram"},"peaks.point.47":{"time":402.342847,"labelText":"Frown","segment_id":"peaks.segment.11","user":"ikram"},"peaks.point.48":{"time":420.094356,"labelText":"-1","segment_id":"peaks.segment.12","user":"ikram"},"peaks.point.49":{"time":420.094356,"labelText":"easy","segment_id":"peaks.segment.12","user":"ikram"},"peaks.point.50":{"time":420.094356,"labelText":"sad","segment_id":"peaks.segment.12","user":"ikram"},"peaks.point.51":{"time":420.094356,"labelText":"Frown","segment_id":"peaks.segment.12","user":"ikram"},"peaks.point.52":{"time":430.76759,"labelText":"-1","segment_id":"peaks.segment.13","user":"ikram"},"peaks.point.53":{"time":430.76759,"labelText":"easy","segment_id":"peaks.segment.13","user":"ikram"},"peaks.point.54":{"time":430.76759,"labelText":"sad","segment_id":"peaks.segment.13","user":"ikram"},"peaks.point.55":{"time":430.752642,"labelText":"HeadShake","segment_id":"peaks.segment.13","user":"ikram"},"peaks.point.56":{"time":434.848431,"labelText":"-1","segment_id":"peaks.segment.14","user":"ikram"},"peaks.point.57":{"time":434.848431,"labelText":"easy","segment_id":"peaks.segment.14","user":"ikram"},"peaks.point.58":{"time":434.848431,"labelText":"sad","segment_id":"peaks.segment.14","user":"ikram"},"peaks.point.59":{"time":434.848431,"labelText":"Frown","segment_id":"peaks.segment.14","user":"ikram"},"peaks.point.60":{"time":2.903345,"labelText":"-1","segment_id":"peaks.segment.15","user":"ikram"},"peaks.point.61":{"time":3.846147,"labelText":"easy","segment_id":"peaks.segment.15","user":"ikram"},"peaks.point.62":{"time":3.846147,"labelText":"hating","segment_id":"peaks.segment.15","user":"ikram"},"peaks.point.63":{"time":3.846147,"labelText":"HeadShake","segment_id":"peaks.segment.15","user":"ikram"},"peaks.point.64":{"time":82.285181,"labelText":"hating","segment_id":"peaks.segment.0","user":"aida"},"peaks.point.65":{"time":82.285181,"labelText":"easy","segment_id":"peaks.segment.0","user":"aida"},"peaks.point.66":{"time":82.285181,"labelText":"-2","segment_id":"peaks.segment.0","user":"aida"},"peaks.point.68":{"time":82.232338,"labelText":"Frown","segment_id":"peaks.segment.0","user":"aida"},"peaks.point.69":{"time":106.884076,"labelText":"sorry","segment_id":"peaks.segment.2","user":"aida"},"peaks.point.70":{"time":106.884076,"labelText":"easy","segment_id":"peaks.segment.2","user":"aida"},"peaks.point.71":{"time":106.884076,"labelText":"-1","segment_id":"peaks.segment.2","user":"aida"},"peaks.point.72":{"time":106.878686,"labelText":"HeadShake","segment_id":"peaks.segment.2","user":"aida"},"peaks.point.74":{"time":223.794156,"labelText":"sad","segment_id":"peaks.segment.8","user":"aida"},"peaks.point.75":{"time":223.794156,"labelText":"easy","segment_id":"peaks.segment.8","user":"aida"},"peaks.point.76":{"time":223.794156,"labelText":"-1","segment_id":"peaks.segment.8","user":"aida"},"peaks.point.77":{"time":223.779848,"labelText":"HeadShake","segment_id":"peaks.segment.8","user":"aida"},"peaks.point.78":{"time":402.334099,"labelText":"sad","segment_id":"peaks.segment.10","user":"aida"},"peaks.point.79":{"time":402.334099,"labelText":"easy","segment_id":"peaks.segment.10","user":"aida"},"peaks.point.80":{"time":402.334099,"labelText":"-1","segment_id":"peaks.segment.10","user":"aida"},"peaks.point.81":{"time":402.334099,"labelText":"HeadShake","segment_id":"peaks.segment.10","user":"aida"},"peaks.point.82":{"time":420.104667,"labelText":"Frown","segment_id":"peaks.segment.11","user":"aida"},"peaks.point.83":{"time":420.104667,"labelText":"sad","segment_id":"peaks.segment.11","user":"aida"},"peaks.point.84":{"time":420.104667,"labelText":"easy","segment_id":"peaks.segment.11","user":"aida"},"peaks.point.85":{"time":420.104667,"labelText":"-2","segment_id":"peaks.segment.11","user":"aida"},"peaks.point.86":{"time":430.764324,"labelText":"sad","segment_id":"peaks.segment.12","user":"aida"},"peaks.point.87":{"time":430.764324,"labelText":"easy","segment_id":"peaks.segment.12","user":"aida"},"peaks.point.88":{"time":430.764324,"labelText":"-1","segment_id":"peaks.segment.12","user":"aida"},"peaks.point.89":{"time":430.764324,"labelText":"HeadShake","segment_id":"peaks.segment.12","user":"aida"},"peaks.point.90":{"time":3.846503,"labelText":"hating","segment_id":"peaks.segment.14","user":"aida"},"peaks.point.91":{"time":3.846503,"labelText":"easy","segment_id":"peaks.segment.14","user":"aida"},"peaks.point.92":{"time":3.846503,"labelText":"-1","segment_id":"peaks.segment.14","user":"aida"},"peaks.point.93":{"time":3.846503,"labelText":"HeadShake","segment_id":"peaks.segment.14","user":"aida"}}
