{"peaks.segment.1":{"startTime":343.900589,"endTime":345.050238},"peaks.segment.2":{"startTime":345.467936,"endTime":346.763461}}
{"peaks.point.4":{"time":345.066501,"labelText":"-1","segment_id":"peaks.segment.2","user":"ikram"},"peaks.point.5":{"time":345.066501,"labelText":"easy","segment_id":"peaks.segment.2","user":"ikram"},"peaks.point.6":{"time":345.066501,"labelText":"sad","segment_id":"peaks.segment.2","user":"ikram"},"peaks.point.7":{"time":345.066501,"labelText":"HeadShake","segment_id":"peaks.segment.2","user":"ikram"},"peaks.point.8":{"time":104.930794,"labelText":"0","segment_id":"peaks.segment.1","user":"ikram"},"peaks.point.9":{"time":104.930794,"labelText":"easy","segment_id":"peaks.segment.1","user":"ikram"},"peaks.point.10":{"time":104.930794,"labelText":"surprised","segment_id":"peaks.segment.1","user":"ikram"},"peaks.point.11":{"time":104.930794,"labelText":"HeadNod","segment_id":"peaks.segment.1","user":"ikram"},"peaks.point.17":{"time":345.938271,"labelText":"HeadShake","segment_id":"peaks.segment.1","user":"aida"},"peaks.point.18":{"time":345.938271,"labelText":"sad","segment_id":"peaks.segment.1","user":"aida"},"peaks.point.19":{"time":345.938271,"labelText":"easy","segment_id":"peaks.segment.1","user":"aida"},"peaks.point.20":{"time":345.938271,"labelText":"-1","segment_id":"peaks.segment.1","user":"aida"},"peaks.point.21":{"time":346.774482,"labelText":"HeadShake","segment_id":"peaks.segment.2","user":"aida"},"peaks.point.22":{"time":346.774482,"labelText":"sad","segment_id":"peaks.segment.2","user":"aida"},"peaks.point.23":{"time":346.774482,"labelText":"easy","segment_id":"peaks.segment.2","user":"aida"},"peaks.point.24":{"time":346.774482,"labelText":"-1","segment_id":"peaks.segment.2","user":"aida"}}
