{"peaks.segment.0":{"startTime":17.711020408163265,"endTime":18.578866213151926},"peaks.segment.1":{"startTime":99.490249,"endTime":100.883446},"peaks.segment.2":{"startTime":181.494421,"endTime":185.033158},"peaks.segment.4":{"startTime":395.724625,"endTime":398.595887}}
{"peaks.point.0":{"time":18.579769,"labelText":"0","segment_id":"peaks.segment.0","user":"ikram"},"peaks.point.1":{"time":18.579769,"labelText":"hard","segment_id":"peaks.segment.0","user":"ikram"},"peaks.point.2":{"time":18.579769,"labelText":"funny","segment_id":"peaks.segment.0","user":"ikram"},"peaks.point.3":{"time":18.579769,"labelText":"Smile","segment_id":"peaks.segment.0","user":"ikram"},"peaks.point.4":{"time":100.883676,"labelText":"-1","segment_id":"peaks.segment.1","user":"ikram"},"peaks.point.5":{"time":100.883676,"labelText":"hard","segment_id":"peaks.segment.1","user":"ikram"},"peaks.point.6":{"time":100.883676,"labelText":"sad","segment_id":"peaks.segment.1","user":"ikram"},"peaks.point.7":{"time":100.883676,"labelText":"Frown","segment_id":"peaks.segment.1","user":"ikram"},"peaks.point.8":{"time":182.856484,"labelText":"-1","segment_id":"peaks.segment.2","user":"ikram"},"peaks.point.9":{"time":184.673516,"labelText":"hard","segment_id":"peaks.segment.2","user":"ikram"},"peaks.point.10":{"time":185.04497,"labelText":"sad","segment_id":"peaks.segment.2","user":"ikram"},"peaks.point.11":{"time":185.04497,"labelText":"Frown","segment_id":"peaks.segment.2","user":"ikram"},"peaks.point.12":{"time":206.459686,"labelText":"-1","segment_id":"peaks.segment.4","user":"ikram"},"peaks.point.13":{"time":206.459686,"labelText":"hard","segment_id":"peaks.segment.4","user":"ikram"},"peaks.point.14":{"time":206.459686,"labelText":"hating","segment_id":"peaks.segment.4","user":"ikram"},"peaks.point.15":{"time":206.459686,"labelText":"Frown","segment_id":"peaks.segment.4","user":"ikram"},"peaks.point.20":{"time":18.595752,"labelText":"funny","segment_id":"peaks.segment.0","user":"aida"},"peaks.point.21":{"time":18.595752,"labelText":"hard","segment_id":"peaks.segment.0","user":"aida"},"peaks.point.22":{"time":18.595752,"labelText":"1","segment_id":"peaks.segment.0","user":"aida"},"peaks.point.23":{"time":18.595752,"labelText":"Smile","segment_id":"peaks.segment.0","user":"aida"},"peaks.point.25":{"time":100.898545,"labelText":"hard","segment_id":"peaks.segment.1","user":"aida"},"peaks.point.26":{"time":100.898545,"labelText":"-1","segment_id":"peaks.segment.1","user":"aida"},"peaks.point.27":{"time":100.898545,"labelText":"Frown","segment_id":"peaks.segment.1","user":"aida"},"peaks.point.28":{"time":100.898545,"labelText":"sad","segment_id":"peaks.segment.1","user":"aida"},"peaks.point.29":{"time":185.017925,"labelText":"hating","segment_id":"peaks.segment.2","user":"aida"},"peaks.point.30":{"time":185.017925,"labelText":"hard","segment_id":"peaks.segment.2","user":"aida"},"peaks.point.31":{"time":185.017925,"labelText":"-1","segment_id":"peaks.segment.2","user":"aida"},"peaks.point.33":{"time":185.039265,"labelText":"HeadShake","segment_id":"peaks.segment.2","user":"aida"},"peaks.point.40":{"time":397.736336,"labelText":"sad","segment_id":"peaks.segment.4","user":"aida"},"peaks.point.41":{"time":398.477271,"labelText":"hard","segment_id":"peaks.segment.4","user":"aida"},"peaks.point.42":{"time":398.477271,"labelText":"HeadNod","segment_id":"peaks.segment.4","user":"aida"},"peaks.point.43":{"time":398.477271,"labelText":"-1","segment_id":"peaks.segment.4","user":"aida"}}
