{"peaks.segment.0":{"startTime":166.857142,"endTime":170.996099},"peaks.segment.1":{"startTime":281.636281,"endTime":282.690472},"peaks.segment.2":{"startTime":266.450429,"endTime":270.606259}}
{"peaks.point.0":{"time":171.011387,"labelText":"1","segment_id":"peaks.segment.0","user":"ikram"},"peaks.point.1":{"time":171.011387,"labelText":"hard","segment_id":"peaks.segment.0","user":"ikram"},"peaks.point.2":{"time":171.011387,"labelText":"funny","segment_id":"peaks.segment.0","user":"ikram"},"peaks.point.3":{"time":171.011387,"labelText":"Smile","segment_id":"peaks.segment.0","user":"ikram"},"peaks.point.4":{"time":282.695855,"labelText":"1","segment_id":"peaks.segment.1","user":"ikram"},"peaks.point.5":{"time":282.695855,"labelText":"easy","segment_id":"peaks.segment.1","user":"ikram"},"peaks.point.6":{"time":282.695855,"labelText":"loving","segment_id":"peaks.segment.1","user":"ikram"},"peaks.point.7":{"time":282.708158,"labelText":"Smile","segment_id":"peaks.segment.1","user":"ikram"},"peaks.point.8":{"time":270.608656,"labelText":"1","segment_id":"peaks.segment.2","user":"ikram"},"peaks.point.9":{"time":270.608656,"labelText":"easy","segment_id":"peaks.segment.2","user":"ikram"},"peaks.point.10":{"time":270.608656,"labelText":"glad","segment_id":"peaks.segment.2","user":"ikram"},"peaks.point.11":{"time":270.617296,"labelText":"HeadNod","segment_id":"peaks.segment.2","user":"ikram"},"peaks.point.12":{"time":170.942278,"labelText":"funny","segment_id":"peaks.segment.0","user":"aida"},"peaks.point.13":{"time":170.942278,"labelText":"Smile","segment_id":"peaks.segment.0","user":"aida"},"peaks.point.14":{"time":170.942278,"labelText":"hard","segment_id":"peaks.segment.0","user":"aida"},"peaks.point.15":{"time":170.942278,"labelText":"1","segment_id":"peaks.segment.0","user":"aida"},"peaks.point.16":{"time":282.693642,"labelText":"loving","segment_id":"peaks.segment.1","user":"aida"},"peaks.point.17":{"time":282.693642,"labelText":"easy","segment_id":"peaks.segment.1","user":"aida"},"peaks.point.19":{"time":282.693642,"labelText":"Smile","segment_id":"peaks.segment.1","user":"aida"},"peaks.point.20":{"time":282.693642,"labelText":"2","segment_id":"peaks.segment.1","user":"aida"},"peaks.point.21":{"time":270.557867,"labelText":"glad","segment_id":"peaks.segment.2","user":"aida"},"peaks.point.23":{"time":270.557867,"labelText":"easy","segment_id":"peaks.segment.2","user":"aida"},"peaks.point.24":{"time":270.557867,"labelText":"1","segment_id":"peaks.segment.2","user":"aida"},"peaks.point.25":{"time":270.557867,"labelText":"HeadNod","segment_id":"peaks.segment.2","user":"aida"}}