{"peaks.segment.0":{"startTime":167.83673469387756,"endTime":171.104358},"peaks.segment.1":{"startTime":178.647074,"endTime":180.552144},"peaks.segment.2":{"startTime":232.605339,"endTime":236.136271},"peaks.segment.3":{"startTime":252.524263,"endTime":254.260946},"peaks.segment.4":{"startTime":260.021405,"endTime":262.662732},"peaks.segment.5":{"startTime":278.093414,"endTime":284.95238095238096},"peaks.segment.7":{"startTime":449.0361904761905,"endTime":451.658827}}
{"peaks.point.0":{"time":171.110665,"labelText":"0","segment_id":"peaks.segment.0","user":"ikram"},"peaks.point.1":{"time":171.110665,"labelText":"hard","segment_id":"peaks.segment.0","user":"ikram"},"peaks.point.2":{"time":171.110665,"labelText":"surprised","segment_id":"peaks.segment.0","user":"ikram"},"peaks.point.3":{"time":171.110665,"labelText":"HeadNod","segment_id":"peaks.segment.0","user":"ikram"},"peaks.point.4":{"time":180.563706,"labelText":"0","segment_id":"peaks.segment.1","user":"ikram"},"peaks.point.5":{"time":180.563706,"labelText":"hard","segment_id":"peaks.segment.1","user":"ikram"},"peaks.point.6":{"time":180.563706,"labelText":"surprised","segment_id":"peaks.segment.1","user":"ikram"},"peaks.point.7":{"time":180.563706,"labelText":"HeadNod","segment_id":"peaks.segment.1","user":"ikram"},"peaks.point.8":{"time":235.298146,"labelText":"-1","segment_id":"peaks.segment.2","user":"ikram"},"peaks.point.9":{"time":236.15642,"labelText":"hard","segment_id":"peaks.segment.2","user":"ikram"},"peaks.point.10":{"time":236.15642,"labelText":"sad","segment_id":"peaks.segment.2","user":"ikram"},"peaks.point.11":{"time":236.15642,"labelText":"HeadNod","segment_id":"peaks.segment.2","user":"ikram"},"peaks.point.12":{"time":254.265017,"labelText":"-1","segment_id":"peaks.segment.3","user":"ikram"},"peaks.point.13":{"time":254.265017,"labelText":"easy","segment_id":"peaks.segment.3","user":"ikram"},"peaks.point.14":{"time":254.265017,"labelText":"sad","segment_id":"peaks.segment.3","user":"ikram"},"peaks.point.15":{"time":254.265017,"labelText":"HeadNod","segment_id":"peaks.segment.3","user":"ikram"},"peaks.point.16":{"time":262.674537,"labelText":"-1","segment_id":"peaks.segment.4","user":"ikram"},"peaks.point.17":{"time":262.674537,"labelText":"easy","segment_id":"peaks.segment.4","user":"ikram"},"peaks.point.18":{"time":262.674537,"labelText":"sad","segment_id":"peaks.segment.4","user":"ikram"},"peaks.point.19":{"time":262.771633,"labelText":"HeadNod","segment_id":"peaks.segment.4","user":"ikram"},"peaks.point.20":{"time":281.584652,"labelText":"-1","segment_id":"peaks.segment.5","user":"ikram"},"peaks.point.21":{"time":284.953389,"labelText":"easy","segment_id":"peaks.segment.5","user":"ikram"},"peaks.point.22":{"time":284.953389,"labelText":"sad","segment_id":"peaks.segment.5","user":"ikram"},"peaks.point.23":{"time":284.953389,"labelText":"HeadNod","segment_id":"peaks.segment.5","user":"ikram"},"peaks.point.24":{"time":371.404247,"labelText":"0","segment_id":"peaks.segment.7","user":"ikram"},"peaks.point.25":{"time":371.404247,"labelText":"hard","segment_id":"peaks.segment.7","user":"ikram"},"peaks.point.26":{"time":371.404247,"labelText":"funny","segment_id":"peaks.segment.7","user":"ikram"},"peaks.point.27":{"time":371.404247,"labelText":"Smile","segment_id":"peaks.segment.7","user":"ikram"},"peaks.point.37":{"time":171.113131,"labelText":"surprised","segment_id":"peaks.segment.0","user":"aida"},"peaks.point.38":{"time":171.113131,"labelText":"hard","segment_id":"peaks.segment.0","user":"aida"},"peaks.point.39":{"time":171.113131,"labelText":"0","segment_id":"peaks.segment.0","user":"aida"},"peaks.point.40":{"time":171.11759,"labelText":"HeadShake","segment_id":"peaks.segment.0","user":"aida"},"peaks.point.41":{"time":180.566309,"labelText":"surprised","segment_id":"peaks.segment.1","user":"aida"},"peaks.point.42":{"time":180.566309,"labelText":"hard","segment_id":"peaks.segment.1","user":"aida"},"peaks.point.43":{"time":180.566309,"labelText":"0","segment_id":"peaks.segment.1","user":"aida"},"peaks.point.44":{"time":180.566309,"labelText":"HeadShake","segment_id":"peaks.segment.1","user":"aida"},"peaks.point.45":{"time":236.14026,"labelText":"sad","segment_id":"peaks.segment.2","user":"aida"},"peaks.point.47":{"time":236.14026,"labelText":"-1","segment_id":"peaks.segment.2","user":"aida"},"peaks.point.48":{"time":236.14026,"labelText":"hard","segment_id":"peaks.segment.2","user":"aida"},"peaks.point.49":{"time":236.143878,"labelText":"HeadNod","segment_id":"peaks.segment.2","user":"aida"},"peaks.point.50":{"time":254.232503,"labelText":"HeadNod","segment_id":"peaks.segment.3","user":"aida"},"peaks.point.51":{"time":254.232503,"labelText":"sad","segment_id":"peaks.segment.3","user":"aida"},"peaks.point.52":{"time":254.232503,"labelText":"hard","segment_id":"peaks.segment.3","user":"aida"},"peaks.point.53":{"time":254.232503,"labelText":"-1","segment_id":"peaks.segment.3","user":"aida"},"peaks.point.54":{"time":262.664371,"labelText":"HeadNod","segment_id":"peaks.segment.4","user":"aida"},"peaks.point.55":{"time":262.664371,"labelText":"sad","segment_id":"peaks.segment.4","user":"aida"},"peaks.point.56":{"time":262.664371,"labelText":"hard","segment_id":"peaks.segment.4","user":"aida"},"peaks.point.57":{"time":262.664371,"labelText":"-1","segment_id":"peaks.segment.4","user":"aida"},"peaks.point.58":{"time":284.852809,"labelText":"HeadNod","segment_id":"peaks.segment.5","user":"aida"},"peaks.point.59":{"time":284.852809,"labelText":"sad","segment_id":"peaks.segment.5","user":"aida"},"peaks.point.60":{"time":284.852809,"labelText":"hard","segment_id":"peaks.segment.5","user":"aida"},"peaks.point.61":{"time":284.852809,"labelText":"-1","segment_id":"peaks.segment.5","user":"aida"},"peaks.point.66":{"time":451.674939,"labelText":"glad","segment_id":"peaks.segment.7","user":"aida"},"peaks.point.67":{"time":451.674939,"labelText":"easy","segment_id":"peaks.segment.7","user":"aida"},"peaks.point.68":{"time":451.674939,"labelText":"1","segment_id":"peaks.segment.7","user":"aida"},"peaks.point.69":{"time":451.674939,"labelText":"HeadNod","segment_id":"peaks.segment.7","user":"aida"}}
