{"peaks.segment.0":{"startTime":247.01866666666666,"endTime":251.963168}}
{"peaks.point.0":{"time":251.963168,"labelText":"sad","segment_id":"peaks.segment.0","user":"aida"},"peaks.point.1":{"time":251.963168,"labelText":"easy","segment_id":"peaks.segment.0","user":"aida"},"peaks.point.2":{"time":251.963168,"labelText":"-2","segment_id":"peaks.segment.0","user":"aida"},"peaks.point.3":{"time":251.963168,"labelText":"Frown","segment_id":"peaks.segment.0","user":"aida"},"peaks.point.4":{"time":251.970918,"labelText":"-1","segment_id":"peaks.segment.0","user":"ikram"},"peaks.point.5":{"time":251.970918,"labelText":"hard","segment_id":"peaks.segment.0","user":"ikram"},"peaks.point.6":{"time":251.970918,"labelText":"sad","segment_id":"peaks.segment.0","user":"ikram"},"peaks.point.7":{"time":251.970918,"labelText":"Frown","segment_id":"peaks.segment.0","user":"ikram"}}