{"peaks.segment.0":{"startTime":3.871564,"endTime":7.973289},"peaks.segment.1":{"startTime":45.822411,"endTime":49.542312},"peaks.segment.2":{"startTime":22.824852,"endTime":24.708571},"peaks.segment.3":{"startTime":212.520272,"endTime":215.967529}}
{"peaks.point.0":{"time":7.973289,"labelText":"hating","segment_id":"peaks.segment.0","user":"aida"},"peaks.point.1":{"time":7.973289,"labelText":"easy","segment_id":"peaks.segment.0","user":"aida"},"peaks.point.2":{"time":7.973289,"labelText":"1","segment_id":"peaks.segment.0","user":"aida"},"peaks.point.3":{"time":7.973289,"labelText":"HeadShake","segment_id":"peaks.segment.0","user":"aida"},"peaks.point.4":{"time":49.542312,"labelText":"loving","segment_id":"peaks.segment.1","user":"aida"},"peaks.point.5":{"time":49.542312,"labelText":"easy","segment_id":"peaks.segment.1","user":"aida"},"peaks.point.6":{"time":49.542312,"labelText":"2","segment_id":"peaks.segment.1","user":"aida"},"peaks.point.7":{"time":49.542312,"labelText":"HeadShake","segment_id":"peaks.segment.1","user":"aida"},"peaks.point.8":{"time":24.708571,"labelText":"excited","segment_id":"peaks.segment.2","user":"aida"},"peaks.point.9":{"time":24.708571,"labelText":"easy","segment_id":"peaks.segment.2","user":"aida"},"peaks.point.10":{"time":24.708571,"labelText":"2","segment_id":"peaks.segment.2","user":"aida"},"peaks.point.11":{"time":24.708571,"labelText":"Smile","segment_id":"peaks.segment.2","user":"aida"},"peaks.point.12":{"time":215.967529,"labelText":"hating","segment_id":"peaks.segment.3","user":"aida"},"peaks.point.13":{"time":215.967529,"labelText":"hard","segment_id":"peaks.segment.3","user":"aida"},"peaks.point.14":{"time":215.967529,"labelText":"-1","segment_id":"peaks.segment.3","user":"aida"},"peaks.point.15":{"time":214.978212,"labelText":"HeadShake","segment_id":"peaks.segment.3","user":"aida"},"peaks.point.16":{"time":7.97455,"labelText":"-1","segment_id":"peaks.segment.0","user":"ikram"},"peaks.point.17":{"time":7.97455,"labelText":"easy","segment_id":"peaks.segment.0","user":"ikram"},"peaks.point.18":{"time":7.97455,"labelText":"hating","segment_id":"peaks.segment.0","user":"ikram"},"peaks.point.19":{"time":7.97455,"labelText":"Frown","segment_id":"peaks.segment.0","user":"ikram"},"peaks.point.20":{"time":49.554055,"labelText":"1","segment_id":"peaks.segment.1","user":"ikram"},"peaks.point.21":{"time":49.554055,"labelText":"hard","segment_id":"peaks.segment.1","user":"ikram"},"peaks.point.22":{"time":49.554055,"labelText":"loving","segment_id":"peaks.segment.1","user":"ikram"},"peaks.point.23":{"time":49.232137,"labelText":"HeadShake","segment_id":"peaks.segment.1","user":"ikram"},"peaks.point.24":{"time":24.714419,"labelText":"1","segment_id":"peaks.segment.2","user":"ikram"},"peaks.point.25":{"time":24.714419,"labelText":"easy","segment_id":"peaks.segment.2","user":"ikram"},"peaks.point.26":{"time":24.714419,"labelText":"excited","segment_id":"peaks.segment.2","user":"ikram"},"peaks.point.27":{"time":24.713861,"labelText":"Smile","segment_id":"peaks.segment.2","user":"ikram"},"peaks.point.28":{"time":215.974731,"labelText":"-1","segment_id":"peaks.segment.3","user":"ikram"},"peaks.point.29":{"time":215.974731,"labelText":"easy","segment_id":"peaks.segment.3","user":"ikram"},"peaks.point.30":{"time":215.974731,"labelText":"hating","segment_id":"peaks.segment.3","user":"ikram"},"peaks.point.31":{"time":215.974731,"labelText":"HeadShake","segment_id":"peaks.segment.3","user":"ikram"}}