{"peaks.segment.0":{"startTime":3.740952,"endTime":4.825693},"peaks.segment.1":{"startTime":47.101678004535145,"endTime":50.677188}}
{"peaks.point.0":{"time":4.825693,"labelText":"loving","segment_id":"peaks.segment.0","user":"aida"},"peaks.point.1":{"time":4.825693,"labelText":"1","segment_id":"peaks.segment.0","user":"aida"},"peaks.point.2":{"time":4.825693,"labelText":"easy","segment_id":"peaks.segment.0","user":"aida"},"peaks.point.3":{"time":4.826503,"labelText":"HeadNod","segment_id":"peaks.segment.0","user":"aida"},"peaks.point.4":{"time":50.677188,"labelText":"glad","segment_id":"peaks.segment.1","user":"aida"},"peaks.point.5":{"time":50.677188,"labelText":"easy","segment_id":"peaks.segment.1","user":"aida"},"peaks.point.6":{"time":50.677188,"labelText":"2","segment_id":"peaks.segment.1","user":"aida"},"peaks.point.7":{"time":50.677188,"labelText":"Smile","segment_id":"peaks.segment.1","user":"aida"},"peaks.point.8":{"time":4.831894,"labelText":"1","segment_id":"peaks.segment.0","user":"ikram"},"peaks.point.9":{"time":4.831894,"labelText":"easy","segment_id":"peaks.segment.0","user":"ikram"},"peaks.point.10":{"time":4.831894,"labelText":"loving","segment_id":"peaks.segment.0","user":"ikram"},"peaks.point.11":{"time":4.829155,"labelText":"HeadNod","segment_id":"peaks.segment.0","user":"ikram"},"peaks.point.12":{"time":49.726477,"labelText":"1","segment_id":"peaks.segment.1","user":"ikram"},"peaks.point.13":{"time":50.677244,"labelText":"easy","segment_id":"peaks.segment.1","user":"ikram"},"peaks.point.14":{"time":50.677244,"labelText":"happy","segment_id":"peaks.segment.1","user":"ikram"},"peaks.point.15":{"time":50.683867,"labelText":"Smile","segment_id":"peaks.segment.1","user":"ikram"}}