{"peaks.segment.1":{"startTime":278.248542,"endTime":281.584608},"peaks.segment.2":{"startTime":281.604353,"endTime":284.481214},"peaks.segment.3":{"startTime":288.509387,"endTime":290.025586},"peaks.segment.4":{"startTime":310.176507,"endTime":313.229983}}
{"peaks.point.0":{"time":188.459385,"labelText":"1","segment_id":"peaks.segment.1","user":"ikram"},"peaks.point.1":{"time":188.459385,"labelText":"easy","segment_id":"peaks.segment.1","user":"ikram"},"peaks.point.2":{"time":188.459385,"labelText":"proud","segment_id":"peaks.segment.1","user":"ikram"},"peaks.point.3":{"time":187.983666,"labelText":"Smile","segment_id":"peaks.segment.1","user":"ikram"},"peaks.point.4":{"time":281.585644,"labelText":"-1","segment_id":"peaks.segment.2","user":"ikram"},"peaks.point.5":{"time":281.585644,"labelText":"easy","segment_id":"peaks.segment.2","user":"ikram"},"peaks.point.6":{"time":281.585644,"labelText":"sad","segment_id":"peaks.segment.2","user":"ikram"},"peaks.point.7":{"time":281.585644,"labelText":"Frown","segment_id":"peaks.segment.2","user":"ikram"},"peaks.point.8":{"time":284.488158,"labelText":"-2","segment_id":"peaks.segment.3","user":"ikram"},"peaks.point.9":{"time":284.488158,"labelText":"easy","segment_id":"peaks.segment.3","user":"ikram"},"peaks.point.10":{"time":284.488158,"labelText":"sad","segment_id":"peaks.segment.3","user":"ikram"},"peaks.point.11":{"time":284.487911,"labelText":"Frown","segment_id":"peaks.segment.3","user":"ikram"},"peaks.point.12":{"time":290.035847,"labelText":"-2","segment_id":"peaks.segment.4","user":"ikram"},"peaks.point.13":{"time":290.035847,"labelText":"easy","segment_id":"peaks.segment.4","user":"ikram"},"peaks.point.14":{"time":290.035847,"labelText":"sad","segment_id":"peaks.segment.4","user":"ikram"},"peaks.point.15":{"time":290.035213,"labelText":"HeadNod","segment_id":"peaks.segment.4","user":"ikram"},"peaks.point.29":{"time":281.452033,"labelText":"sad","segment_id":"peaks.segment.1","user":"aida"},"peaks.point.30":{"time":281.452033,"labelText":"easy","segment_id":"peaks.segment.1","user":"aida"},"peaks.point.31":{"time":281.452033,"labelText":"-1","segment_id":"peaks.segment.1","user":"aida"},"peaks.point.32":{"time":281.580911,"labelText":"HeadNod","segment_id":"peaks.segment.1","user":"aida"},"peaks.point.33":{"time":284.495182,"labelText":"sad","segment_id":"peaks.segment.2","user":"aida"},"peaks.point.34":{"time":284.495182,"labelText":"hard","segment_id":"peaks.segment.2","user":"aida"},"peaks.point.35":{"time":284.495182,"labelText":"-2","segment_id":"peaks.segment.2","user":"aida"},"peaks.point.36":{"time":283.449574,"labelText":"HeadShake","segment_id":"peaks.segment.2","user":"aida"},"peaks.point.37":{"time":289.969002,"labelText":"sad","segment_id":"peaks.segment.3","user":"aida"},"peaks.point.38":{"time":289.969002,"labelText":"hard","segment_id":"peaks.segment.3","user":"aida"},"peaks.point.39":{"time":289.969002,"labelText":"-1","segment_id":"peaks.segment.3","user":"aida"},"peaks.point.40":{"time":289.989152,"labelText":"HeadNod","segment_id":"peaks.segment.3","user":"aida"},"peaks.point.41":{"time":313.063123,"labelText":"HeadShake","segment_id":"peaks.segment.4","user":"aida"},"peaks.point.42":{"time":313.063123,"labelText":"sad","segment_id":"peaks.segment.4","user":"aida"},"peaks.point.43":{"time":313.063123,"labelText":"hard","segment_id":"peaks.segment.4","user":"aida"},"peaks.point.44":{"time":313.063123,"labelText":"-2","segment_id":"peaks.segment.4","user":"aida"}}
