{"peaks.segment.0":{"startTime":0.105941,"endTime":4.92591},"peaks.segment.1":{"startTime":36.805079,"endTime":39.528237},"peaks.segment.2":{"startTime":39.574058,"endTime":42.758464},"peaks.segment.3":{"startTime":55.096598,"endTime":56.132789},"peaks.segment.4":{"startTime":56.132789,"endTime":57.73603},"peaks.segment.5":{"startTime":271.100226,"endTime":274.68625850340135},"peaks.segment.6":{"startTime":329.048203,"endTime":330.936844},"peaks.segment.7":{"startTime":331.689795,"endTime":332.766621},"peaks.segment.8":{"startTime":363.216689,"endTime":364.780601},"peaks.segment.9":{"startTime":727.058317,"endTime":729.8844444444444},"peaks.segment.10":{"startTime":744.743764,"endTime":748.07932}}
{"peaks.point.0":{"time":4.93486,"labelText":"1","segment_id":"peaks.segment.0","user":"ikram"},"peaks.point.1":{"time":4.93486,"labelText":"easy","segment_id":"peaks.segment.0","user":"ikram"},"peaks.point.2":{"time":4.93486,"labelText":"happy","segment_id":"peaks.segment.0","user":"ikram"},"peaks.point.3":{"time":4.93486,"labelText":"Smile","segment_id":"peaks.segment.0","user":"ikram"},"peaks.point.4":{"time":39.543422,"labelText":"2","segment_id":"peaks.segment.1","user":"ikram"},"peaks.point.5":{"time":39.543422,"labelText":"easy","segment_id":"peaks.segment.1","user":"ikram"},"peaks.point.6":{"time":39.543422,"labelText":"excited","segment_id":"peaks.segment.1","user":"ikram"},"peaks.point.7":{"time":39.543422,"labelText":"Smile","segment_id":"peaks.segment.1","user":"ikram"},"peaks.point.8":{"time":42.761017,"labelText":"2","segment_id":"peaks.segment.2","user":"ikram"},"peaks.point.9":{"time":42.761017,"labelText":"easy","segment_id":"peaks.segment.2","user":"ikram"},"peaks.point.10":{"time":42.761017,"labelText":"glad","segment_id":"peaks.segment.2","user":"ikram"},"peaks.point.11":{"time":42.761017,"labelText":"Smile","segment_id":"peaks.segment.2","user":"ikram"},"peaks.point.12":{"time":56.140338,"labelText":"2","segment_id":"peaks.segment.3","user":"ikram"},"peaks.point.13":{"time":56.140338,"labelText":"easy","segment_id":"peaks.segment.3","user":"ikram"},"peaks.point.14":{"time":56.140338,"labelText":"excited","segment_id":"peaks.segment.3","user":"ikram"},"peaks.point.15":{"time":56.140338,"labelText":"Smile","segment_id":"peaks.segment.3","user":"ikram"},"peaks.point.16":{"time":57.744634,"labelText":"-1","segment_id":"peaks.segment.4","user":"ikram"},"peaks.point.17":{"time":57.744634,"labelText":"easy","segment_id":"peaks.segment.4","user":"ikram"},"peaks.point.18":{"time":57.744634,"labelText":"afraid","segment_id":"peaks.segment.4","user":"ikram"},"peaks.point.19":{"time":57.752522,"labelText":"HeadNod","segment_id":"peaks.segment.4","user":"ikram"},"peaks.point.20":{"time":273.916164,"labelText":"1","segment_id":"peaks.segment.5","user":"ikram"},"peaks.point.21":{"time":274.690807,"labelText":"easy","segment_id":"peaks.segment.5","user":"ikram"},"peaks.point.22":{"time":274.690807,"labelText":"loving","segment_id":"peaks.segment.5","user":"ikram"},"peaks.point.23":{"time":330.439238,"labelText":"2","segment_id":"peaks.segment.6","user":"ikram"},"peaks.point.24":{"time":330.949672,"labelText":"easy","segment_id":"peaks.segment.6","user":"ikram"},"peaks.point.25":{"time":330.949672,"labelText":"loving","segment_id":"peaks.segment.6","user":"ikram"},"peaks.point.26":{"time":330.938756,"labelText":"Smile","segment_id":"peaks.segment.6","user":"ikram"},"peaks.point.27":{"time":332.772629,"labelText":"1","segment_id":"peaks.segment.7","user":"ikram"},"peaks.point.28":{"time":332.772629,"labelText":"easy","segment_id":"peaks.segment.7","user":"ikram"},"peaks.point.29":{"time":332.772629,"labelText":"loving","segment_id":"peaks.segment.7","user":"ikram"},"peaks.point.30":{"time":364.790274,"labelText":"-1","segment_id":"peaks.segment.8","user":"ikram"},"peaks.point.31":{"time":364.790274,"labelText":"easy","segment_id":"peaks.segment.8","user":"ikram"},"peaks.point.32":{"time":364.790274,"labelText":"afraid","segment_id":"peaks.segment.8","user":"ikram"},"peaks.point.33":{"time":364.783287,"labelText":"HeadNod","segment_id":"peaks.segment.8","user":"ikram"},"peaks.point.34":{"time":729.901306,"labelText":"0","segment_id":"peaks.segment.9","user":"ikram"},"peaks.point.35":{"time":729.901306,"labelText":"easy","segment_id":"peaks.segment.9","user":"ikram"},"peaks.point.36":{"time":729.901306,"labelText":"surprised","segment_id":"peaks.segment.9","user":"ikram"},"peaks.point.37":{"time":728.969335,"labelText":"HeadNod","segment_id":"peaks.segment.9","user":"ikram"},"peaks.point.38":{"time":747.373433,"labelText":"1","segment_id":"peaks.segment.10","user":"ikram"},"peaks.point.39":{"time":748.08432,"labelText":"easy","segment_id":"peaks.segment.10","user":"ikram"},"peaks.point.40":{"time":748.08432,"labelText":"loving","segment_id":"peaks.segment.10","user":"ikram"},"peaks.point.41":{"time":748.08432,"labelText":"HeadNod","segment_id":"peaks.segment.10","user":"ikram"},"peaks.point.42":{"time":4.937923,"labelText":"happy","segment_id":"peaks.segment.0","user":"aida"},"peaks.point.43":{"time":4.937923,"labelText":"Smile","segment_id":"peaks.segment.0","user":"aida"},"peaks.point.44":{"time":4.937923,"labelText":"hard","segment_id":"peaks.segment.0","user":"aida"},"peaks.point.45":{"time":4.937923,"labelText":"1","segment_id":"peaks.segment.0","user":"aida"},"peaks.point.46":{"time":38.329405,"labelText":"excited","segment_id":"peaks.segment.1","user":"aida"},"peaks.point.47":{"time":39.538844,"labelText":"3","segment_id":"peaks.segment.1","user":"aida"},"peaks.point.48":{"time":39.538844,"labelText":"easy","segment_id":"peaks.segment.1","user":"aida"},"peaks.point.49":{"time":39.538844,"labelText":"Smile","segment_id":"peaks.segment.1","user":"aida"},"peaks.point.50":{"time":42.091521,"labelText":"glad","segment_id":"peaks.segment.2","user":"aida"},"peaks.point.51":{"time":42.768285,"labelText":"easy","segment_id":"peaks.segment.2","user":"aida"},"peaks.point.52":{"time":42.768285,"labelText":"2","segment_id":"peaks.segment.2","user":"aida"},"peaks.point.53":{"time":42.768285,"labelText":"Smile","segment_id":"peaks.segment.2","user":"aida"},"peaks.point.54":{"time":56.147319,"labelText":"excited","segment_id":"peaks.segment.3","user":"aida"},"peaks.point.55":{"time":56.147319,"labelText":"easy","segment_id":"peaks.segment.3","user":"aida"},"peaks.point.56":{"time":56.147319,"labelText":"2","segment_id":"peaks.segment.3","user":"aida"},"peaks.point.57":{"time":56.147319,"labelText":"Smile","segment_id":"peaks.segment.3","user":"aida"},"peaks.point.58":{"time":57.749026,"labelText":"afraid","segment_id":"peaks.segment.4","user":"aida"},"peaks.point.59":{"time":57.748363,"labelText":"Smile","segment_id":"peaks.segment.4","user":"aida"},"peaks.point.60":{"time":57.748363,"labelText":"easy","segment_id":"peaks.segment.4","user":"aida"},"peaks.point.61":{"time":57.748363,"labelText":"-1","segment_id":"peaks.segment.4","user":"aida"},"peaks.point.62":{"time":274.686159,"labelText":"loving","segment_id":"peaks.segment.5","user":"aida"},"peaks.point.63":{"time":274.686159,"labelText":"easy","segment_id":"peaks.segment.5","user":"aida"},"peaks.point.64":{"time":274.686159,"labelText":"1","segment_id":"peaks.segment.5","user":"aida"},"peaks.point.65":{"time":274.679702,"labelText":"HeadShake","segment_id":"peaks.segment.5","user":"aida"},"peaks.point.66":{"time":330.945955,"labelText":"Smile","segment_id":"peaks.segment.6","user":"aida"},"peaks.point.67":{"time":330.945955,"labelText":"loving","segment_id":"peaks.segment.6","user":"aida"},"peaks.point.68":{"time":330.945955,"labelText":"easy","segment_id":"peaks.segment.6","user":"aida"},"peaks.point.69":{"time":330.945955,"labelText":"2","segment_id":"peaks.segment.6","user":"aida"},"peaks.point.70":{"time":332.776832,"labelText":"Smile","segment_id":"peaks.segment.7","user":"aida"},"peaks.point.71":{"time":332.776832,"labelText":"loving","segment_id":"peaks.segment.7","user":"aida"},"peaks.point.72":{"time":332.776832,"labelText":"easy","segment_id":"peaks.segment.7","user":"aida"},"peaks.point.73":{"time":332.776832,"labelText":"1","segment_id":"peaks.segment.7","user":"aida"},"peaks.point.74":{"time":364.785776,"labelText":"afraid","segment_id":"peaks.segment.8","user":"aida"},"peaks.point.76":{"time":364.78639,"labelText":"easy","segment_id":"peaks.segment.8","user":"aida"},"peaks.point.77":{"time":364.78639,"labelText":"-1","segment_id":"peaks.segment.8","user":"aida"},"peaks.point.78":{"time":364.788914,"labelText":"Smile","segment_id":"peaks.segment.8","user":"aida"},"peaks.point.79":{"time":729.022212,"labelText":"surprised","segment_id":"peaks.segment.9","user":"aida"},"peaks.point.80":{"time":729.842708,"labelText":"easy","segment_id":"peaks.segment.9","user":"aida"},"peaks.point.81":{"time":730.202946,"labelText":"1","segment_id":"peaks.segment.9","user":"aida"},"peaks.point.82":{"time":729.833532,"labelText":"Smile","segment_id":"peaks.segment.9","user":"aida"},"peaks.point.83":{"time":748.053225,"labelText":"loving","segment_id":"peaks.segment.10","user":"aida"},"peaks.point.84":{"time":748.053225,"labelText":"easy","segment_id":"peaks.segment.10","user":"aida"},"peaks.point.85":{"time":748.053225,"labelText":"HeadNod","segment_id":"peaks.segment.10","user":"aida"},"peaks.point.86":{"time":748.053225,"labelText":"1","segment_id":"peaks.segment.10","user":"aida"}}