{"peaks.segment.0":{"startTime":8.797097,"endTime":11.119455782312926},"peaks.segment.1":{"startTime":71.640772,"endTime":73.188934},"peaks.segment.2":{"startTime":73.319546,"endTime":74.309297},"peaks.segment.3":{"startTime":74.352834,"endTime":75.835286},"peaks.segment.4":{"startTime":76.399718,"endTime":77.946122},"peaks.segment.5":{"startTime":78.529523,"endTime":80.532244},"peaks.segment.6":{"startTime":84.732154,"endTime":87.872653},"peaks.segment.7":{"startTime":102.67283446712018,"endTime":105.11673469387755},"peaks.segment.8":{"startTime":124.078367,"endTime":126.832834},"peaks.segment.9":{"startTime":134.298049,"endTime":136.054058},"peaks.segment.10":{"startTime":137.400816,"endTime":138.81179138321994},"peaks.segment.11":{"startTime":143.202902,"endTime":145.45814},"peaks.segment.12":{"startTime":149.800272,"endTime":152.659229},"peaks.segment.13":{"startTime":160.318911,"endTime":161.680181},"peaks.segment.14":{"startTime":172.883809,"endTime":173.81551},"peaks.segment.15":{"startTime":189.92761904761906,"endTime":192.925052},"peaks.segment.16":{"startTime":193.02712,"endTime":194.40036281179138},"peaks.segment.17":{"startTime":195.560997,"endTime":197.384126984127},"peaks.segment.18":{"startTime":197.6888888888889,"endTime":199.22430839002268},"peaks.segment.19":{"startTime":199.2878,"endTime":200.164353},"peaks.segment.20":{"startTime":227.44526077097507,"endTime":229.1722448979592},"peaks.segment.21":{"startTime":266.358638,"endTime":267.838911},"peaks.segment.22":{"startTime":481.90077,"endTime":484.568163},"peaks.segment.23":{"startTime":518.312561,"endTime":520.216598},"peaks.segment.24":{"startTime":520.451699,"endTime":523.571881},"peaks.segment.25":{"startTime":528.21297,"endTime":532.740861},"peaks.segment.26":{"startTime":655.9840362811791,"endTime":660.188544},"peaks.segment.27":{"startTime":660.331609,"endTime":663.921995},"peaks.segment.28":{"startTime":665.782494,"endTime":666.792925170068},"peaks.segment.29":{"startTime":685.356916,"endTime":686.81904},"peaks.segment.30":{"startTime":732.5895691609977,"endTime":733.997482},"peaks.segment.31":{"startTime":748.782222,"endTime":751.629569},"peaks.segment.32":{"startTime":754.227301,"endTime":757.163742},"peaks.segment.33":{"startTime":797.764716,"endTime":801.256417},"peaks.segment.34":{"startTime":873.528526,"endTime":875.859229},"peaks.segment.35":{"startTime":876.013061,"endTime":878.264634},"peaks.segment.36":{"startTime":885.7454875283447,"endTime":887.829476},"peaks.segment.37":{"startTime":892.795283,"endTime":894.009335},"peaks.segment.38":{"startTime":919.170249,"endTime":921.825616},"peaks.segment.39":{"startTime":930.26068,"endTime":932.616879},"peaks.segment.40":{"startTime":951.1415873015873,"endTime":953.142782},"peaks.segment.41":{"startTime":956.026485260771,"endTime":960.754285}}
{"peaks.point.0":{"time":12.924491,"labelText":"sad","segment_id":"peaks.segment.0","user":"aida"},"peaks.point.1":{"time":12.924491,"labelText":"2","segment_id":"peaks.segment.0","user":"aida"},"peaks.point.2":{"time":12.924491,"labelText":"easy","segment_id":"peaks.segment.0","user":"aida"},"peaks.point.3":{"time":11.089107,"labelText":"HeadShake","segment_id":"peaks.segment.0","user":"aida"},"peaks.point.4":{"time":73.174243,"labelText":"loving","segment_id":"peaks.segment.1","user":"aida"},"peaks.point.5":{"time":73.174243,"labelText":"1","segment_id":"peaks.segment.1","user":"aida"},"peaks.point.6":{"time":73.174243,"labelText":"easy","segment_id":"peaks.segment.1","user":"aida"},"peaks.point.7":{"time":73.161497,"labelText":"HeadShake","segment_id":"peaks.segment.1","user":"aida"},"peaks.point.8":{"time":74.298659,"labelText":"loving","segment_id":"peaks.segment.2","user":"aida"},"peaks.point.9":{"time":74.298659,"labelText":"1","segment_id":"peaks.segment.2","user":"aida"},"peaks.point.10":{"time":74.298659,"labelText":"easy","segment_id":"peaks.segment.2","user":"aida"},"peaks.point.11":{"time":74.282856,"labelText":"HeadShake","segment_id":"peaks.segment.2","user":"aida"},"peaks.point.12":{"time":75.846958,"labelText":"loving","segment_id":"peaks.segment.3","user":"aida"},"peaks.point.13":{"time":75.846958,"labelText":"1","segment_id":"peaks.segment.3","user":"aida"},"peaks.point.14":{"time":75.846958,"labelText":"easy","segment_id":"peaks.segment.3","user":"aida"},"peaks.point.15":{"time":75.83716,"labelText":"HeadShake","segment_id":"peaks.segment.3","user":"aida"},"peaks.point.16":{"time":77.915105,"labelText":"hating","segment_id":"peaks.segment.4","user":"aida"},"peaks.point.17":{"time":77.915105,"labelText":"-1","segment_id":"peaks.segment.4","user":"aida"},"peaks.point.18":{"time":77.915105,"labelText":"easy","segment_id":"peaks.segment.4","user":"aida"},"peaks.point.19":{"time":77.888899,"labelText":"HeadShake","segment_id":"peaks.segment.4","user":"aida"},"peaks.point.20":{"time":80.539759,"labelText":"excited","segment_id":"peaks.segment.5","user":"aida"},"peaks.point.21":{"time":80.539759,"labelText":"1","segment_id":"peaks.segment.5","user":"aida"},"peaks.point.22":{"time":80.539759,"labelText":"easy","segment_id":"peaks.segment.5","user":"aida"},"peaks.point.23":{"time":80.545275,"labelText":"Frown","segment_id":"peaks.segment.5","user":"aida"},"peaks.point.24":{"time":87.835705,"labelText":"sad","segment_id":"peaks.segment.6","user":"aida"},"peaks.point.25":{"time":87.835705,"labelText":"easy","segment_id":"peaks.segment.6","user":"aida"},"peaks.point.26":{"time":87.835705,"labelText":"-1","segment_id":"peaks.segment.6","user":"aida"},"peaks.point.27":{"time":87.835705,"labelText":"Frown","segment_id":"peaks.segment.6","user":"aida"},"peaks.point.28":{"time":105.105789,"labelText":"hating","segment_id":"peaks.segment.7","user":"aida"},"peaks.point.29":{"time":105.105789,"labelText":"-2","segment_id":"peaks.segment.7","user":"aida"},"peaks.point.30":{"time":105.105789,"labelText":"easy","segment_id":"peaks.segment.7","user":"aida"},"peaks.point.31":{"time":105.116877,"labelText":"HeadShake","segment_id":"peaks.segment.7","user":"aida"},"peaks.point.32":{"time":126.842695,"labelText":"sad","segment_id":"peaks.segment.8","user":"aida"},"peaks.point.33":{"time":126.842695,"labelText":"easy","segment_id":"peaks.segment.8","user":"aida"},"peaks.point.34":{"time":126.858695,"labelText":"HeadShake","segment_id":"peaks.segment.8","user":"aida"},"peaks.point.35":{"time":126.858695,"labelText":"-1","segment_id":"peaks.segment.8","user":"aida"},"peaks.point.36":{"time":136.069362,"labelText":"interested","segment_id":"peaks.segment.8","user":"aida"},"peaks.point.37":{"time":136.055516,"labelText":"interested","segment_id":"peaks.segment.9","user":"aida"},"peaks.point.38":{"time":136.046345,"labelText":"0","segment_id":"peaks.segment.9","user":"aida"},"peaks.point.39":{"time":136.046345,"labelText":"easy","segment_id":"peaks.segment.9","user":"aida"},"peaks.point.40":{"time":136.066571,"labelText":"HeadShake","segment_id":"peaks.segment.9","user":"aida"},"peaks.point.41":{"time":138.824001,"labelText":"loving","segment_id":"peaks.segment.10","user":"aida"},"peaks.point.42":{"time":138.824001,"labelText":"1","segment_id":"peaks.segment.10","user":"aida"},"peaks.point.43":{"time":138.824001,"labelText":"easy","segment_id":"peaks.segment.10","user":"aida"},"peaks.point.44":{"time":138.82252,"labelText":"HeadNod","segment_id":"peaks.segment.10","user":"aida"},"peaks.point.45":{"time":145.472814,"labelText":"HeadShake","segment_id":"peaks.segment.11","user":"aida"},"peaks.point.46":{"time":145.472814,"labelText":"angry","segment_id":"peaks.segment.11","user":"aida"},"peaks.point.47":{"time":145.472814,"labelText":"-1","segment_id":"peaks.segment.11","user":"aida"},"peaks.point.48":{"time":145.472814,"labelText":"easy","segment_id":"peaks.segment.11","user":"aida"},"peaks.point.49":{"time":152.620061,"labelText":"hating","segment_id":"peaks.segment.12","user":"aida"},"peaks.point.50":{"time":152.620061,"labelText":"easy","segment_id":"peaks.segment.12","user":"aida"},"peaks.point.51":{"time":152.620061,"labelText":"-2","segment_id":"peaks.segment.12","user":"aida"},"peaks.point.52":{"time":152.667083,"labelText":"HeadShake","segment_id":"peaks.segment.12","user":"aida"},"peaks.point.53":{"time":161.694788,"labelText":"angry","segment_id":"peaks.segment.13","user":"aida"},"peaks.point.54":{"time":161.694788,"labelText":"-1","segment_id":"peaks.segment.13","user":"aida"},"peaks.point.55":{"time":161.694788,"labelText":"easy","segment_id":"peaks.segment.13","user":"aida"},"peaks.point.56":{"time":161.690364,"labelText":"HeadShake","segment_id":"peaks.segment.13","user":"aida"},"peaks.point.57":{"time":173.819124,"labelText":"afraid","segment_id":"peaks.segment.14","user":"aida"},"peaks.point.58":{"time":173.819124,"labelText":"easy","segment_id":"peaks.segment.14","user":"aida"},"peaks.point.59":{"time":173.819124,"labelText":"-1","segment_id":"peaks.segment.14","user":"aida"},"peaks.point.60":{"time":173.83616,"labelText":"HeadShake","segment_id":"peaks.segment.14","user":"aida"},"peaks.point.61":{"time":192.932378,"labelText":"afraid","segment_id":"peaks.segment.15","user":"aida"},"peaks.point.62":{"time":192.932378,"labelText":"easy","segment_id":"peaks.segment.15","user":"aida"},"peaks.point.63":{"time":192.932378,"labelText":"-1","segment_id":"peaks.segment.15","user":"aida"},"peaks.point.64":{"time":192.935475,"labelText":"HeadShake","segment_id":"peaks.segment.15","user":"aida"},"peaks.point.65":{"time":194.411611,"labelText":"disgust","segment_id":"peaks.segment.16","user":"aida"},"peaks.point.66":{"time":194.411611,"labelText":"easy","segment_id":"peaks.segment.16","user":"aida"},"peaks.point.67":{"time":194.411611,"labelText":"-1","segment_id":"peaks.segment.16","user":"aida"},"peaks.point.68":{"time":194.403294,"labelText":"HeadShake","segment_id":"peaks.segment.16","user":"aida"},"peaks.point.69":{"time":197.393443,"labelText":"excited","segment_id":"peaks.segment.17","user":"aida"},"peaks.point.70":{"time":197.393443,"labelText":"easy","segment_id":"peaks.segment.17","user":"aida"},"peaks.point.71":{"time":197.393443,"labelText":"1","segment_id":"peaks.segment.17","user":"aida"},"peaks.point.72":{"time":197.338398,"labelText":"HeadShake","segment_id":"peaks.segment.17","user":"aida"},"peaks.point.73":{"time":199.189372,"labelText":"bored","segment_id":"peaks.segment.18","user":"aida"},"peaks.point.74":{"time":199.195125,"labelText":"HeadShake","segment_id":"peaks.segment.18","user":"aida"},"peaks.point.75":{"time":199.195125,"labelText":"easy","segment_id":"peaks.segment.18","user":"aida"},"peaks.point.76":{"time":199.195125,"labelText":"-1","segment_id":"peaks.segment.18","user":"aida"},"peaks.point.77":{"time":200.177867,"labelText":"hating","segment_id":"peaks.segment.19","user":"aida"},"peaks.point.78":{"time":200.177867,"labelText":"easy","segment_id":"peaks.segment.19","user":"aida"},"peaks.point.79":{"time":200.177867,"labelText":"-1","segment_id":"peaks.segment.19","user":"aida"},"peaks.point.80":{"time":200.171472,"labelText":"HeadShake","segment_id":"peaks.segment.19","user":"aida"},"peaks.point.81":{"time":229.182966,"labelText":"hating","segment_id":"peaks.segment.20","user":"aida"},"peaks.point.82":{"time":229.182966,"labelText":"-1","segment_id":"peaks.segment.20","user":"aida"},"peaks.point.83":{"time":229.182966,"labelText":"easy","segment_id":"peaks.segment.20","user":"aida"},"peaks.point.84":{"time":229.181193,"labelText":"HeadShake","segment_id":"peaks.segment.20","user":"aida"},"peaks.point.85":{"time":267.844251,"labelText":"disgust","segment_id":"peaks.segment.21","user":"aida"},"peaks.point.86":{"time":267.844251,"labelText":"easy","segment_id":"peaks.segment.21","user":"aida"},"peaks.point.87":{"time":267.844251,"labelText":"-1","segment_id":"peaks.segment.21","user":"aida"},"peaks.point.88":{"time":267.84675,"labelText":"HeadShake","segment_id":"peaks.segment.21","user":"aida"},"peaks.point.89":{"time":484.587282,"labelText":"hating","segment_id":"peaks.segment.22","user":"aida"},"peaks.point.90":{"time":484.587282,"labelText":"-2","segment_id":"peaks.segment.22","user":"aida"},"peaks.point.91":{"time":484.587282,"labelText":"easy","segment_id":"peaks.segment.22","user":"aida"},"peaks.point.92":{"time":484.574585,"labelText":"HeadShake","segment_id":"peaks.segment.22","user":"aida"},"peaks.point.93":{"time":520.216598,"labelText":"hating","segment_id":"peaks.segment.23","user":"aida"},"peaks.point.94":{"time":520.216598,"labelText":"-1","segment_id":"peaks.segment.23","user":"aida"},"peaks.point.95":{"time":520.216598,"labelText":"easy","segment_id":"peaks.segment.23","user":"aida"},"peaks.point.96":{"time":520.232876,"labelText":"HeadShake","segment_id":"peaks.segment.23","user":"aida"},"peaks.point.97":{"time":523.571881,"labelText":"hating","segment_id":"peaks.segment.24","user":"aida"},"peaks.point.98":{"time":523.571881,"labelText":"easy","segment_id":"peaks.segment.24","user":"aida"},"peaks.point.99":{"time":523.571881,"labelText":"-2","segment_id":"peaks.segment.24","user":"aida"},"peaks.point.100":{"time":523.564074,"labelText":"HeadShake","segment_id":"peaks.segment.24","user":"aida"},"peaks.point.101":{"time":532.740861,"labelText":"angry","segment_id":"peaks.segment.25","user":"aida"},"peaks.point.102":{"time":532.740861,"labelText":"-1","segment_id":"peaks.segment.25","user":"aida"},"peaks.point.103":{"time":532.740861,"labelText":"easy","segment_id":"peaks.segment.25","user":"aida"},"peaks.point.104":{"time":529.917324,"labelText":"Frown","segment_id":"peaks.segment.25","user":"aida"},"peaks.point.105":{"time":660.188544,"labelText":"hating","segment_id":"peaks.segment.26","user":"aida"},"peaks.point.106":{"time":660.188544,"labelText":"easy","segment_id":"peaks.segment.26","user":"aida"},"peaks.point.107":{"time":660.188544,"labelText":"-2","segment_id":"peaks.segment.26","user":"aida"},"peaks.point.108":{"time":660.188544,"labelText":"Frown","segment_id":"peaks.segment.26","user":"aida"},"peaks.point.109":{"time":663.921995,"labelText":"easy","segment_id":"peaks.segment.27","user":"aida"},"peaks.point.110":{"time":663.921995,"labelText":"loving","segment_id":"peaks.segment.27","user":"aida"},"peaks.point.111":{"time":663.921995,"labelText":"1","segment_id":"peaks.segment.27","user":"aida"},"peaks.point.112":{"time":663.262474,"labelText":"HeadNod","segment_id":"peaks.segment.27","user":"aida"},"peaks.point.113":{"time":666.741287,"labelText":"hating","segment_id":"peaks.segment.28","user":"aida"},"peaks.point.114":{"time":666.741287,"labelText":"-1","segment_id":"peaks.segment.28","user":"aida"},"peaks.point.115":{"time":666.741287,"labelText":"easy","segment_id":"peaks.segment.28","user":"aida"},"peaks.point.116":{"time":666.775689,"labelText":"HeadShake","segment_id":"peaks.segment.28","user":"aida"},"peaks.point.117":{"time":686.81904,"labelText":"hating","segment_id":"peaks.segment.29","user":"aida"},"peaks.point.118":{"time":686.81904,"labelText":"-1","segment_id":"peaks.segment.29","user":"aida"},"peaks.point.119":{"time":686.81904,"labelText":"easy","segment_id":"peaks.segment.29","user":"aida"},"peaks.point.120":{"time":686.81904,"labelText":"Frown","segment_id":"peaks.segment.29","user":"aida"},"peaks.point.121":{"time":733.997482,"labelText":"loving","segment_id":"peaks.segment.30","user":"aida"},"peaks.point.122":{"time":733.997482,"labelText":"2","segment_id":"peaks.segment.30","user":"aida"},"peaks.point.123":{"time":733.997482,"labelText":"easy","segment_id":"peaks.segment.30","user":"aida"},"peaks.point.124":{"time":734.011593,"labelText":"HeadShake","segment_id":"peaks.segment.30","user":"aida"},"peaks.point.125":{"time":751.630001,"labelText":"loving","segment_id":"peaks.segment.31","user":"aida"},"peaks.point.126":{"time":751.630001,"labelText":"easy","segment_id":"peaks.segment.31","user":"aida"},"peaks.point.127":{"time":751.630001,"labelText":"2","segment_id":"peaks.segment.31","user":"aida"},"peaks.point.128":{"time":751.630001,"labelText":"HeadShake","segment_id":"peaks.segment.31","user":"aida"},"peaks.point.129":{"time":757.163742,"labelText":"hating","segment_id":"peaks.segment.32","user":"aida"},"peaks.point.130":{"time":757.163742,"labelText":"easy","segment_id":"peaks.segment.32","user":"aida"},"peaks.point.131":{"time":757.163742,"labelText":"-2","segment_id":"peaks.segment.32","user":"aida"},"peaks.point.132":{"time":757.174703,"labelText":"HeadNod","segment_id":"peaks.segment.32","user":"aida"},"peaks.point.133":{"time":801.256417,"labelText":"hating","segment_id":"peaks.segment.33","user":"aida"},"peaks.point.134":{"time":801.256417,"labelText":"easy","segment_id":"peaks.segment.33","user":"aida"},"peaks.point.135":{"time":801.256417,"labelText":"-1","segment_id":"peaks.segment.33","user":"aida"},"peaks.point.136":{"time":801.265902,"labelText":"HeadShake","segment_id":"peaks.segment.33","user":"aida"},"peaks.point.137":{"time":876.68191,"labelText":"hating","segment_id":"peaks.segment.34","user":"aida"},"peaks.point.138":{"time":876.68191,"labelText":"easy","segment_id":"peaks.segment.34","user":"aida"},"peaks.point.139":{"time":876.68191,"labelText":"-2","segment_id":"peaks.segment.34","user":"aida"},"peaks.point.140":{"time":875.839617,"labelText":"HeadShake","segment_id":"peaks.segment.34","user":"aida"},"peaks.point.141":{"time":878.264634,"labelText":"hating","segment_id":"peaks.segment.35","user":"aida"},"peaks.point.142":{"time":878.264634,"labelText":"-2","segment_id":"peaks.segment.35","user":"aida"},"peaks.point.143":{"time":878.264634,"labelText":"easy","segment_id":"peaks.segment.35","user":"aida"},"peaks.point.144":{"time":878.281198,"labelText":"HeadShake","segment_id":"peaks.segment.35","user":"aida"},"peaks.point.145":{"time":887.829476,"labelText":"sorry","segment_id":"peaks.segment.36","user":"aida"},"peaks.point.146":{"time":887.829476,"labelText":"easy","segment_id":"peaks.segment.36","user":"aida"},"peaks.point.147":{"time":887.829476,"labelText":"-1","segment_id":"peaks.segment.36","user":"aida"},"peaks.point.148":{"time":887.829476,"labelText":"Frown","segment_id":"peaks.segment.36","user":"aida"},"peaks.point.149":{"time":894.009335,"labelText":"sad","segment_id":"peaks.segment.37","user":"aida"},"peaks.point.150":{"time":894.009335,"labelText":"easy","segment_id":"peaks.segment.37","user":"aida"},"peaks.point.151":{"time":894.009335,"labelText":"-2","segment_id":"peaks.segment.37","user":"aida"},"peaks.point.152":{"time":894.023297,"labelText":"Frown","segment_id":"peaks.segment.37","user":"aida"},"peaks.point.153":{"time":921.825616,"labelText":"hating","segment_id":"peaks.segment.38","user":"aida"},"peaks.point.154":{"time":921.825616,"labelText":"easy","segment_id":"peaks.segment.38","user":"aida"},"peaks.point.155":{"time":921.825616,"labelText":"-2","segment_id":"peaks.segment.38","user":"aida"},"peaks.point.156":{"time":921.825616,"labelText":"HeadShake","segment_id":"peaks.segment.38","user":"aida"},"peaks.point.157":{"time":932.616879,"labelText":"funny","segment_id":"peaks.segment.39","user":"aida"},"peaks.point.158":{"time":932.616879,"labelText":"hard","segment_id":"peaks.segment.39","user":"aida"},"peaks.point.159":{"time":932.616879,"labelText":"-2","segment_id":"peaks.segment.39","user":"aida"},"peaks.point.160":{"time":932.616879,"labelText":"Smile","segment_id":"peaks.segment.39","user":"aida"},"peaks.point.161":{"time":953.142782,"labelText":"funny","segment_id":"peaks.segment.40","user":"aida"},"peaks.point.162":{"time":953.142782,"labelText":"easy","segment_id":"peaks.segment.40","user":"aida"},"peaks.point.163":{"time":953.142782,"labelText":"-2","segment_id":"peaks.segment.40","user":"aida"},"peaks.point.164":{"time":953.142782,"labelText":"Smile","segment_id":"peaks.segment.40","user":"aida"},"peaks.point.165":{"time":960.754285,"labelText":"loving","segment_id":"peaks.segment.41","user":"aida"},"peaks.point.166":{"time":960.754285,"labelText":"2","segment_id":"peaks.segment.41","user":"aida"},"peaks.point.167":{"time":960.754285,"labelText":"easy","segment_id":"peaks.segment.41","user":"aida"},"peaks.point.168":{"time":960.754285,"labelText":"Smile","segment_id":"peaks.segment.41","user":"aida"},"peaks.point.169":{"time":11.102773,"labelText":"-1","segment_id":"peaks.segment.0","user":"ikram"},"peaks.point.170":{"time":11.102773,"labelText":"easy","segment_id":"peaks.segment.0","user":"ikram"},"peaks.point.171":{"time":11.102773,"labelText":"sad","segment_id":"peaks.segment.0","user":"ikram"},"peaks.point.172":{"time":11.119632,"labelText":"HeadNod","segment_id":"peaks.segment.0","user":"ikram"},"peaks.point.173":{"time":73.16354,"labelText":"1","segment_id":"peaks.segment.1","user":"ikram"},"peaks.point.174":{"time":73.16354,"labelText":"easy","segment_id":"peaks.segment.1","user":"ikram"},"peaks.point.175":{"time":73.16354,"labelText":"loving","segment_id":"peaks.segment.1","user":"ikram"},"peaks.point.176":{"time":73.16354,"labelText":"HeadNod","segment_id":"peaks.segment.1","user":"ikram"},"peaks.point.177":{"time":74.317854,"labelText":"1","segment_id":"peaks.segment.2","user":"ikram"},"peaks.point.178":{"time":74.317854,"labelText":"easy","segment_id":"peaks.segment.2","user":"ikram"},"peaks.point.179":{"time":74.317854,"labelText":"loving","segment_id":"peaks.segment.2","user":"ikram"},"peaks.point.180":{"time":75.836168,"labelText":"1","segment_id":"peaks.segment.3","user":"ikram"},"peaks.point.181":{"time":75.836168,"labelText":"easy","segment_id":"peaks.segment.3","user":"ikram"},"peaks.point.182":{"time":75.836168,"labelText":"loving","segment_id":"peaks.segment.3","user":"ikram"},"peaks.point.183":{"time":77.916763,"labelText":"-1","segment_id":"peaks.segment.4","user":"ikram"},"peaks.point.184":{"time":77.916763,"labelText":"easy","segment_id":"peaks.segment.4","user":"ikram"},"peaks.point.185":{"time":77.916763,"labelText":"hating","segment_id":"peaks.segment.4","user":"ikram"},"peaks.point.186":{"time":77.899468,"labelText":"Frown","segment_id":"peaks.segment.4","user":"ikram"},"peaks.point.187":{"time":80.545685,"labelText":"1","segment_id":"peaks.segment.5","user":"ikram"},"peaks.point.188":{"time":80.545685,"labelText":"easy","segment_id":"peaks.segment.5","user":"ikram"},"peaks.point.189":{"time":80.545685,"labelText":"excited","segment_id":"peaks.segment.5","user":"ikram"},"peaks.point.190":{"time":87.824141,"labelText":"-1","segment_id":"peaks.segment.6","user":"ikram"},"peaks.point.191":{"time":87.824141,"labelText":"easy","segment_id":"peaks.segment.6","user":"ikram"},"peaks.point.192":{"time":87.824141,"labelText":"sad","segment_id":"peaks.segment.6","user":"ikram"},"peaks.point.193":{"time":87.824141,"labelText":"Frown","segment_id":"peaks.segment.6","user":"ikram"},"peaks.point.194":{"time":105.126101,"labelText":"-1","segment_id":"peaks.segment.7","user":"ikram"},"peaks.point.195":{"time":105.126101,"labelText":"easy","segment_id":"peaks.segment.7","user":"ikram"},"peaks.point.196":{"time":105.126101,"labelText":"hating","segment_id":"peaks.segment.7","user":"ikram"},"peaks.point.197":{"time":105.12113,"labelText":"Frown","segment_id":"peaks.segment.7","user":"ikram"},"peaks.point.198":{"time":126.836126,"labelText":"-1","segment_id":"peaks.segment.8","user":"ikram"},"peaks.point.199":{"time":126.836126,"labelText":"easy","segment_id":"peaks.segment.8","user":"ikram"},"peaks.point.200":{"time":126.836126,"labelText":"sad","segment_id":"peaks.segment.8","user":"ikram"},"peaks.point.201":{"time":126.836126,"labelText":"HeadShake","segment_id":"peaks.segment.8","user":"ikram"},"peaks.point.202":{"time":136.061603,"labelText":"1","segment_id":"peaks.segment.9","user":"ikram"},"peaks.point.203":{"time":136.061603,"labelText":"easy","segment_id":"peaks.segment.9","user":"ikram"},"peaks.point.204":{"time":136.061603,"labelText":"loving","segment_id":"peaks.segment.9","user":"ikram"},"peaks.point.205":{"time":136.06136,"labelText":"HeadNod","segment_id":"peaks.segment.9","user":"ikram"},"peaks.point.206":{"time":138.812744,"labelText":"1","segment_id":"peaks.segment.10","user":"ikram"},"peaks.point.207":{"time":138.812744,"labelText":"easy","segment_id":"peaks.segment.10","user":"ikram"},"peaks.point.208":{"time":138.812744,"labelText":"loving","segment_id":"peaks.segment.10","user":"ikram"},"peaks.point.209":{"time":138.812744,"labelText":"HeadNod","segment_id":"peaks.segment.10","user":"ikram"},"peaks.point.210":{"time":145.178456,"labelText":"-1","segment_id":"peaks.segment.11","user":"ikram"},"peaks.point.211":{"time":145.45881,"labelText":"easy","segment_id":"peaks.segment.11","user":"ikram"},"peaks.point.212":{"time":145.45881,"labelText":"hating","segment_id":"peaks.segment.11","user":"ikram"},"peaks.point.213":{"time":145.467524,"labelText":"HeadShake","segment_id":"peaks.segment.11","user":"ikram"},"peaks.point.214":{"time":152.655902,"labelText":"-1","segment_id":"peaks.segment.12","user":"ikram"},"peaks.point.215":{"time":152.655902,"labelText":"easy","segment_id":"peaks.segment.12","user":"ikram"},"peaks.point.216":{"time":152.655902,"labelText":"hating","segment_id":"peaks.segment.12","user":"ikram"},"peaks.point.217":{"time":152.655902,"labelText":"HeadShake","segment_id":"peaks.segment.12","user":"ikram"},"peaks.point.218":{"time":161.692663,"labelText":"-1","segment_id":"peaks.segment.13","user":"ikram"},"peaks.point.219":{"time":161.692663,"labelText":"easy","segment_id":"peaks.segment.13","user":"ikram"},"peaks.point.220":{"time":161.692663,"labelText":"sad","segment_id":"peaks.segment.13","user":"ikram"},"peaks.point.221":{"time":161.697981,"labelText":"HeadShake","segment_id":"peaks.segment.13","user":"ikram"},"peaks.point.222":{"time":173.82394,"labelText":"0","segment_id":"peaks.segment.14","user":"ikram"},"peaks.point.223":{"time":173.82394,"labelText":"easy","segment_id":"peaks.segment.14","user":"ikram"},"peaks.point.224":{"time":173.82394,"labelText":"afraid","segment_id":"peaks.segment.14","user":"ikram"},"peaks.point.225":{"time":173.826579,"labelText":"HeadNod","segment_id":"peaks.segment.14","user":"ikram"},"peaks.point.226":{"time":192.932961,"labelText":"-1","segment_id":"peaks.segment.15","user":"ikram"},"peaks.point.227":{"time":192.932961,"labelText":"hard","segment_id":"peaks.segment.15","user":"ikram"},"peaks.point.228":{"time":192.932961,"labelText":"disgust","segment_id":"peaks.segment.15","user":"ikram"},"peaks.point.229":{"time":192.932961,"labelText":"Frown","segment_id":"peaks.segment.15","user":"ikram"},"peaks.point.230":{"time":194.412782,"labelText":"-1","segment_id":"peaks.segment.16","user":"ikram"},"peaks.point.231":{"time":194.412782,"labelText":"easy","segment_id":"peaks.segment.16","user":"ikram"},"peaks.point.232":{"time":194.412782,"labelText":"disgust","segment_id":"peaks.segment.16","user":"ikram"},"peaks.point.233":{"time":194.401345,"labelText":"HeadNod","segment_id":"peaks.segment.16","user":"ikram"},"peaks.point.234":{"time":197.385326,"labelText":"1","segment_id":"peaks.segment.17","user":"ikram"},"peaks.point.235":{"time":197.385326,"labelText":"easy","segment_id":"peaks.segment.17","user":"ikram"},"peaks.point.236":{"time":197.385326,"labelText":"excited","segment_id":"peaks.segment.17","user":"ikram"},"peaks.point.237":{"time":197.398373,"labelText":"HeadShake","segment_id":"peaks.segment.17","user":"ikram"},"peaks.point.238":{"time":199.162642,"labelText":"-1","segment_id":"peaks.segment.18","user":"ikram"},"peaks.point.239":{"time":199.162642,"labelText":"easy","segment_id":"peaks.segment.18","user":"ikram"},"peaks.point.242":{"time":199.162642,"labelText":"bored","segment_id":"peaks.segment.18","user":"ikram"},"peaks.point.243":{"time":199.162642,"labelText":"HeadShake","segment_id":"peaks.segment.18","user":"ikram"},"peaks.point.244":{"time":200.180521,"labelText":"-1","segment_id":"peaks.segment.19","user":"ikram"},"peaks.point.245":{"time":200.180521,"labelText":"easy","segment_id":"peaks.segment.19","user":"ikram"},"peaks.point.246":{"time":200.180521,"labelText":"hating","segment_id":"peaks.segment.19","user":"ikram"},"peaks.point.247":{"time":200.180521,"labelText":"HeadShake","segment_id":"peaks.segment.19","user":"ikram"},"peaks.point.248":{"time":229.155094,"labelText":"-1","segment_id":"peaks.segment.20","user":"ikram"},"peaks.point.249":{"time":229.155094,"labelText":"easy","segment_id":"peaks.segment.20","user":"ikram"},"peaks.point.250":{"time":229.155094,"labelText":"hating","segment_id":"peaks.segment.20","user":"ikram"},"peaks.point.251":{"time":229.158,"labelText":"HeadShake","segment_id":"peaks.segment.20","user":"ikram"},"peaks.point.252":{"time":267.829299,"labelText":"-1","segment_id":"peaks.segment.21","user":"ikram"},"peaks.point.253":{"time":267.829299,"labelText":"easy","segment_id":"peaks.segment.21","user":"ikram"},"peaks.point.254":{"time":267.829299,"labelText":"disgust","segment_id":"peaks.segment.21","user":"ikram"},"peaks.point.255":{"time":267.851725,"labelText":"HeadNod","segment_id":"peaks.segment.21","user":"ikram"},"peaks.point.256":{"time":484.575707,"labelText":"-1","segment_id":"peaks.segment.22","user":"ikram"},"peaks.point.257":{"time":484.575707,"labelText":"easy","segment_id":"peaks.segment.22","user":"ikram"},"peaks.point.258":{"time":484.575707,"labelText":"hating","segment_id":"peaks.segment.22","user":"ikram"},"peaks.point.259":{"time":484.582267,"labelText":"Frown","segment_id":"peaks.segment.22","user":"ikram"},"peaks.point.260":{"time":520.228319,"labelText":"-1","segment_id":"peaks.segment.23","user":"ikram"},"peaks.point.261":{"time":520.228319,"labelText":"easy","segment_id":"peaks.segment.23","user":"ikram"},"peaks.point.262":{"time":520.228319,"labelText":"hating","segment_id":"peaks.segment.23","user":"ikram"},"peaks.point.263":{"time":520.228319,"labelText":"HeadShake","segment_id":"peaks.segment.23","user":"ikram"},"peaks.point.264":{"time":523.548974,"labelText":"-1","segment_id":"peaks.segment.24","user":"ikram"},"peaks.point.265":{"time":523.548974,"labelText":"easy","segment_id":"peaks.segment.24","user":"ikram"},"peaks.point.266":{"time":523.548974,"labelText":"hating","segment_id":"peaks.segment.24","user":"ikram"},"peaks.point.267":{"time":523.548974,"labelText":"HeadNod","segment_id":"peaks.segment.24","user":"ikram"},"peaks.point.268":{"time":532.753463,"labelText":"-1","segment_id":"peaks.segment.25","user":"ikram"},"peaks.point.269":{"time":532.753463,"labelText":"easy","segment_id":"peaks.segment.25","user":"ikram"},"peaks.point.270":{"time":532.753463,"labelText":"hating","segment_id":"peaks.segment.25","user":"ikram"},"peaks.point.271":{"time":532.753463,"labelText":"Frown","segment_id":"peaks.segment.25","user":"ikram"},"peaks.point.272":{"time":660.164434,"labelText":"-1","segment_id":"peaks.segment.26","user":"ikram"},"peaks.point.273":{"time":660.164434,"labelText":"easy","segment_id":"peaks.segment.26","user":"ikram"},"peaks.point.274":{"time":660.164434,"labelText":"hating","segment_id":"peaks.segment.26","user":"ikram"},"peaks.point.275":{"time":660.164434,"labelText":"Frown","segment_id":"peaks.segment.26","user":"ikram"},"peaks.point.276":{"time":663.938539,"labelText":"1","segment_id":"peaks.segment.27","user":"ikram"},"peaks.point.277":{"time":663.938539,"labelText":"easy","segment_id":"peaks.segment.27","user":"ikram"},"peaks.point.278":{"time":663.938539,"labelText":"loving","segment_id":"peaks.segment.27","user":"ikram"},"peaks.point.279":{"time":663.938539,"labelText":"HeadNod","segment_id":"peaks.segment.27","user":"ikram"},"peaks.point.280":{"time":666.739012,"labelText":"-1","segment_id":"peaks.segment.28","user":"ikram"},"peaks.point.281":{"time":666.739012,"labelText":"easy","segment_id":"peaks.segment.28","user":"ikram"},"peaks.point.282":{"time":666.739012,"labelText":"hating","segment_id":"peaks.segment.28","user":"ikram"},"peaks.point.283":{"time":666.759419,"labelText":"Frown","segment_id":"peaks.segment.28","user":"ikram"},"peaks.point.284":{"time":686.821108,"labelText":"-1","segment_id":"peaks.segment.29","user":"ikram"},"peaks.point.285":{"time":686.821108,"labelText":"easy","segment_id":"peaks.segment.29","user":"ikram"},"peaks.point.286":{"time":686.821108,"labelText":"hating","segment_id":"peaks.segment.29","user":"ikram"},"peaks.point.287":{"time":686.821108,"labelText":"Frown","segment_id":"peaks.segment.29","user":"ikram"},"peaks.point.288":{"time":733.856184,"labelText":"1","segment_id":"peaks.segment.30","user":"ikram"},"peaks.point.289":{"time":733.997966,"labelText":"easy","segment_id":"peaks.segment.30","user":"ikram"},"peaks.point.290":{"time":733.997966,"labelText":"loving","segment_id":"peaks.segment.30","user":"ikram"},"peaks.point.291":{"time":733.997966,"labelText":"HeadNod","segment_id":"peaks.segment.30","user":"ikram"},"peaks.point.292":{"time":751.637253,"labelText":"1","segment_id":"peaks.segment.31","user":"ikram"},"peaks.point.293":{"time":751.637253,"labelText":"easy","segment_id":"peaks.segment.31","user":"ikram"},"peaks.point.294":{"time":751.637253,"labelText":"loving","segment_id":"peaks.segment.31","user":"ikram"},"peaks.point.295":{"time":751.637253,"labelText":"HeadNod","segment_id":"peaks.segment.31","user":"ikram"},"peaks.point.296":{"time":756.619379,"labelText":"-1","segment_id":"peaks.segment.32","user":"ikram"},"peaks.point.297":{"time":757.172855,"labelText":"easy","segment_id":"peaks.segment.32","user":"ikram"},"peaks.point.298":{"time":757.172855,"labelText":"hating","segment_id":"peaks.segment.32","user":"ikram"},"peaks.point.299":{"time":757.172855,"labelText":"HeadNod","segment_id":"peaks.segment.32","user":"ikram"},"peaks.point.300":{"time":801.264967,"labelText":"-1","segment_id":"peaks.segment.33","user":"ikram"},"peaks.point.301":{"time":801.264967,"labelText":"easy","segment_id":"peaks.segment.33","user":"ikram"},"peaks.point.302":{"time":801.264967,"labelText":"hating","segment_id":"peaks.segment.33","user":"ikram"},"peaks.point.303":{"time":801.264967,"labelText":"HeadShake","segment_id":"peaks.segment.33","user":"ikram"},"peaks.point.304":{"time":875.871187,"labelText":"-1","segment_id":"peaks.segment.34","user":"ikram"},"peaks.point.305":{"time":875.871187,"labelText":"easy","segment_id":"peaks.segment.34","user":"ikram"},"peaks.point.306":{"time":875.871187,"labelText":"hating","segment_id":"peaks.segment.34","user":"ikram"},"peaks.point.307":{"time":875.871187,"labelText":"HeadNod","segment_id":"peaks.segment.34","user":"ikram"},"peaks.point.308":{"time":878.276434,"labelText":"-1","segment_id":"peaks.segment.35","user":"ikram"},"peaks.point.309":{"time":878.276434,"labelText":"easy","segment_id":"peaks.segment.35","user":"ikram"},"peaks.point.310":{"time":878.276434,"labelText":"hating","segment_id":"peaks.segment.35","user":"ikram"},"peaks.point.311":{"time":878.278676,"labelText":"HeadShake","segment_id":"peaks.segment.35","user":"ikram"},"peaks.point.312":{"time":887.831202,"labelText":"-1","segment_id":"peaks.segment.36","user":"ikram"},"peaks.point.313":{"time":887.831202,"labelText":"hard","segment_id":"peaks.segment.36","user":"ikram"},"peaks.point.314":{"time":896.449613,"labelText":"sad","segment_id":"peaks.segment.36","user":"ikram"},"peaks.point.315":{"time":896.449613,"labelText":"Frown","segment_id":"peaks.segment.36","user":"ikram"},"peaks.point.316":{"time":894.024523,"labelText":"-1","segment_id":"peaks.segment.37","user":"ikram"},"peaks.point.317":{"time":894.024523,"labelText":"easy","segment_id":"peaks.segment.37","user":"ikram"},"peaks.point.318":{"time":894.024523,"labelText":"sad","segment_id":"peaks.segment.37","user":"ikram"},"peaks.point.319":{"time":894.024523,"labelText":"HeadShake","segment_id":"peaks.segment.37","user":"ikram"},"peaks.point.320":{"time":921.643946,"labelText":"-1","segment_id":"peaks.segment.38","user":"ikram"},"peaks.point.321":{"time":921.832554,"labelText":"easy","segment_id":"peaks.segment.38","user":"ikram"},"peaks.point.322":{"time":921.832554,"labelText":"hating","segment_id":"peaks.segment.38","user":"ikram"},"peaks.point.323":{"time":921.832554,"labelText":"Frown","segment_id":"peaks.segment.38","user":"ikram"},"peaks.point.324":{"time":932.475056,"labelText":"-1","segment_id":"peaks.segment.39","user":"ikram"},"peaks.point.325":{"time":932.627396,"labelText":"easy","segment_id":"peaks.segment.39","user":"ikram"},"peaks.point.328":{"time":953.146995,"labelText":"0","segment_id":"peaks.segment.40","user":"ikram"},"peaks.point.329":{"time":953.146995,"labelText":"easy","segment_id":"peaks.segment.40","user":"ikram"},"peaks.point.330":{"time":953.146995,"labelText":"funny","segment_id":"peaks.segment.40","user":"ikram"},"peaks.point.331":{"time":953.146995,"labelText":"Smile","segment_id":"peaks.segment.40","user":"ikram"},"peaks.point.332":{"time":959.360178,"labelText":"1","segment_id":"peaks.segment.41","user":"ikram"},"peaks.point.333":{"time":960.321809,"labelText":"easy","segment_id":"peaks.segment.41","user":"ikram"},"peaks.point.334":{"time":960.667349,"labelText":"loving","segment_id":"peaks.segment.41","user":"ikram"},"peaks.point.335":{"time":960.667349,"labelText":"Smile","segment_id":"peaks.segment.41","user":"ikram"},"peaks.point.336":{"time":932.62013,"labelText":"funny","segment_id":"peaks.segment.39","user":"ikram"},"peaks.point.337":{"time":932.62013,"labelText":"Smile","segment_id":"peaks.segment.39","user":"ikram"}}