{"peaks.segment.1":{"startTime":6.148934,"endTime":9.125439},"peaks.segment.2":{"startTime":11.451791,"endTime":17.738305},"peaks.segment.3":{"startTime":36.195555,"endTime":40.496295},"peaks.segment.4":{"startTime":52.638185,"endTime":56.19608},"peaks.segment.5":{"startTime":208.517326,"endTime":211.291732}}
{"peaks.point.0":{"time":4.406227,"labelText":"1","segment_id":"peaks.segment.1","user":"ikram"},"peaks.point.1":{"time":5.059421,"labelText":"easy","segment_id":"peaks.segment.1","user":"ikram"},"peaks.point.2":{"time":5.577879,"labelText":"happy","segment_id":"peaks.segment.1","user":"ikram"},"peaks.point.3":{"time":5.578148,"labelText":"HeadNod","segment_id":"peaks.segment.1","user":"ikram"},"peaks.point.4":{"time":9.135069,"labelText":"1","segment_id":"peaks.segment.2","user":"ikram"},"peaks.point.5":{"time":9.135069,"labelText":"easy","segment_id":"peaks.segment.2","user":"ikram"},"peaks.point.6":{"time":9.135069,"labelText":"glad","segment_id":"peaks.segment.2","user":"ikram"},"peaks.point.7":{"time":9.131661,"labelText":"HeadNod","segment_id":"peaks.segment.2","user":"ikram"},"peaks.point.8":{"time":17.752972,"labelText":"-1","segment_id":"peaks.segment.3","user":"ikram"},"peaks.point.9":{"time":17.752972,"labelText":"easy","segment_id":"peaks.segment.3","user":"ikram"},"peaks.point.10":{"time":17.752972,"labelText":"sad","segment_id":"peaks.segment.3","user":"ikram"},"peaks.point.11":{"time":38.218357,"labelText":"-1","segment_id":"peaks.segment.4","user":"ikram"},"peaks.point.12":{"time":38.945042,"labelText":"easy","segment_id":"peaks.segment.4","user":"ikram"},"peaks.point.13":{"time":40.117413,"labelText":"sad","segment_id":"peaks.segment.4","user":"ikram"},"peaks.point.14":{"time":40.504487,"labelText":"HeadNod","segment_id":"peaks.segment.4","user":"ikram"},"peaks.point.15":{"time":56.197869,"labelText":"0","segment_id":"peaks.segment.5","user":"ikram"},"peaks.point.16":{"time":56.197869,"labelText":"hard","segment_id":"peaks.segment.5","user":"ikram"},"peaks.point.17":{"time":56.197869,"labelText":"surprised","segment_id":"peaks.segment.5","user":"ikram"},"peaks.point.18":{"time":55.53586,"labelText":"HeadShake","segment_id":"peaks.segment.5","user":"ikram"},"peaks.point.23":{"time":17.745033,"labelText":"Frown","segment_id":"peaks.segment.3","user":"ikram"},"peaks.point.28":{"time":9.140423,"labelText":"glad","segment_id":"peaks.segment.1","user":"aida"},"peaks.point.29":{"time":9.140423,"labelText":"easy","segment_id":"peaks.segment.1","user":"aida"},"peaks.point.30":{"time":9.140423,"labelText":"2","segment_id":"peaks.segment.1","user":"aida"},"peaks.point.31":{"time":9.140423,"labelText":"HeadShake","segment_id":"peaks.segment.1","user":"aida"},"peaks.point.32":{"time":17.684036,"labelText":"sad","segment_id":"peaks.segment.2","user":"aida"},"peaks.point.33":{"time":17.684036,"labelText":"easy","segment_id":"peaks.segment.2","user":"aida"},"peaks.point.34":{"time":17.684036,"labelText":"-2","segment_id":"peaks.segment.2","user":"aida"},"peaks.point.35":{"time":15.495307,"labelText":"HeadShake","segment_id":"peaks.segment.2","user":"aida"},"peaks.point.36":{"time":40.500869,"labelText":"sad","segment_id":"peaks.segment.3","user":"aida"},"peaks.point.37":{"time":40.500869,"labelText":"easy","segment_id":"peaks.segment.3","user":"aida"},"peaks.point.38":{"time":40.500869,"labelText":"-1","segment_id":"peaks.segment.3","user":"aida"},"peaks.point.39":{"time":40.507661,"labelText":"HeadShake","segment_id":"peaks.segment.3","user":"aida"},"peaks.point.40":{"time":56.202643,"labelText":"surprised","segment_id":"peaks.segment.4","user":"aida"},"peaks.point.41":{"time":56.202643,"labelText":"hard","segment_id":"peaks.segment.4","user":"aida"},"peaks.point.42":{"time":56.202643,"labelText":"0","segment_id":"peaks.segment.4","user":"aida"},"peaks.point.43":{"time":56.202643,"labelText":"HeadShake","segment_id":"peaks.segment.4","user":"aida"},"peaks.point.44":{"time":211.22386,"labelText":"happy","segment_id":"peaks.segment.5","user":"aida"},"peaks.point.45":{"time":211.305636,"labelText":"easy","segment_id":"peaks.segment.5","user":"aida"},"peaks.point.46":{"time":211.305636,"labelText":"2","segment_id":"peaks.segment.5","user":"aida"},"peaks.point.47":{"time":211.305636,"labelText":"Smile","segment_id":"peaks.segment.5","user":"aida"}}
