{"peaks.segment.0":{"startTime":222.514727,"endTime":223.726802},"peaks.segment.1":{"startTime":435.8646712018141,"endTime":439.051247},"peaks.segment.2":{"startTime":502.8774603174603,"endTime":505.782494},"peaks.segment.3":{"startTime":516.57687,"endTime":520.829024},"peaks.segment.4":{"startTime":570.1892063492063,"endTime":571.348412}}
{"peaks.point.0":{"time":223.726802,"labelText":"easy","segment_id":"peaks.segment.0","user":"aida"},"peaks.point.1":{"time":223.726802,"labelText":"sad","segment_id":"peaks.segment.0","user":"aida"},"peaks.point.2":{"time":223.726802,"labelText":"Smile","segment_id":"peaks.segment.0","user":"aida"},"peaks.point.3":{"time":223.726802,"labelText":"-1","segment_id":"peaks.segment.0","user":"aida"},"peaks.point.4":{"time":439.051247,"labelText":"excited","segment_id":"peaks.segment.1","user":"aida"},"peaks.point.5":{"time":439.051247,"labelText":"2","segment_id":"peaks.segment.1","user":"aida"},"peaks.point.6":{"time":439.051247,"labelText":"easy","segment_id":"peaks.segment.1","user":"aida"},"peaks.point.7":{"time":439.051247,"labelText":"Smile","segment_id":"peaks.segment.1","user":"aida"},"peaks.point.8":{"time":505.782494,"labelText":"happy","segment_id":"peaks.segment.2","user":"aida"},"peaks.point.9":{"time":505.782494,"labelText":"easy","segment_id":"peaks.segment.2","user":"aida"},"peaks.point.10":{"time":505.782494,"labelText":"1","segment_id":"peaks.segment.2","user":"aida"},"peaks.point.11":{"time":505.784489,"labelText":"HeadNod","segment_id":"peaks.segment.2","user":"aida"},"peaks.point.12":{"time":520.829024,"labelText":"happy","segment_id":"peaks.segment.3","user":"aida"},"peaks.point.13":{"time":520.829024,"labelText":"easy","segment_id":"peaks.segment.3","user":"aida"},"peaks.point.14":{"time":520.829024,"labelText":"2","segment_id":"peaks.segment.3","user":"aida"},"peaks.point.15":{"time":520.829024,"labelText":"Smile","segment_id":"peaks.segment.3","user":"aida"},"peaks.point.16":{"time":571.348412,"labelText":"happy","segment_id":"peaks.segment.4","user":"aida"},"peaks.point.17":{"time":571.348412,"labelText":"easy","segment_id":"peaks.segment.4","user":"aida"},"peaks.point.18":{"time":571.348412,"labelText":"1","segment_id":"peaks.segment.4","user":"aida"},"peaks.point.19":{"time":571.348412,"labelText":"Smile","segment_id":"peaks.segment.4","user":"aida"},"peaks.point.20":{"time":223.741976,"labelText":"-1","segment_id":"peaks.segment.0","user":"ikram"},"peaks.point.21":{"time":223.741976,"labelText":"easy","segment_id":"peaks.segment.0","user":"ikram"},"peaks.point.22":{"time":223.741976,"labelText":"sad","segment_id":"peaks.segment.0","user":"ikram"},"peaks.point.23":{"time":224.135269,"labelText":"HeadShake","segment_id":"peaks.segment.0","user":"ikram"},"peaks.point.24":{"time":439.06062,"labelText":"1","segment_id":"peaks.segment.1","user":"ikram"},"peaks.point.25":{"time":439.06062,"labelText":"easy","segment_id":"peaks.segment.1","user":"ikram"},"peaks.point.26":{"time":439.06062,"labelText":"excited","segment_id":"peaks.segment.1","user":"ikram"},"peaks.point.27":{"time":439.06062,"labelText":"Smile","segment_id":"peaks.segment.1","user":"ikram"},"peaks.point.28":{"time":505.785313,"labelText":"1","segment_id":"peaks.segment.2","user":"ikram"},"peaks.point.29":{"time":505.785313,"labelText":"easy","segment_id":"peaks.segment.2","user":"ikram"},"peaks.point.30":{"time":505.785313,"labelText":"happy","segment_id":"peaks.segment.2","user":"ikram"},"peaks.point.31":{"time":505.789527,"labelText":"HeadNod","segment_id":"peaks.segment.2","user":"ikram"},"peaks.point.32":{"time":520.086225,"labelText":"1","segment_id":"peaks.segment.3","user":"ikram"},"peaks.point.33":{"time":520.845337,"labelText":"easy","segment_id":"peaks.segment.3","user":"ikram"},"peaks.point.34":{"time":520.845337,"labelText":"happy","segment_id":"peaks.segment.3","user":"ikram"},"peaks.point.35":{"time":520.845337,"labelText":"Smile","segment_id":"peaks.segment.3","user":"ikram"},"peaks.point.36":{"time":571.358737,"labelText":"1","segment_id":"peaks.segment.4","user":"ikram"},"peaks.point.37":{"time":571.358737,"labelText":"easy","segment_id":"peaks.segment.4","user":"ikram"},"peaks.point.38":{"time":571.358737,"labelText":"happy","segment_id":"peaks.segment.4","user":"ikram"},"peaks.point.39":{"time":571.363112,"labelText":"Smile","segment_id":"peaks.segment.4","user":"ikram"}}