{"peaks.segment.1":{"startTime":200.624482,"endTime":203.647346},"peaks.segment.2":{"startTime":281.866666,"endTime":286.922811}}
{"peaks.point.4":{"time":203.647346,"labelText":"happy","segment_id":"peaks.segment.1","user":"aida"},"peaks.point.5":{"time":203.647346,"labelText":"easy","segment_id":"peaks.segment.1","user":"aida"},"peaks.point.6":{"time":203.647346,"labelText":"2","segment_id":"peaks.segment.1","user":"aida"},"peaks.point.7":{"time":203.658958,"labelText":"Smile","segment_id":"peaks.segment.1","user":"aida"},"peaks.point.8":{"time":286.922811,"labelText":"funny","segment_id":"peaks.segment.2","user":"aida"},"peaks.point.9":{"time":286.922811,"labelText":"hard","segment_id":"peaks.segment.2","user":"aida"},"peaks.point.10":{"time":286.922811,"labelText":"1","segment_id":"peaks.segment.2","user":"aida"},"peaks.point.11":{"time":286.922811,"labelText":"Smile","segment_id":"peaks.segment.2","user":"aida"},"peaks.point.12":{"time":286.926496,"labelText":"1","segment_id":"peaks.segment.2","user":"ikram"},"peaks.point.13":{"time":286.926496,"labelText":"hard","segment_id":"peaks.segment.2","user":"ikram"},"peaks.point.14":{"time":286.926496,"labelText":"funny","segment_id":"peaks.segment.2","user":"ikram"},"peaks.point.15":{"time":286.926496,"labelText":"Smile","segment_id":"peaks.segment.2","user":"ikram"},"peaks.point.16":{"time":203.651378,"labelText":"1","segment_id":"peaks.segment.1","user":"ikram"},"peaks.point.17":{"time":203.651378,"labelText":"easy","segment_id":"peaks.segment.1","user":"ikram"},"peaks.point.18":{"time":203.651378,"labelText":"proud","segment_id":"peaks.segment.1","user":"ikram"},"peaks.point.19":{"time":203.330612,"labelText":"HeadShake","segment_id":"peaks.segment.1","user":"ikram"}}