{"peaks.segment.0":{"startTime":1.4280272108843537,"endTime":3.690087},"peaks.segment.1":{"startTime":9.134149659863946,"endTime":11.74875},"peaks.segment.2":{"startTime":12.027573,"endTime":14.579924},"peaks.segment.3":{"startTime":14.903945,"endTime":18.128964},"peaks.segment.4":{"startTime":21.077913832199545,"endTime":25.198713},"peaks.segment.5":{"startTime":118.600918,"endTime":122.909973},"peaks.segment.6":{"startTime":128.32507936507938,"endTime":129.52090702947845},"peaks.segment.7":{"startTime":190.669272,"endTime":191.883537},"peaks.segment.8":{"startTime":390.903646,"endTime":395.48501}}
{"peaks.point.0":{"time":3.690087,"labelText":"sorry","segment_id":"peaks.segment.0","user":"aida"},"peaks.point.1":{"time":3.690087,"labelText":"easy","segment_id":"peaks.segment.0","user":"aida"},"peaks.point.2":{"time":3.201892,"labelText":"-1","segment_id":"peaks.segment.0","user":"aida"},"peaks.point.3":{"time":3.699058,"labelText":"Frown","segment_id":"peaks.segment.0","user":"aida"},"peaks.point.4":{"time":11.74875,"labelText":"glad","segment_id":"peaks.segment.1","user":"aida"},"peaks.point.5":{"time":11.74875,"labelText":"easy","segment_id":"peaks.segment.1","user":"aida"},"peaks.point.6":{"time":11.74875,"labelText":"1","segment_id":"peaks.segment.1","user":"aida"},"peaks.point.7":{"time":11.754789,"labelText":"HeadShake","segment_id":"peaks.segment.1","user":"aida"},"peaks.point.8":{"time":14.579924,"labelText":"easy","segment_id":"peaks.segment.2","user":"aida"},"peaks.point.9":{"time":14.579924,"labelText":"1","segment_id":"peaks.segment.2","user":"aida"},"peaks.point.10":{"time":14.579924,"labelText":"glad","segment_id":"peaks.segment.2","user":"aida"},"peaks.point.11":{"time":14.581347,"labelText":"HeadShake","segment_id":"peaks.segment.2","user":"aida"},"peaks.point.12":{"time":18.128964,"labelText":"happy","segment_id":"peaks.segment.3","user":"aida"},"peaks.point.13":{"time":18.128964,"labelText":"easy","segment_id":"peaks.segment.3","user":"aida"},"peaks.point.14":{"time":18.128964,"labelText":"2","segment_id":"peaks.segment.3","user":"aida"},"peaks.point.15":{"time":16.577253,"labelText":"HeadShake","segment_id":"peaks.segment.3","user":"aida"},"peaks.point.16":{"time":22.5788,"labelText":"glad","segment_id":"peaks.segment.4","user":"aida"},"peaks.point.17":{"time":24.133584,"labelText":"easy","segment_id":"peaks.segment.4","user":"aida"},"peaks.point.18":{"time":25.207087,"labelText":"1","segment_id":"peaks.segment.4","user":"aida"},"peaks.point.19":{"time":24.651178,"labelText":"HeadShake","segment_id":"peaks.segment.4","user":"aida"},"peaks.point.20":{"time":122.909973,"labelText":"funny","segment_id":"peaks.segment.5","user":"aida"},"peaks.point.21":{"time":122.909973,"labelText":"hard","segment_id":"peaks.segment.5","user":"aida"},"peaks.point.22":{"time":122.909973,"labelText":"2","segment_id":"peaks.segment.5","user":"aida"},"peaks.point.23":{"time":122.909973,"labelText":"Smile","segment_id":"peaks.segment.5","user":"aida"},"peaks.point.24":{"time":129.534652,"labelText":"sorry","segment_id":"peaks.segment.6","user":"aida"},"peaks.point.25":{"time":129.534652,"labelText":"easy","segment_id":"peaks.segment.6","user":"aida"},"peaks.point.26":{"time":129.549478,"labelText":"Frown","segment_id":"peaks.segment.6","user":"aida"},"peaks.point.27":{"time":129.549478,"labelText":"1","segment_id":"peaks.segment.6","user":"aida"},"peaks.point.28":{"time":191.883537,"labelText":"glad","segment_id":"peaks.segment.7","user":"aida"},"peaks.point.29":{"time":191.883537,"labelText":"easy","segment_id":"peaks.segment.7","user":"aida"},"peaks.point.30":{"time":191.883537,"labelText":"1","segment_id":"peaks.segment.7","user":"aida"},"peaks.point.31":{"time":191.895498,"labelText":"HeadShake","segment_id":"peaks.segment.7","user":"aida"},"peaks.point.32":{"time":395.48501,"labelText":"sad","segment_id":"peaks.segment.8","user":"aida"},"peaks.point.33":{"time":395.48501,"labelText":"easy","segment_id":"peaks.segment.8","user":"aida"},"peaks.point.34":{"time":395.48501,"labelText":"2","segment_id":"peaks.segment.8","user":"aida"},"peaks.point.35":{"time":395.48501,"labelText":"Frown","segment_id":"peaks.segment.8","user":"aida"},"peaks.point.36":{"time":3.701093,"labelText":"-1","segment_id":"peaks.segment.0","user":"ikram"},"peaks.point.37":{"time":3.701093,"labelText":"easy","segment_id":"peaks.segment.0","user":"ikram"},"peaks.point.38":{"time":3.701093,"labelText":"sorry","segment_id":"peaks.segment.0","user":"ikram"},"peaks.point.39":{"time":3.702031,"labelText":"HeadNod","segment_id":"peaks.segment.0","user":"ikram"},"peaks.point.40":{"time":11.772373,"labelText":"1","segment_id":"peaks.segment.1","user":"ikram"},"peaks.point.41":{"time":11.772373,"labelText":"easy","segment_id":"peaks.segment.1","user":"ikram"},"peaks.point.42":{"time":11.772373,"labelText":"happy","segment_id":"peaks.segment.1","user":"ikram"},"peaks.point.44":{"time":11.720908,"labelText":"HeadNod","segment_id":"peaks.segment.1","user":"ikram"},"peaks.point.45":{"time":14.583121,"labelText":"1","segment_id":"peaks.segment.2","user":"ikram"},"peaks.point.46":{"time":14.583121,"labelText":"easy","segment_id":"peaks.segment.2","user":"ikram"},"peaks.point.47":{"time":14.583121,"labelText":"happy","segment_id":"peaks.segment.2","user":"ikram"},"peaks.point.48":{"time":14.583121,"labelText":"HeadNod","segment_id":"peaks.segment.2","user":"ikram"},"peaks.point.49":{"time":18.139358,"labelText":"1","segment_id":"peaks.segment.3","user":"ikram"},"peaks.point.50":{"time":18.139358,"labelText":"easy","segment_id":"peaks.segment.3","user":"ikram"},"peaks.point.51":{"time":18.139358,"labelText":"proud","segment_id":"peaks.segment.3","user":"ikram"},"peaks.point.52":{"time":18.139358,"labelText":"HeadNod","segment_id":"peaks.segment.3","user":"ikram"},"peaks.point.53":{"time":25.214554,"labelText":"1","segment_id":"peaks.segment.4","user":"ikram"},"peaks.point.54":{"time":25.214554,"labelText":"easy","segment_id":"peaks.segment.4","user":"ikram"},"peaks.point.55":{"time":25.214554,"labelText":"happy","segment_id":"peaks.segment.4","user":"ikram"},"peaks.point.56":{"time":25.214554,"labelText":"HeadNod","segment_id":"peaks.segment.4","user":"ikram"},"peaks.point.57":{"time":122.912715,"labelText":"1","segment_id":"peaks.segment.5","user":"ikram"},"peaks.point.58":{"time":122.912715,"labelText":"hard","segment_id":"peaks.segment.5","user":"ikram"},"peaks.point.59":{"time":122.912715,"labelText":"funny","segment_id":"peaks.segment.5","user":"ikram"},"peaks.point.60":{"time":122.912715,"labelText":"Smile","segment_id":"peaks.segment.5","user":"ikram"},"peaks.point.61":{"time":129.528607,"labelText":"-1","segment_id":"peaks.segment.6","user":"ikram"},"peaks.point.62":{"time":129.528607,"labelText":"easy","segment_id":"peaks.segment.6","user":"ikram"},"peaks.point.63":{"time":129.528607,"labelText":"sad","segment_id":"peaks.segment.6","user":"ikram"},"peaks.point.65":{"time":191.893601,"labelText":"1","segment_id":"peaks.segment.7","user":"ikram"},"peaks.point.66":{"time":191.893601,"labelText":"easy","segment_id":"peaks.segment.7","user":"ikram"},"peaks.point.67":{"time":191.893601,"labelText":"happy","segment_id":"peaks.segment.7","user":"ikram"},"peaks.point.68":{"time":395.49885,"labelText":"-1","segment_id":"peaks.segment.8","user":"ikram"},"peaks.point.70":{"time":395.49885,"labelText":"easy","segment_id":"peaks.segment.8","user":"ikram"},"peaks.point.71":{"time":395.49885,"labelText":"sad","segment_id":"peaks.segment.8","user":"ikram"},"peaks.point.72":{"time":395.49885,"labelText":"Frown","segment_id":"peaks.segment.8","user":"ikram"}}