{"peaks.segment.0":{"startTime":96.48471655328798,"endTime":98.529235}}
{"peaks.point.0":{"time":98.529235,"labelText":"angry","segment_id":"peaks.segment.0","user":"aida"},"peaks.point.1":{"time":98.529235,"labelText":"Frown","segment_id":"peaks.segment.0","user":"aida"},"peaks.point.2":{"time":98.529235,"labelText":"-1","segment_id":"peaks.segment.0","user":"aida"},"peaks.point.3":{"time":98.529235,"labelText":"hard","segment_id":"peaks.segment.0","user":"aida"},"peaks.point.4":{"time":98.521191,"labelText":"-1","segment_id":"peaks.segment.0","user":"ikram"},"peaks.point.5":{"time":98.521191,"labelText":"easy","segment_id":"peaks.segment.0","user":"ikram"},"peaks.point.6":{"time":98.520668,"labelText":"sad","segment_id":"peaks.segment.0","user":"ikram"},"peaks.point.7":{"time":98.520668,"labelText":"Frown","segment_id":"peaks.segment.0","user":"ikram"}}