{"peaks.segment.0":{"startTime":56.34187,"endTime":57.69578231292517},"peaks.segment.1":{"startTime":61.914557,"endTime":64.237815},"peaks.segment.2":{"startTime":65.130521,"endTime":65.675732},"peaks.segment.3":{"startTime":65.943143,"endTime":66.94458},"peaks.segment.4":{"startTime":85.726621,"endTime":86.692795},"peaks.segment.5":{"startTime":89.93814,"endTime":92.984964},"peaks.segment.6":{"startTime":108.676643,"endTime":110.485745},"peaks.segment.7":{"startTime":129.023129,"endTime":130.390204},"peaks.segment.8":{"startTime":191.794007,"endTime":193.4079},"peaks.segment.9":{"startTime":196.314557,"endTime":197.927001},"peaks.segment.10":{"startTime":263.812063,"endTime":265.857802},"peaks.segment.11":{"startTime":340.4916099773243,"endTime":345.294533}}
{"peaks.point.0":{"time":343.376037,"labelText":"1","segment_id":"peaks.segment.11","user":"ikram"},"peaks.point.1":{"time":345.296096,"labelText":"easy","segment_id":"peaks.segment.11","user":"ikram"},"peaks.point.2":{"time":345.296096,"labelText":"glad","segment_id":"peaks.segment.11","user":"ikram"},"peaks.point.3":{"time":265.874836,"labelText":"1","segment_id":"peaks.segment.10","user":"ikram"},"peaks.point.4":{"time":265.874836,"labelText":"hard","segment_id":"peaks.segment.10","user":"ikram"},"peaks.point.5":{"time":265.874836,"labelText":"funny","segment_id":"peaks.segment.10","user":"ikram"},"peaks.point.6":{"time":265.874836,"labelText":"Smile","segment_id":"peaks.segment.10","user":"ikram"},"peaks.point.7":{"time":197.942173,"labelText":"-1","segment_id":"peaks.segment.9","user":"ikram"},"peaks.point.8":{"time":197.942173,"labelText":"easy","segment_id":"peaks.segment.9","user":"ikram"},"peaks.point.9":{"time":197.942173,"labelText":"sad","segment_id":"peaks.segment.9","user":"ikram"},"peaks.point.10":{"time":197.942173,"labelText":"Frown","segment_id":"peaks.segment.9","user":"ikram"},"peaks.point.11":{"time":193.417956,"labelText":"-1","segment_id":"peaks.segment.8","user":"ikram"},"peaks.point.12":{"time":193.417956,"labelText":"easy","segment_id":"peaks.segment.8","user":"ikram"},"peaks.point.13":{"time":193.417956,"labelText":"sad","segment_id":"peaks.segment.8","user":"ikram"},"peaks.point.14":{"time":193.417956,"labelText":"HeadNod","segment_id":"peaks.segment.8","user":"ikram"},"peaks.point.15":{"time":130.393228,"labelText":"-1","segment_id":"peaks.segment.7","user":"ikram"},"peaks.point.16":{"time":130.393228,"labelText":"easy","segment_id":"peaks.segment.7","user":"ikram"},"peaks.point.17":{"time":130.393228,"labelText":"afraid","segment_id":"peaks.segment.7","user":"ikram"},"peaks.point.18":{"time":110.495165,"labelText":"-1","segment_id":"peaks.segment.6","user":"ikram"},"peaks.point.19":{"time":110.495165,"labelText":"easy","segment_id":"peaks.segment.6","user":"ikram"},"peaks.point.20":{"time":110.495165,"labelText":"afraid","segment_id":"peaks.segment.6","user":"ikram"},"peaks.point.21":{"time":91.139461,"labelText":"1","segment_id":"peaks.segment.5","user":"ikram"},"peaks.point.22":{"time":91.987595,"labelText":"easy","segment_id":"peaks.segment.5","user":"ikram"},"peaks.point.23":{"time":92.988641,"labelText":"loving","segment_id":"peaks.segment.5","user":"ikram"},"peaks.point.24":{"time":91.589299,"labelText":"HeadShake","segment_id":"peaks.segment.5","user":"ikram"},"peaks.point.25":{"time":86.723543,"labelText":"1","segment_id":"peaks.segment.4","user":"ikram"},"peaks.point.26":{"time":86.723543,"labelText":"easy","segment_id":"peaks.segment.4","user":"ikram"},"peaks.point.27":{"time":86.723543,"labelText":"loving","segment_id":"peaks.segment.4","user":"ikram"},"peaks.point.28":{"time":86.705238,"labelText":"HeadShake","segment_id":"peaks.segment.4","user":"ikram"},"peaks.point.29":{"time":66.946122,"labelText":"0","segment_id":"peaks.segment.3","user":"ikram"},"peaks.point.30":{"time":66.946122,"labelText":"easy","segment_id":"peaks.segment.3","user":"ikram"},"peaks.point.31":{"time":66.946122,"labelText":"surprised","segment_id":"peaks.segment.3","user":"ikram"},"peaks.point.32":{"time":66.946122,"labelText":"HeadShake","segment_id":"peaks.segment.3","user":"ikram"},"peaks.point.33":{"time":65.67934,"labelText":"0","segment_id":"peaks.segment.2","user":"ikram"},"peaks.point.34":{"time":65.67934,"labelText":"easy","segment_id":"peaks.segment.2","user":"ikram"},"peaks.point.35":{"time":65.67934,"labelText":"surprised","segment_id":"peaks.segment.2","user":"ikram"},"peaks.point.36":{"time":65.67934,"labelText":"HeadShake","segment_id":"peaks.segment.2","user":"ikram"},"peaks.point.37":{"time":64.237868,"labelText":"-1","segment_id":"peaks.segment.1","user":"ikram"},"peaks.point.38":{"time":64.237868,"labelText":"easy","segment_id":"peaks.segment.1","user":"ikram"},"peaks.point.39":{"time":64.237868,"labelText":"sad","segment_id":"peaks.segment.1","user":"ikram"},"peaks.point.40":{"time":64.237868,"labelText":"Frown","segment_id":"peaks.segment.1","user":"ikram"},"peaks.point.41":{"time":57.706147,"labelText":"0","segment_id":"peaks.segment.0","user":"ikram"},"peaks.point.42":{"time":57.706147,"labelText":"easy","segment_id":"peaks.segment.0","user":"ikram"},"peaks.point.43":{"time":57.706147,"labelText":"surprised","segment_id":"peaks.segment.0","user":"ikram"},"peaks.point.44":{"time":57.124846,"labelText":"surprised","segment_id":"peaks.segment.0","user":"aida"},"peaks.point.45":{"time":57.703261,"labelText":"easy","segment_id":"peaks.segment.0","user":"aida"},"peaks.point.46":{"time":57.703261,"labelText":"-1","segment_id":"peaks.segment.0","user":"aida"},"peaks.point.47":{"time":57.708675,"labelText":"HeadNod","segment_id":"peaks.segment.0","user":"aida"},"peaks.point.48":{"time":64.134147,"labelText":"sad","segment_id":"peaks.segment.1","user":"aida"},"peaks.point.49":{"time":64.134147,"labelText":"easy","segment_id":"peaks.segment.1","user":"aida"},"peaks.point.50":{"time":64.134147,"labelText":"-1","segment_id":"peaks.segment.1","user":"aida"},"peaks.point.51":{"time":64.149645,"labelText":"HeadShake","segment_id":"peaks.segment.1","user":"aida"},"peaks.point.52":{"time":65.682653,"labelText":"surprised","segment_id":"peaks.segment.2","user":"aida"},"peaks.point.53":{"time":65.682653,"labelText":"easy","segment_id":"peaks.segment.2","user":"aida"},"peaks.point.54":{"time":65.682653,"labelText":"-1","segment_id":"peaks.segment.2","user":"aida"},"peaks.point.55":{"time":65.682653,"labelText":"HeadShake","segment_id":"peaks.segment.2","user":"aida"},"peaks.point.56":{"time":66.868832,"labelText":"HeadShake","segment_id":"peaks.segment.3","user":"aida"},"peaks.point.57":{"time":66.868832,"labelText":"surprised","segment_id":"peaks.segment.3","user":"aida"},"peaks.point.58":{"time":66.868832,"labelText":"easy","segment_id":"peaks.segment.3","user":"aida"},"peaks.point.59":{"time":66.868832,"labelText":"-1","segment_id":"peaks.segment.3","user":"aida"},"peaks.point.60":{"time":86.673371,"labelText":"loving","segment_id":"peaks.segment.4","user":"aida"},"peaks.point.61":{"time":86.673371,"labelText":"easy","segment_id":"peaks.segment.4","user":"aida"},"peaks.point.62":{"time":86.673371,"labelText":"1","segment_id":"peaks.segment.4","user":"aida"},"peaks.point.63":{"time":86.673371,"labelText":"HeadShake","segment_id":"peaks.segment.4","user":"aida"},"peaks.point.64":{"time":92.985374,"labelText":"loving","segment_id":"peaks.segment.5","user":"aida"},"peaks.point.65":{"time":92.985374,"labelText":"easy","segment_id":"peaks.segment.5","user":"aida"},"peaks.point.66":{"time":92.985374,"labelText":"1","segment_id":"peaks.segment.5","user":"aida"},"peaks.point.67":{"time":92.862175,"labelText":"HeadShake","segment_id":"peaks.segment.5","user":"aida"},"peaks.point.68":{"time":110.404507,"labelText":"afraid","segment_id":"peaks.segment.6","user":"aida"},"peaks.point.69":{"time":110.404507,"labelText":"easy","segment_id":"peaks.segment.6","user":"aida"},"peaks.point.70":{"time":110.404507,"labelText":"-1","segment_id":"peaks.segment.6","user":"aida"},"peaks.point.71":{"time":110.345946,"labelText":"HeadShake","segment_id":"peaks.segment.6","user":"aida"},"peaks.point.72":{"time":130.403177,"labelText":"sad","segment_id":"peaks.segment.7","user":"aida"},"peaks.point.73":{"time":130.403177,"labelText":"easy","segment_id":"peaks.segment.7","user":"aida"},"peaks.point.74":{"time":130.403177,"labelText":"-1","segment_id":"peaks.segment.7","user":"aida"},"peaks.point.75":{"time":130.391129,"labelText":"HeadShake","segment_id":"peaks.segment.7","user":"aida"},"peaks.point.76":{"time":193.419256,"labelText":"HeadNod","segment_id":"peaks.segment.8","user":"aida"},"peaks.point.77":{"time":193.419256,"labelText":"sad","segment_id":"peaks.segment.8","user":"aida"},"peaks.point.78":{"time":193.419256,"labelText":"easy","segment_id":"peaks.segment.8","user":"aida"},"peaks.point.79":{"time":193.419256,"labelText":"-1","segment_id":"peaks.segment.8","user":"aida"},"peaks.point.80":{"time":197.940598,"labelText":"sad","segment_id":"peaks.segment.9","user":"aida"},"peaks.point.81":{"time":197.940598,"labelText":"easy","segment_id":"peaks.segment.9","user":"aida"},"peaks.point.82":{"time":197.940598,"labelText":"-1","segment_id":"peaks.segment.9","user":"aida"},"peaks.point.83":{"time":197.928843,"labelText":"HeadShake","segment_id":"peaks.segment.9","user":"aida"},"peaks.point.84":{"time":265.806809,"labelText":"funny","segment_id":"peaks.segment.10","user":"aida"},"peaks.point.85":{"time":265.806809,"labelText":"easy","segment_id":"peaks.segment.10","user":"aida"},"peaks.point.86":{"time":265.806809,"labelText":"1","segment_id":"peaks.segment.10","user":"aida"},"peaks.point.87":{"time":265.806809,"labelText":"Smile","segment_id":"peaks.segment.10","user":"aida"},"peaks.point.88":{"time":345.309937,"labelText":"proud","segment_id":"peaks.segment.11","user":"aida"},"peaks.point.89":{"time":345.309937,"labelText":"easy","segment_id":"peaks.segment.11","user":"aida"},"peaks.point.90":{"time":345.309937,"labelText":"1","segment_id":"peaks.segment.11","user":"aida"},"peaks.point.91":{"time":345.132745,"labelText":"HeadShake","segment_id":"peaks.segment.11","user":"aida"}}