{"peaks.segment.0":{"startTime":511.671666,"endTime":516.239515},"peaks.segment.1":{"startTime":501.941,"endTime":504.48779},"peaks.segment.2":{"startTime":609.823666,"endTime":612.701046}}
{"peaks.point.0":{"time":516.239515,"labelText":"hating","segment_id":"peaks.segment.0","user":"aida"},"peaks.point.1":{"time":516.239515,"labelText":"easy","segment_id":"peaks.segment.0","user":"aida"},"peaks.point.2":{"time":516.239515,"labelText":"-2","segment_id":"peaks.segment.0","user":"aida"},"peaks.point.3":{"time":516.248996,"labelText":"HeadShake","segment_id":"peaks.segment.0","user":"aida"},"peaks.point.4":{"time":504.48779,"labelText":"hating","segment_id":"peaks.segment.1","user":"aida"},"peaks.point.5":{"time":504.48779,"labelText":"easy","segment_id":"peaks.segment.1","user":"aida"},"peaks.point.6":{"time":504.48779,"labelText":"-2","segment_id":"peaks.segment.1","user":"aida"},"peaks.point.7":{"time":504.337725,"labelText":"HeadShake","segment_id":"peaks.segment.1","user":"aida"},"peaks.point.8":{"time":612.701046,"labelText":"afraid","segment_id":"peaks.segment.2","user":"aida"},"peaks.point.9":{"time":612.701046,"labelText":"easy","segment_id":"peaks.segment.2","user":"aida"},"peaks.point.10":{"time":612.701046,"labelText":"-2","segment_id":"peaks.segment.2","user":"aida"},"peaks.point.11":{"time":612.517204,"labelText":"HeadShake","segment_id":"peaks.segment.2","user":"aida"},"peaks.point.12":{"time":516.255805,"labelText":"-2","segment_id":"peaks.segment.0","user":"ikram"},"peaks.point.13":{"time":516.255805,"labelText":"easy","segment_id":"peaks.segment.0","user":"ikram"},"peaks.point.14":{"time":516.255805,"labelText":"sad","segment_id":"peaks.segment.0","user":"ikram"},"peaks.point.15":{"time":514.672929,"labelText":"Frown","segment_id":"peaks.segment.0","user":"ikram"},"peaks.point.16":{"time":504.493102,"labelText":"-2","segment_id":"peaks.segment.1","user":"ikram"},"peaks.point.17":{"time":504.493102,"labelText":"easy","segment_id":"peaks.segment.1","user":"ikram"},"peaks.point.18":{"time":504.493102,"labelText":"hating","segment_id":"peaks.segment.1","user":"ikram"},"peaks.point.19":{"time":504.493102,"labelText":"HeadShake","segment_id":"peaks.segment.1","user":"ikram"},"peaks.point.20":{"time":612.715466,"labelText":"-1","segment_id":"peaks.segment.2","user":"ikram"},"peaks.point.21":{"time":612.715466,"labelText":"easy","segment_id":"peaks.segment.2","user":"ikram"},"peaks.point.22":{"time":612.715466,"labelText":"afraid","segment_id":"peaks.segment.2","user":"ikram"},"peaks.point.23":{"time":612.609333,"labelText":"HeadShake","segment_id":"peaks.segment.2","user":"ikram"}}