{"peaks.segment.0":{"startTime":12.323628,"endTime":16.407437},"peaks.segment.1":{"startTime":187.233741,"endTime":189.578956},"peaks.segment.2":{"startTime":269.658775,"endTime":273.828227},"peaks.segment.3":{"startTime":20.656689,"endTime":27.556119}}
{"peaks.point.0":{"time":16.423317,"labelText":"happy","segment_id":"peaks.segment.0","user":"aida"},"peaks.point.1":{"time":16.423317,"labelText":"easy","segment_id":"peaks.segment.0","user":"aida"},"peaks.point.2":{"time":16.423317,"labelText":"2","segment_id":"peaks.segment.0","user":"aida"},"peaks.point.3":{"time":16.423317,"labelText":"Smile","segment_id":"peaks.segment.0","user":"aida"},"peaks.point.4":{"time":189.578956,"labelText":"funny","segment_id":"peaks.segment.1","user":"aida"},"peaks.point.5":{"time":189.578956,"labelText":"easy","segment_id":"peaks.segment.1","user":"aida"},"peaks.point.6":{"time":189.578956,"labelText":"2","segment_id":"peaks.segment.1","user":"aida"},"peaks.point.7":{"time":189.578956,"labelText":"Smile","segment_id":"peaks.segment.1","user":"aida"},"peaks.point.8":{"time":273.828227,"labelText":"angry","segment_id":"peaks.segment.2","user":"aida"},"peaks.point.9":{"time":272.515955,"labelText":"Frown","segment_id":"peaks.segment.2","user":"aida"},"peaks.point.10":{"time":273.80713,"labelText":"-2","segment_id":"peaks.segment.2","user":"aida"},"peaks.point.11":{"time":273.80713,"labelText":"easy","segment_id":"peaks.segment.2","user":"aida"},"peaks.point.12":{"time":27.556119,"labelText":"happy","segment_id":"peaks.segment.3","user":"aida"},"peaks.point.13":{"time":27.556119,"labelText":"easy","segment_id":"peaks.segment.3","user":"aida"},"peaks.point.14":{"time":27.556119,"labelText":"1","segment_id":"peaks.segment.3","user":"aida"},"peaks.point.15":{"time":23.896105,"labelText":"HeadShake","segment_id":"peaks.segment.3","user":"aida"},"peaks.point.16":{"time":16.408368,"labelText":"1","segment_id":"peaks.segment.0","user":"ikram"},"peaks.point.17":{"time":16.408368,"labelText":"easy","segment_id":"peaks.segment.0","user":"ikram"},"peaks.point.18":{"time":16.408368,"labelText":"loving","segment_id":"peaks.segment.0","user":"ikram"},"peaks.point.19":{"time":16.416134,"labelText":"Smile","segment_id":"peaks.segment.0","user":"ikram"},"peaks.point.20":{"time":189.300482,"labelText":"1","segment_id":"peaks.segment.1","user":"ikram"},"peaks.point.21":{"time":189.526121,"labelText":"hard","segment_id":"peaks.segment.1","user":"ikram"},"peaks.point.22":{"time":189.526121,"labelText":"funny","segment_id":"peaks.segment.1","user":"ikram"},"peaks.point.23":{"time":189.526121,"labelText":"Smile","segment_id":"peaks.segment.1","user":"ikram"},"peaks.point.24":{"time":273.804512,"labelText":"-1","segment_id":"peaks.segment.2","user":"ikram"},"peaks.point.25":{"time":273.804512,"labelText":"easy","segment_id":"peaks.segment.2","user":"ikram"},"peaks.point.26":{"time":273.804512,"labelText":"hating","segment_id":"peaks.segment.2","user":"ikram"},"peaks.point.27":{"time":273.804512,"labelText":"Frown","segment_id":"peaks.segment.2","user":"ikram"},"peaks.point.28":{"time":27.572173,"labelText":"1","segment_id":"peaks.segment.3","user":"ikram"},"peaks.point.29":{"time":27.572173,"labelText":"easy","segment_id":"peaks.segment.3","user":"ikram"},"peaks.point.30":{"time":21.922662,"labelText":"glad","segment_id":"peaks.segment.3","user":"ikram"},"peaks.point.31":{"time":27.568216,"labelText":"HeadNod","segment_id":"peaks.segment.3","user":"ikram"}}