{"peaks.segment.0":{"startTime":5.910929,"endTime":12.144542},"peaks.segment.1":{"startTime":12.279002,"endTime":13.850702947845805},"peaks.segment.2":{"startTime":18.919909,"endTime":21.918794},"peaks.segment.3":{"startTime":95.97387755102041,"endTime":99.01859410430839},"peaks.segment.4":{"startTime":159.310657,"endTime":162.610793},"peaks.segment.5":{"startTime":162.610793,"endTime":166.090178},"peaks.segment.6":{"startTime":175.759092,"endTime":179.419413},"peaks.segment.7":{"startTime":235.556281,"endTime":237.057818},"peaks.segment.8":{"startTime":237.27746,"endTime":239.79537414965986},"peaks.segment.9":{"startTime":241.860498,"endTime":243.17089},"peaks.segment.10":{"startTime":269.201995,"endTime":274.147845}}
{"peaks.point.0":{"time":11.085537,"labelText":"-1","segment_id":"peaks.segment.0","user":"ikram"},"peaks.point.1":{"time":12.145759,"labelText":"easy","segment_id":"peaks.segment.0","user":"ikram"},"peaks.point.2":{"time":12.145759,"labelText":"sad","segment_id":"peaks.segment.0","user":"ikram"},"peaks.point.3":{"time":12.15304,"labelText":"HeadNod","segment_id":"peaks.segment.0","user":"ikram"},"peaks.point.4":{"time":13.853774,"labelText":"-1","segment_id":"peaks.segment.1","user":"ikram"},"peaks.point.5":{"time":13.853774,"labelText":"easy","segment_id":"peaks.segment.1","user":"ikram"},"peaks.point.6":{"time":13.853774,"labelText":"sad","segment_id":"peaks.segment.1","user":"ikram"},"peaks.point.7":{"time":13.865906,"labelText":"HeadNod","segment_id":"peaks.segment.1","user":"ikram"},"peaks.point.8":{"time":21.935144,"labelText":"1","segment_id":"peaks.segment.2","user":"ikram"},"peaks.point.9":{"time":21.935144,"labelText":"hard","segment_id":"peaks.segment.2","user":"ikram"},"peaks.point.10":{"time":21.935144,"labelText":"happy","segment_id":"peaks.segment.2","user":"ikram"},"peaks.point.11":{"time":21.933791,"labelText":"HeadNod","segment_id":"peaks.segment.2","user":"ikram"},"peaks.point.12":{"time":99.029758,"labelText":"1","segment_id":"peaks.segment.3","user":"ikram"},"peaks.point.13":{"time":99.029758,"labelText":"hard","segment_id":"peaks.segment.3","user":"ikram"},"peaks.point.14":{"time":99.029758,"labelText":"happy","segment_id":"peaks.segment.3","user":"ikram"},"peaks.point.15":{"time":99.029758,"labelText":"HeadNod","segment_id":"peaks.segment.3","user":"ikram"},"peaks.point.16":{"time":162.617193,"labelText":"2","segment_id":"peaks.segment.4","user":"ikram"},"peaks.point.17":{"time":162.617193,"labelText":"hard","segment_id":"peaks.segment.4","user":"ikram"},"peaks.point.18":{"time":162.617193,"labelText":"happy","segment_id":"peaks.segment.4","user":"ikram"},"peaks.point.19":{"time":162.617193,"labelText":"HeadShake","segment_id":"peaks.segment.4","user":"ikram"},"peaks.point.20":{"time":166.090973,"labelText":"2","segment_id":"peaks.segment.5","user":"ikram"},"peaks.point.21":{"time":166.090973,"labelText":"easy","segment_id":"peaks.segment.5","user":"ikram"},"peaks.point.22":{"time":166.090973,"labelText":"happy","segment_id":"peaks.segment.5","user":"ikram"},"peaks.point.23":{"time":166.090973,"labelText":"HeadNod","segment_id":"peaks.segment.5","user":"ikram"},"peaks.point.24":{"time":179.425825,"labelText":"1","segment_id":"peaks.segment.6","user":"ikram"},"peaks.point.25":{"time":179.425825,"labelText":"hard","segment_id":"peaks.segment.6","user":"ikram"},"peaks.point.26":{"time":179.425825,"labelText":"funny","segment_id":"peaks.segment.6","user":"ikram"},"peaks.point.27":{"time":179.425825,"labelText":"Smile","segment_id":"peaks.segment.6","user":"ikram"},"peaks.point.28":{"time":237.07141,"labelText":"-1","segment_id":"peaks.segment.7","user":"ikram"},"peaks.point.29":{"time":237.07141,"labelText":"easy","segment_id":"peaks.segment.7","user":"ikram"},"peaks.point.30":{"time":237.07141,"labelText":"hating","segment_id":"peaks.segment.7","user":"ikram"},"peaks.point.31":{"time":237.07141,"labelText":"Frown","segment_id":"peaks.segment.7","user":"ikram"},"peaks.point.32":{"time":239.810892,"labelText":"-1","segment_id":"peaks.segment.8","user":"ikram"},"peaks.point.33":{"time":239.810892,"labelText":"easy","segment_id":"peaks.segment.8","user":"ikram"},"peaks.point.34":{"time":239.810892,"labelText":"hating","segment_id":"peaks.segment.8","user":"ikram"},"peaks.point.35":{"time":239.803146,"labelText":"Frown","segment_id":"peaks.segment.8","user":"ikram"},"peaks.point.36":{"time":243.182176,"labelText":"-2","segment_id":"peaks.segment.9","user":"ikram"},"peaks.point.37":{"time":243.182176,"labelText":"easy","segment_id":"peaks.segment.9","user":"ikram"},"peaks.point.38":{"time":243.182176,"labelText":"hating","segment_id":"peaks.segment.9","user":"ikram"},"peaks.point.39":{"time":243.182176,"labelText":"Frown","segment_id":"peaks.segment.9","user":"ikram"},"peaks.point.40":{"time":274.158847,"labelText":"-1","segment_id":"peaks.segment.10","user":"ikram"},"peaks.point.41":{"time":274.158847,"labelText":"easy","segment_id":"peaks.segment.10","user":"ikram"},"peaks.point.42":{"time":274.158847,"labelText":"sad","segment_id":"peaks.segment.10","user":"ikram"},"peaks.point.43":{"time":274.158847,"labelText":"HeadShake","segment_id":"peaks.segment.10","user":"ikram"},"peaks.point.45":{"time":10.931153,"labelText":"sad","segment_id":"peaks.segment.0","user":"aida"},"peaks.point.46":{"time":12.147576,"labelText":"easy","segment_id":"peaks.segment.0","user":"aida"},"peaks.point.47":{"time":12.147576,"labelText":"-1","segment_id":"peaks.segment.0","user":"aida"},"peaks.point.48":{"time":9.965498,"labelText":"Frown","segment_id":"peaks.segment.0","user":"aida"},"peaks.point.49":{"time":13.854983,"labelText":"sad","segment_id":"peaks.segment.1","user":"aida"},"peaks.point.50":{"time":13.859539,"labelText":"HeadNod","segment_id":"peaks.segment.1","user":"aida"},"peaks.point.51":{"time":13.859539,"labelText":"easy","segment_id":"peaks.segment.1","user":"aida"},"peaks.point.52":{"time":13.859539,"labelText":"-1","segment_id":"peaks.segment.1","user":"aida"},"peaks.point.53":{"time":21.93213,"labelText":"happy","segment_id":"peaks.segment.2","user":"aida"},"peaks.point.54":{"time":21.93213,"labelText":"easy","segment_id":"peaks.segment.2","user":"aida"},"peaks.point.55":{"time":21.93213,"labelText":"1","segment_id":"peaks.segment.2","user":"aida"},"peaks.point.56":{"time":21.93098,"labelText":"HeadNod","segment_id":"peaks.segment.2","user":"aida"},"peaks.point.57":{"time":99.021884,"labelText":"happy","segment_id":"peaks.segment.3","user":"aida"},"peaks.point.58":{"time":99.021884,"labelText":"easy","segment_id":"peaks.segment.3","user":"aida"},"peaks.point.59":{"time":99.021884,"labelText":"1","segment_id":"peaks.segment.3","user":"aida"},"peaks.point.60":{"time":98.994,"labelText":"HeadNod","segment_id":"peaks.segment.3","user":"aida"},"peaks.point.61":{"time":162.551209,"labelText":"happy","segment_id":"peaks.segment.4","user":"aida"},"peaks.point.62":{"time":162.626446,"labelText":"easy","segment_id":"peaks.segment.4","user":"aida"},"peaks.point.63":{"time":162.626446,"labelText":"1","segment_id":"peaks.segment.4","user":"aida"},"peaks.point.64":{"time":162.626446,"labelText":"HeadShake","segment_id":"peaks.segment.4","user":"aida"},"peaks.point.65":{"time":166.098842,"labelText":"happy","segment_id":"peaks.segment.5","user":"aida"},"peaks.point.66":{"time":166.098842,"labelText":"HeadNod","segment_id":"peaks.segment.5","user":"aida"},"peaks.point.67":{"time":166.098842,"labelText":"easy","segment_id":"peaks.segment.5","user":"aida"},"peaks.point.69":{"time":166.098842,"labelText":"1","segment_id":"peaks.segment.5","user":"aida"},"peaks.point.70":{"time":179.205809,"labelText":"funny","segment_id":"peaks.segment.6","user":"aida"},"peaks.point.71":{"time":179.205809,"labelText":"Smile","segment_id":"peaks.segment.6","user":"aida"},"peaks.point.72":{"time":179.205809,"labelText":"hard","segment_id":"peaks.segment.6","user":"aida"},"peaks.point.73":{"time":179.205809,"labelText":"1","segment_id":"peaks.segment.6","user":"aida"},"peaks.point.74":{"time":236.999048,"labelText":"sad","segment_id":"peaks.segment.7","user":"aida"},"peaks.point.75":{"time":236.999048,"labelText":"easy","segment_id":"peaks.segment.7","user":"aida"},"peaks.point.76":{"time":237.024277,"labelText":"Frown","segment_id":"peaks.segment.7","user":"aida"},"peaks.point.77":{"time":237.024277,"labelText":"-2","segment_id":"peaks.segment.7","user":"aida"},"peaks.point.78":{"time":239.792311,"labelText":"HeadShake","segment_id":"peaks.segment.8","user":"aida"},"peaks.point.79":{"time":239.792311,"labelText":"sad","segment_id":"peaks.segment.8","user":"aida"},"peaks.point.80":{"time":239.792311,"labelText":"easy","segment_id":"peaks.segment.8","user":"aida"},"peaks.point.81":{"time":239.792311,"labelText":"-2","segment_id":"peaks.segment.8","user":"aida"},"peaks.point.82":{"time":243.182526,"labelText":"sad","segment_id":"peaks.segment.9","user":"aida"},"peaks.point.83":{"time":243.174201,"labelText":"Frown","segment_id":"peaks.segment.9","user":"aida"},"peaks.point.84":{"time":243.174201,"labelText":"easy","segment_id":"peaks.segment.9","user":"aida"},"peaks.point.85":{"time":243.174201,"labelText":"-2","segment_id":"peaks.segment.9","user":"aida"},"peaks.point.86":{"time":274.09318,"labelText":"sad","segment_id":"peaks.segment.10","user":"aida"},"peaks.point.87":{"time":274.09318,"labelText":"easy","segment_id":"peaks.segment.10","user":"aida"},"peaks.point.88":{"time":274.09318,"labelText":"-2","segment_id":"peaks.segment.10","user":"aida"},"peaks.point.89":{"time":274.09318,"labelText":"HeadShake","segment_id":"peaks.segment.10","user":"aida"}}