{"peaks.segment.0":{"startTime":1.5063945578231293,"endTime":5.578231},"peaks.segment.1":{"startTime":32.702403628117914,"endTime":33.799183},"peaks.segment.2":{"startTime":48.207165,"endTime":49.806439},"peaks.segment.3":{"startTime":176.932789,"endTime":178.005015},"peaks.segment.4":{"startTime":322.450894,"endTime":325.279274},"peaks.segment.5":{"startTime":325.284601,"endTime":329.209251},"peaks.segment.6":{"startTime":329.209251,"endTime":331.975483},"peaks.segment.7":{"startTime":591.15356,"endTime":592.755736},"peaks.segment.8":{"startTime":606.9202721088435,"endTime":609.056779},"peaks.segment.9":{"startTime":638.429387,"endTime":640.566944}}
{"peaks.point.0":{"time":5.587468,"labelText":"excited","segment_id":"peaks.segment.0","user":"aida"},"peaks.point.1":{"time":5.587468,"labelText":"hard","segment_id":"peaks.segment.0","user":"aida"},"peaks.point.2":{"time":5.587468,"labelText":"2","segment_id":"peaks.segment.0","user":"aida"},"peaks.point.3":{"time":5.587468,"labelText":"Smile","segment_id":"peaks.segment.0","user":"aida"},"peaks.point.4":{"time":33.799183,"labelText":"loving","segment_id":"peaks.segment.1","user":"aida"},"peaks.point.5":{"time":33.799183,"labelText":"easy","segment_id":"peaks.segment.1","user":"aida"},"peaks.point.6":{"time":33.799183,"labelText":"1","segment_id":"peaks.segment.1","user":"aida"},"peaks.point.7":{"time":33.814336,"labelText":"HeadShake","segment_id":"peaks.segment.1","user":"aida"},"peaks.point.8":{"time":49.806439,"labelText":"loving","segment_id":"peaks.segment.2","user":"aida"},"peaks.point.9":{"time":49.806439,"labelText":"easy","segment_id":"peaks.segment.2","user":"aida"},"peaks.point.10":{"time":49.806439,"labelText":"1","segment_id":"peaks.segment.2","user":"aida"},"peaks.point.11":{"time":49.806439,"labelText":"Smile","segment_id":"peaks.segment.2","user":"aida"},"peaks.point.12":{"time":178.005015,"labelText":"surprised","segment_id":"peaks.segment.3","user":"aida"},"peaks.point.13":{"time":178.005015,"labelText":"easy","segment_id":"peaks.segment.3","user":"aida"},"peaks.point.14":{"time":178.005015,"labelText":"-1","segment_id":"peaks.segment.3","user":"aida"},"peaks.point.15":{"time":178.016953,"labelText":"HeadShake","segment_id":"peaks.segment.3","user":"aida"},"peaks.point.16":{"time":325.279274,"labelText":"loving","segment_id":"peaks.segment.4","user":"aida"},"peaks.point.17":{"time":325.279274,"labelText":"easy","segment_id":"peaks.segment.4","user":"aida"},"peaks.point.18":{"time":325.279274,"labelText":"1","segment_id":"peaks.segment.4","user":"aida"},"peaks.point.19":{"time":323.915269,"labelText":"HeadShake","segment_id":"peaks.segment.4","user":"aida"},"peaks.point.20":{"time":329.209251,"labelText":"loving","segment_id":"peaks.segment.5","user":"aida"},"peaks.point.21":{"time":329.209251,"labelText":"easy","segment_id":"peaks.segment.5","user":"aida"},"peaks.point.22":{"time":329.209251,"labelText":"2","segment_id":"peaks.segment.5","user":"aida"},"peaks.point.23":{"time":329.209251,"labelText":"HeadShake","segment_id":"peaks.segment.5","user":"aida"},"peaks.point.24":{"time":331.975483,"labelText":"loving","segment_id":"peaks.segment.6","user":"aida"},"peaks.point.25":{"time":331.975483,"labelText":"easy","segment_id":"peaks.segment.6","user":"aida"},"peaks.point.26":{"time":331.975483,"labelText":"2","segment_id":"peaks.segment.6","user":"aida"},"peaks.point.27":{"time":331.975483,"labelText":"HeadShake","segment_id":"peaks.segment.6","user":"aida"},"peaks.point.28":{"time":592.755736,"labelText":"angry","segment_id":"peaks.segment.7","user":"aida"},"peaks.point.29":{"time":592.755736,"labelText":"easy","segment_id":"peaks.segment.7","user":"aida"},"peaks.point.30":{"time":592.755736,"labelText":"-2","segment_id":"peaks.segment.7","user":"aida"},"peaks.point.31":{"time":592.755736,"labelText":"Frown","segment_id":"peaks.segment.7","user":"aida"},"peaks.point.32":{"time":609.056779,"labelText":"surprised","segment_id":"peaks.segment.8","user":"aida"},"peaks.point.33":{"time":609.056779,"labelText":"easy","segment_id":"peaks.segment.8","user":"aida"},"peaks.point.34":{"time":609.056779,"labelText":"-1","segment_id":"peaks.segment.8","user":"aida"},"peaks.point.35":{"time":608.56485,"labelText":"Frown","segment_id":"peaks.segment.8","user":"aida"},"peaks.point.36":{"time":640.566944,"labelText":"angry","segment_id":"peaks.segment.9","user":"aida"},"peaks.point.37":{"time":640.566944,"labelText":"easy","segment_id":"peaks.segment.9","user":"aida"},"peaks.point.38":{"time":640.566944,"labelText":"-1","segment_id":"peaks.segment.9","user":"aida"},"peaks.point.39":{"time":640.566944,"labelText":"Smile","segment_id":"peaks.segment.9","user":"aida"},"peaks.point.40":{"time":5.585231,"labelText":"2","segment_id":"peaks.segment.0","user":"ikram"},"peaks.point.41":{"time":5.585231,"labelText":"hard","segment_id":"peaks.segment.0","user":"ikram"},"peaks.point.42":{"time":5.585231,"labelText":"excited","segment_id":"peaks.segment.0","user":"ikram"},"peaks.point.43":{"time":5.585231,"labelText":"Smile","segment_id":"peaks.segment.0","user":"ikram"},"peaks.point.44":{"time":33.814426,"labelText":"1","segment_id":"peaks.segment.1","user":"ikram"},"peaks.point.45":{"time":33.814426,"labelText":"easy","segment_id":"peaks.segment.1","user":"ikram"},"peaks.point.46":{"time":33.814426,"labelText":"loving","segment_id":"peaks.segment.1","user":"ikram"},"peaks.point.47":{"time":49.81237,"labelText":"2","segment_id":"peaks.segment.2","user":"ikram"},"peaks.point.48":{"time":49.81237,"labelText":"hard","segment_id":"peaks.segment.2","user":"ikram"},"peaks.point.49":{"time":49.81237,"labelText":"loving","segment_id":"peaks.segment.2","user":"ikram"},"peaks.point.50":{"time":49.81237,"labelText":"Smile","segment_id":"peaks.segment.2","user":"ikram"},"peaks.point.51":{"time":178.020052,"labelText":"0","segment_id":"peaks.segment.3","user":"ikram"},"peaks.point.52":{"time":178.020052,"labelText":"hard","segment_id":"peaks.segment.3","user":"ikram"},"peaks.point.53":{"time":178.020052,"labelText":"surprised","segment_id":"peaks.segment.3","user":"ikram"},"peaks.point.54":{"time":325.292131,"labelText":"1","segment_id":"peaks.segment.4","user":"ikram"},"peaks.point.55":{"time":325.292131,"labelText":"easy","segment_id":"peaks.segment.4","user":"ikram"},"peaks.point.56":{"time":325.292131,"labelText":"loving","segment_id":"peaks.segment.4","user":"ikram"},"peaks.point.57":{"time":325.292131,"labelText":"HeadShake","segment_id":"peaks.segment.4","user":"ikram"},"peaks.point.58":{"time":329.213527,"labelText":"1","segment_id":"peaks.segment.5","user":"ikram"},"peaks.point.59":{"time":329.213527,"labelText":"easy","segment_id":"peaks.segment.5","user":"ikram"},"peaks.point.60":{"time":329.213527,"labelText":"loving","segment_id":"peaks.segment.5","user":"ikram"},"peaks.point.61":{"time":329.213527,"labelText":"HeadShake","segment_id":"peaks.segment.5","user":"ikram"},"peaks.point.62":{"time":331.980917,"labelText":"1","segment_id":"peaks.segment.6","user":"ikram"},"peaks.point.63":{"time":331.980917,"labelText":"easy","segment_id":"peaks.segment.6","user":"ikram"},"peaks.point.64":{"time":331.980917,"labelText":"loving","segment_id":"peaks.segment.6","user":"ikram"},"peaks.point.65":{"time":331.980917,"labelText":"HeadShake","segment_id":"peaks.segment.6","user":"ikram"},"peaks.point.66":{"time":592.760427,"labelText":"-1","segment_id":"peaks.segment.7","user":"ikram"},"peaks.point.67":{"time":592.760427,"labelText":"easy","segment_id":"peaks.segment.7","user":"ikram"},"peaks.point.68":{"time":592.760427,"labelText":"angry","segment_id":"peaks.segment.7","user":"ikram"},"peaks.point.69":{"time":592.756939,"labelText":"Frown","segment_id":"peaks.segment.7","user":"ikram"},"peaks.point.70":{"time":609.064763,"labelText":"0","segment_id":"peaks.segment.8","user":"ikram"},"peaks.point.71":{"time":609.064763,"labelText":"hard","segment_id":"peaks.segment.8","user":"ikram"},"peaks.point.72":{"time":609.064763,"labelText":"surprised","segment_id":"peaks.segment.8","user":"ikram"},"peaks.point.75":{"time":640.577069,"labelText":"1","segment_id":"peaks.segment.9","user":"ikram"},"peaks.point.76":{"time":640.577069,"labelText":"hard","segment_id":"peaks.segment.9","user":"ikram"},"peaks.point.77":{"time":640.577069,"labelText":"funny","segment_id":"peaks.segment.9","user":"ikram"},"peaks.point.78":{"time":640.577069,"labelText":"Smile","segment_id":"peaks.segment.9","user":"ikram"}}