{"peaks.segment.0":{"startTime":121.189297,"endTime":124.203268},"peaks.segment.1":{"startTime":154.562176,"endTime":161.89549},"peaks.segment.2":{"startTime":702.814331,"endTime":710.8673015873015}}
{"peaks.point.0":{"time":124.21802,"labelText":"1","segment_id":"peaks.segment.0","user":"ikram"},"peaks.point.1":{"time":124.21802,"labelText":"easy","segment_id":"peaks.segment.0","user":"ikram"},"peaks.point.2":{"time":124.21802,"labelText":"happy","segment_id":"peaks.segment.0","user":"ikram"},"peaks.point.3":{"time":124.21802,"labelText":"Smile","segment_id":"peaks.segment.0","user":"ikram"},"peaks.point.4":{"time":156.573753,"labelText":"-1","segment_id":"peaks.segment.1","user":"ikram"},"peaks.point.5":{"time":157.368962,"labelText":"easy","segment_id":"peaks.segment.1","user":"ikram"},"peaks.point.6":{"time":159.350183,"labelText":"sad","segment_id":"peaks.segment.1","user":"ikram"},"peaks.point.7":{"time":161.909553,"labelText":"Frown","segment_id":"peaks.segment.1","user":"ikram"},"peaks.point.8":{"time":705.654827,"labelText":"1","segment_id":"peaks.segment.2","user":"ikram"},"peaks.point.9":{"time":706.81857,"labelText":"hard","segment_id":"peaks.segment.2","user":"ikram"},"peaks.point.10":{"time":707.839431,"labelText":"funny","segment_id":"peaks.segment.2","user":"ikram"},"peaks.point.11":{"time":709.147907,"labelText":"Smile","segment_id":"peaks.segment.2","user":"ikram"},"peaks.point.12":{"time":124.224736,"labelText":"loving","segment_id":"peaks.segment.0","user":"aida"},"peaks.point.13":{"time":124.224736,"labelText":"easy","segment_id":"peaks.segment.0","user":"aida"},"peaks.point.14":{"time":124.224736,"labelText":"1","segment_id":"peaks.segment.0","user":"aida"},"peaks.point.15":{"time":123.368178,"labelText":"Smile","segment_id":"peaks.segment.0","user":"aida"},"peaks.point.16":{"time":161.01645,"labelText":"sad","segment_id":"peaks.segment.1","user":"aida"},"peaks.point.17":{"time":161.84161,"labelText":"Frown","segment_id":"peaks.segment.1","user":"aida"},"peaks.point.18":{"time":161.84161,"labelText":"easy","segment_id":"peaks.segment.1","user":"aida"},"peaks.point.19":{"time":161.84161,"labelText":"-1","segment_id":"peaks.segment.1","user":"aida"},"peaks.point.20":{"time":710.868253,"labelText":"funny","segment_id":"peaks.segment.2","user":"aida"},"peaks.point.21":{"time":710.868253,"labelText":"hard","segment_id":"peaks.segment.2","user":"aida"},"peaks.point.22":{"time":706.463374,"labelText":"1","segment_id":"peaks.segment.2","user":"aida"},"peaks.point.23":{"time":707.819668,"labelText":"Smile","segment_id":"peaks.segment.2","user":"aida"}}