{"peaks.segment.0":{"startTime":5.421496,"endTime":7.966984},"peaks.segment.2":{"startTime":12.988299,"endTime":16.094608},"peaks.segment.3":{"startTime":21.318293,"endTime":25.158458},"peaks.segment.4":{"startTime":40.419773,"endTime":44.055048},"peaks.segment.5":{"startTime":47.388662,"endTime":49.818049},"peaks.segment.6":{"startTime":50.372426,"endTime":52.206802}}
{"peaks.point.0":{"time":7.966984,"labelText":"loving","segment_id":"peaks.segment.0","user":"aida"},"peaks.point.1":{"time":7.966984,"labelText":"easy","segment_id":"peaks.segment.0","user":"aida"},"peaks.point.2":{"time":7.966984,"labelText":"2","segment_id":"peaks.segment.0","user":"aida"},"peaks.point.3":{"time":7.972292,"labelText":"HeadShake","segment_id":"peaks.segment.0","user":"aida"},"peaks.point.8":{"time":16.094608,"labelText":"loving","segment_id":"peaks.segment.2","user":"aida"},"peaks.point.9":{"time":16.094608,"labelText":"easy","segment_id":"peaks.segment.2","user":"aida"},"peaks.point.10":{"time":16.094608,"labelText":"2","segment_id":"peaks.segment.2","user":"aida"},"peaks.point.11":{"time":16.094608,"labelText":"HeadShake","segment_id":"peaks.segment.2","user":"aida"},"peaks.point.12":{"time":25.158458,"labelText":"sorry","segment_id":"peaks.segment.3","user":"aida"},"peaks.point.13":{"time":25.158458,"labelText":"HeadShake","segment_id":"peaks.segment.3","user":"aida"},"peaks.point.14":{"time":25.158458,"labelText":"hard","segment_id":"peaks.segment.3","user":"aida"},"peaks.point.15":{"time":25.158458,"labelText":"0","segment_id":"peaks.segment.3","user":"aida"},"peaks.point.16":{"time":44.055048,"labelText":"excited","segment_id":"peaks.segment.4","user":"aida"},"peaks.point.17":{"time":44.055048,"labelText":"easy","segment_id":"peaks.segment.4","user":"aida"},"peaks.point.18":{"time":44.055048,"labelText":"1","segment_id":"peaks.segment.4","user":"aida"},"peaks.point.19":{"time":44.036265,"labelText":"HeadShake","segment_id":"peaks.segment.4","user":"aida"},"peaks.point.20":{"time":49.818049,"labelText":"excited","segment_id":"peaks.segment.5","user":"aida"},"peaks.point.21":{"time":49.818049,"labelText":"easy","segment_id":"peaks.segment.5","user":"aida"},"peaks.point.22":{"time":49.818049,"labelText":"2","segment_id":"peaks.segment.5","user":"aida"},"peaks.point.23":{"time":49.824815,"labelText":"HeadShake","segment_id":"peaks.segment.5","user":"aida"},"peaks.point.24":{"time":52.206802,"labelText":"angry","segment_id":"peaks.segment.6","user":"aida"},"peaks.point.25":{"time":52.206802,"labelText":"-1","segment_id":"peaks.segment.6","user":"aida"},"peaks.point.26":{"time":52.206802,"labelText":"easy","segment_id":"peaks.segment.6","user":"aida"},"peaks.point.27":{"time":52.206802,"labelText":"Frown","segment_id":"peaks.segment.6","user":"aida"},"peaks.point.28":{"time":7.969581,"labelText":"1","segment_id":"peaks.segment.0","user":"ikram"},"peaks.point.29":{"time":7.969581,"labelText":"easy","segment_id":"peaks.segment.0","user":"ikram"},"peaks.point.30":{"time":7.969581,"labelText":"loving","segment_id":"peaks.segment.0","user":"ikram"},"peaks.point.31":{"time":7.969139,"labelText":"HeadNod","segment_id":"peaks.segment.0","user":"ikram"},"peaks.point.32":{"time":15.53428,"labelText":"1","segment_id":"peaks.segment.2","user":"ikram"},"peaks.point.33":{"time":16.108394,"labelText":"easy","segment_id":"peaks.segment.2","user":"ikram"},"peaks.point.34":{"time":16.108394,"labelText":"loving","segment_id":"peaks.segment.2","user":"ikram"},"peaks.point.35":{"time":15.969894,"labelText":"HeadShake","segment_id":"peaks.segment.2","user":"ikram"},"peaks.point.36":{"time":44.017448,"labelText":"1","segment_id":"peaks.segment.4","user":"ikram"},"peaks.point.37":{"time":44.017448,"labelText":"easy","segment_id":"peaks.segment.4","user":"ikram"},"peaks.point.38":{"time":44.017448,"labelText":"loving","segment_id":"peaks.segment.4","user":"ikram"},"peaks.point.39":{"time":44.032371,"labelText":"HeadShake","segment_id":"peaks.segment.4","user":"ikram"},"peaks.point.40":{"time":49.765867,"labelText":"1","segment_id":"peaks.segment.5","user":"ikram"},"peaks.point.41":{"time":49.765867,"labelText":"easy","segment_id":"peaks.segment.5","user":"ikram"},"peaks.point.42":{"time":49.765867,"labelText":"loving","segment_id":"peaks.segment.5","user":"ikram"},"peaks.point.43":{"time":49.831001,"labelText":"HeadNod","segment_id":"peaks.segment.5","user":"ikram"},"peaks.point.44":{"time":52.110088,"labelText":"-1","segment_id":"peaks.segment.6","user":"ikram"},"peaks.point.45":{"time":52.220788,"labelText":"hard","segment_id":"peaks.segment.6","user":"ikram"},"peaks.point.46":{"time":52.220788,"labelText":"angry","segment_id":"peaks.segment.6","user":"ikram"},"peaks.point.47":{"time":52.220788,"labelText":"Frown","segment_id":"peaks.segment.6","user":"ikram"},"peaks.point.48":{"time":25.160653,"labelText":"-1","segment_id":"peaks.segment.3","user":"ikram"},"peaks.point.49":{"time":25.160653,"labelText":"hard","segment_id":"peaks.segment.3","user":"ikram"},"peaks.point.50":{"time":25.160653,"labelText":"angry","segment_id":"peaks.segment.3","user":"ikram"},"peaks.point.51":{"time":25.160653,"labelText":"Frown","segment_id":"peaks.segment.3","user":"ikram"}}