{"peaks.segment.0":{"startTime":9.200544,"endTime":11.90756},"peaks.segment.3":{"startTime":60.57831,"endTime":65.179128}}
{"peaks.point.0":{"time":11.90756,"labelText":"sad","segment_id":"peaks.segment.0","user":"aida"},"peaks.point.1":{"time":11.90756,"labelText":"-3","segment_id":"peaks.segment.0","user":"aida"},"peaks.point.2":{"time":11.90756,"labelText":"easy","segment_id":"peaks.segment.0","user":"aida"},"peaks.point.11":{"time":65.179128,"labelText":"sad","segment_id":"peaks.segment.3","user":"aida"},"peaks.point.12":{"time":65.179128,"labelText":"-1","segment_id":"peaks.segment.3","user":"aida"},"peaks.point.13":{"time":65.179128,"labelText":"easy","segment_id":"peaks.segment.3","user":"aida"},"peaks.point.14":{"time":65.179128,"labelText":"Smile","segment_id":"peaks.segment.3","user":"aida"},"peaks.point.15":{"time":11.909975,"labelText":"HeadShake","segment_id":"peaks.segment.0","user":"aida"},"peaks.point.16":{"time":11.916492,"labelText":"-2","segment_id":"peaks.segment.0","user":"ikram"},"peaks.point.17":{"time":11.916492,"labelText":"easy","segment_id":"peaks.segment.0","user":"ikram"},"peaks.point.18":{"time":11.916492,"labelText":"sad","segment_id":"peaks.segment.0","user":"ikram"},"peaks.point.19":{"time":11.917325,"labelText":"HeadNod","segment_id":"peaks.segment.0","user":"ikram"},"peaks.point.20":{"time":65.19616,"labelText":"-1","segment_id":"peaks.segment.3","user":"ikram"},"peaks.point.21":{"time":65.19616,"labelText":"easy","segment_id":"peaks.segment.3","user":"ikram"},"peaks.point.22":{"time":65.19616,"labelText":"sad","segment_id":"peaks.segment.3","user":"ikram"},"peaks.point.23":{"time":65.19616,"labelText":"Smile","segment_id":"peaks.segment.3","user":"ikram"}}