{"peaks.segment.0":{"startTime":42.675011,"endTime":47.438504},"peaks.segment.1":{"startTime":60.153832,"endTime":63.278577},"peaks.segment.2":{"startTime":69.366293,"endTime":73.205174},"peaks.segment.3":{"startTime":97.654058,"endTime":99.414464},"peaks.segment.4":{"startTime":152.946575,"endTime":155.411667},"peaks.segment.5":{"startTime":191.337868,"endTime":194.321015},"peaks.segment.6":{"startTime":198.23455782312925,"endTime":202.724644},"peaks.segment.7":{"startTime":429.394648,"endTime":432.550663}}
{"peaks.point.0":{"time":47.438504,"labelText":"hard","segment_id":"peaks.segment.0","user":"aida"},"peaks.point.1":{"time":47.438504,"labelText":"proud","segment_id":"peaks.segment.0","user":"aida"},"peaks.point.2":{"time":47.438504,"labelText":"0","segment_id":"peaks.segment.0","user":"aida"},"peaks.point.3":{"time":47.445629,"labelText":"HeadShake","segment_id":"peaks.segment.0","user":"aida"},"peaks.point.4":{"time":63.278577,"labelText":"interested","segment_id":"peaks.segment.1","user":"aida"},"peaks.point.5":{"time":63.278577,"labelText":"1","segment_id":"peaks.segment.1","user":"aida"},"peaks.point.6":{"time":63.278577,"labelText":"easy","segment_id":"peaks.segment.1","user":"aida"},"peaks.point.7":{"time":63.278577,"labelText":"Frown","segment_id":"peaks.segment.1","user":"aida"},"peaks.point.8":{"time":73.205174,"labelText":"proud","segment_id":"peaks.segment.2","user":"aida"},"peaks.point.9":{"time":73.205174,"labelText":"hard","segment_id":"peaks.segment.2","user":"aida"},"peaks.point.10":{"time":73.205174,"labelText":"1","segment_id":"peaks.segment.2","user":"aida"},"peaks.point.11":{"time":87.828573,"labelText":"HeadNod","segment_id":"peaks.segment.2","user":"aida"},"peaks.point.12":{"time":99.414464,"labelText":"interested","segment_id":"peaks.segment.3","user":"aida"},"peaks.point.13":{"time":99.414464,"labelText":"Frown","segment_id":"peaks.segment.3","user":"aida"},"peaks.point.14":{"time":99.414464,"labelText":"hard","segment_id":"peaks.segment.3","user":"aida"},"peaks.point.15":{"time":99.414464,"labelText":"1","segment_id":"peaks.segment.3","user":"aida"},"peaks.point.16":{"time":155.411667,"labelText":"sad","segment_id":"peaks.segment.4","user":"aida"},"peaks.point.17":{"time":155.411667,"labelText":"2","segment_id":"peaks.segment.4","user":"aida"},"peaks.point.18":{"time":155.411667,"labelText":"easy","segment_id":"peaks.segment.4","user":"aida"},"peaks.point.19":{"time":155.414251,"labelText":"HeadShake","segment_id":"peaks.segment.4","user":"aida"},"peaks.point.20":{"time":194.321015,"labelText":"surprised","segment_id":"peaks.segment.5","user":"aida"},"peaks.point.21":{"time":194.321015,"labelText":"1","segment_id":"peaks.segment.5","user":"aida"},"peaks.point.22":{"time":194.321015,"labelText":"easy","segment_id":"peaks.segment.5","user":"aida"},"peaks.point.23":{"time":194.334561,"labelText":"HeadShake","segment_id":"peaks.segment.5","user":"aida"},"peaks.point.24":{"time":202.724644,"labelText":"loving","segment_id":"peaks.segment.6","user":"aida"},"peaks.point.25":{"time":202.724644,"labelText":"easy","segment_id":"peaks.segment.6","user":"aida"},"peaks.point.26":{"time":202.724644,"labelText":"2","segment_id":"peaks.segment.6","user":"aida"},"peaks.point.27":{"time":202.738231,"labelText":"HeadShake","segment_id":"peaks.segment.6","user":"aida"},"peaks.point.28":{"time":432.550663,"labelText":"loving","segment_id":"peaks.segment.7","user":"aida"},"peaks.point.29":{"time":432.550663,"labelText":"hard","segment_id":"peaks.segment.7","user":"aida"},"peaks.point.30":{"time":432.550663,"labelText":"1","segment_id":"peaks.segment.7","user":"aida"},"peaks.point.31":{"time":432.550663,"labelText":"HeadNod","segment_id":"peaks.segment.7","user":"aida"},"peaks.point.32":{"time":202.728164,"labelText":"1","segment_id":"peaks.segment.6","user":"ikram"},"peaks.point.33":{"time":202.728164,"labelText":"easy","segment_id":"peaks.segment.6","user":"ikram"},"peaks.point.34":{"time":202.728164,"labelText":"loving","segment_id":"peaks.segment.6","user":"ikram"},"peaks.point.35":{"time":202.731341,"labelText":"HeadNod","segment_id":"peaks.segment.6","user":"ikram"},"peaks.point.36":{"time":194.327946,"labelText":"1","segment_id":"peaks.segment.5","user":"ikram"},"peaks.point.37":{"time":194.327946,"labelText":"easy","segment_id":"peaks.segment.5","user":"ikram"},"peaks.point.38":{"time":194.327946,"labelText":"loving","segment_id":"peaks.segment.5","user":"ikram"},"peaks.point.39":{"time":194.327946,"labelText":"HeadShake","segment_id":"peaks.segment.5","user":"ikram"},"peaks.point.40":{"time":72.870401,"labelText":"1","segment_id":"peaks.segment.2","user":"ikram"},"peaks.point.41":{"time":73.210496,"labelText":"easy","segment_id":"peaks.segment.2","user":"ikram"},"peaks.point.42":{"time":73.210496,"labelText":"loving","segment_id":"peaks.segment.2","user":"ikram"},"peaks.point.43":{"time":72.728324,"labelText":"HeadShake","segment_id":"peaks.segment.2","user":"ikram"},"peaks.point.44":{"time":45.14871,"labelText":"1","segment_id":"peaks.segment.0","user":"ikram"},"peaks.point.45":{"time":45.934049,"labelText":"easy","segment_id":"peaks.segment.0","user":"ikram"},"peaks.point.46":{"time":47.44369,"labelText":"loving","segment_id":"peaks.segment.0","user":"ikram"},"peaks.point.47":{"time":47.441257,"labelText":"HeadNod","segment_id":"peaks.segment.0","user":"ikram"},"peaks.point.48":{"time":63.285954,"labelText":"0","segment_id":"peaks.segment.1","user":"ikram"},"peaks.point.49":{"time":63.285954,"labelText":"hard","segment_id":"peaks.segment.1","user":"ikram"},"peaks.point.50":{"time":63.285954,"labelText":"interested","segment_id":"peaks.segment.1","user":"ikram"},"peaks.point.51":{"time":63.287321,"labelText":"HeadShake","segment_id":"peaks.segment.1","user":"ikram"},"peaks.point.52":{"time":98.867217,"labelText":"0","segment_id":"peaks.segment.3","user":"ikram"},"peaks.point.53":{"time":99.415426,"labelText":"hard","segment_id":"peaks.segment.3","user":"ikram"},"peaks.point.54":{"time":99.415426,"labelText":"interested","segment_id":"peaks.segment.3","user":"ikram"},"peaks.point.55":{"time":99.428161,"labelText":"HeadShake","segment_id":"peaks.segment.3","user":"ikram"},"peaks.point.58":{"time":432.563012,"labelText":"1","segment_id":"peaks.segment.7","user":"ikram"},"peaks.point.59":{"time":432.563012,"labelText":"easy","segment_id":"peaks.segment.7","user":"ikram"},"peaks.point.60":{"time":432.563012,"labelText":"loving","segment_id":"peaks.segment.7","user":"ikram"},"peaks.point.61":{"time":432.389059,"labelText":"HeadShake","segment_id":"peaks.segment.7","user":"ikram"},"peaks.point.62":{"time":154.846223,"labelText":"-1","segment_id":"peaks.segment.4","user":"ikram"},"peaks.point.63":{"time":155.427326,"labelText":"easy","segment_id":"peaks.segment.4","user":"ikram"},"peaks.point.64":{"time":155.427326,"labelText":"sad","segment_id":"peaks.segment.4","user":"ikram"},"peaks.point.65":{"time":155.41462,"labelText":"HeadShake","segment_id":"peaks.segment.4","user":"ikram"}}