{"peaks.segment.0":{"startTime":18.504278,"endTime":19.568253},"peaks.segment.1":{"startTime":19.884625,"endTime":22.825215419501134}}
{"peaks.point.0":{"time":19.568253,"labelText":"loving","segment_id":"peaks.segment.0","user":"aida"},"peaks.point.1":{"time":19.568253,"labelText":"easy","segment_id":"peaks.segment.0","user":"aida"},"peaks.point.2":{"time":19.568253,"labelText":"2","segment_id":"peaks.segment.0","user":"aida"},"peaks.point.3":{"time":19.573024,"labelText":"HeadShake","segment_id":"peaks.segment.0","user":"aida"},"peaks.point.4":{"time":22.700408163265305,"labelText":"loving","segment_id":"peaks.segment.1","user":"aida"},"peaks.point.5":{"time":22.703310657596372,"labelText":"easy","segment_id":"peaks.segment.1","user":"aida"},"peaks.point.6":{"time":22.77297052154195,"labelText":"1","segment_id":"peaks.segment.1","user":"aida"},"peaks.point.7":{"time":22.976145124716552,"labelText":"HeadShake","segment_id":"peaks.segment.1","user":"aida"},"peaks.point.8":{"time":19.572143,"labelText":"1","segment_id":"peaks.segment.0","user":"ikram"},"peaks.point.9":{"time":19.572143,"labelText":"easy","segment_id":"peaks.segment.0","user":"ikram"},"peaks.point.10":{"time":19.572143,"labelText":"loving","segment_id":"peaks.segment.0","user":"ikram"},"peaks.point.11":{"time":19.572143,"labelText":"HeadNod","segment_id":"peaks.segment.0","user":"ikram"},"peaks.point.12":{"time":22.001812,"labelText":"1","segment_id":"peaks.segment.1","user":"ikram"},"peaks.point.13":{"time":22.716409,"labelText":"easy","segment_id":"peaks.segment.1","user":"ikram"},"peaks.point.14":{"time":22.826681,"labelText":"loving","segment_id":"peaks.segment.1","user":"ikram"},"peaks.point.15":{"time":22.83552,"labelText":"HeadNod","segment_id":"peaks.segment.1","user":"ikram"}}