{"peaks.segment.1":{"startTime":17.531065759637187,"endTime":18.822809},"peaks.segment.2":{"startTime":25.472290249433108,"endTime":27.682051},"peaks.segment.3":{"startTime":34.623492,"endTime":36.597188},"peaks.segment.4":{"startTime":38.321269,"endTime":41.150058}}
{"peaks.point.0":{"time":16.461633,"labelText":"nervous","segment_id":"peaks.segment.1","user":"aida"},"peaks.point.1":{"time":16.461633,"labelText":"easy","segment_id":"peaks.segment.1","user":"aida"},"peaks.point.2":{"time":16.461633,"labelText":"2","segment_id":"peaks.segment.1","user":"aida"},"peaks.point.3":{"time":16.450195,"labelText":"HeadShake","segment_id":"peaks.segment.1","user":"aida"},"peaks.point.4":{"time":18.822809,"labelText":"afraid","segment_id":"peaks.segment.2","user":"aida"},"peaks.point.5":{"time":18.822809,"labelText":"easy","segment_id":"peaks.segment.2","user":"aida"},"peaks.point.6":{"time":18.822809,"labelText":"1","segment_id":"peaks.segment.2","user":"aida"},"peaks.point.7":{"time":18.822884,"labelText":"HeadShake","segment_id":"peaks.segment.2","user":"aida"},"peaks.point.8":{"time":36.597188,"labelText":"loving","segment_id":"peaks.segment.4","user":"aida"},"peaks.point.9":{"time":36.597188,"labelText":"easy","segment_id":"peaks.segment.4","user":"aida"},"peaks.point.10":{"time":36.626827,"labelText":"HeadShake","segment_id":"peaks.segment.4","user":"aida"},"peaks.point.15":{"time":27.687217,"labelText":"hating","segment_id":"peaks.segment.3","user":"aida"},"peaks.point.16":{"time":27.687217,"labelText":"0","segment_id":"peaks.segment.3","user":"aida"},"peaks.point.17":{"time":27.687217,"labelText":"hard","segment_id":"peaks.segment.3","user":"aida"},"peaks.point.18":{"time":27.687217,"labelText":"HeadShake","segment_id":"peaks.segment.3","user":"aida"},"peaks.point.19":{"time":36.597411,"labelText":"2","segment_id":"peaks.segment.4","user":"aida"},"peaks.point.20":{"time":41.161967,"labelText":"-1","segment_id":"peaks.segment.4","user":"ikram"},"peaks.point.21":{"time":41.161967,"labelText":"easy","segment_id":"peaks.segment.4","user":"ikram"},"peaks.point.22":{"time":41.161967,"labelText":"hating","segment_id":"peaks.segment.4","user":"ikram"},"peaks.point.23":{"time":41.151588,"labelText":"HeadNod","segment_id":"peaks.segment.4","user":"ikram"},"peaks.point.24":{"time":36.61148,"labelText":"1","segment_id":"peaks.segment.3","user":"ikram"},"peaks.point.25":{"time":36.61148,"labelText":"easy","segment_id":"peaks.segment.3","user":"ikram"},"peaks.point.26":{"time":36.61148,"labelText":"loving","segment_id":"peaks.segment.3","user":"ikram"},"peaks.point.27":{"time":36.61148,"labelText":"HeadNod","segment_id":"peaks.segment.3","user":"ikram"},"peaks.point.28":{"time":27.69559,"labelText":"-1","segment_id":"peaks.segment.2","user":"ikram"},"peaks.point.29":{"time":27.69559,"labelText":"easy","segment_id":"peaks.segment.2","user":"ikram"},"peaks.point.30":{"time":27.69559,"labelText":"hating","segment_id":"peaks.segment.2","user":"ikram"},"peaks.point.31":{"time":27.69559,"labelText":"HeadNod","segment_id":"peaks.segment.2","user":"ikram"},"peaks.point.32":{"time":18.763593,"labelText":"-1","segment_id":"peaks.segment.1","user":"ikram"},"peaks.point.33":{"time":18.763593,"labelText":"easy","segment_id":"peaks.segment.1","user":"ikram"},"peaks.point.34":{"time":18.763593,"labelText":"afraid","segment_id":"peaks.segment.1","user":"ikram"},"peaks.point.35":{"time":18.823759,"labelText":"HeadNod","segment_id":"peaks.segment.1","user":"ikram"}}
