{"peaks.segment.0":{"startTime":10.480544,"endTime":12.889977324263038},"peaks.segment.1":{"startTime":16.622222,"endTime":21.797732426303856},"peaks.segment.3":{"startTime":34.765714,"endTime":39.046893},"peaks.segment.4":{"startTime":42.05714285714286,"endTime":44.64},"peaks.segment.5":{"startTime":46.573061,"endTime":48.657052},"peaks.segment.6":{"startTime":67.897585,"endTime":70.115192},"peaks.segment.7":{"startTime":83.10421768707484,"endTime":85.489705},"peaks.segment.8":{"startTime":135.105237,"endTime":140.5881179138322}}
{"peaks.point.0":{"time":12.895382,"labelText":"loving","segment_id":"peaks.segment.0","user":"aida"},"peaks.point.1":{"time":12.895382,"labelText":"easy","segment_id":"peaks.segment.0","user":"aida"},"peaks.point.2":{"time":12.902421,"labelText":"HeadShake","segment_id":"peaks.segment.0","user":"aida"},"peaks.point.3":{"time":21.79841,"labelText":"loving","segment_id":"peaks.segment.1","user":"aida"},"peaks.point.4":{"time":21.79841,"labelText":"easy","segment_id":"peaks.segment.1","user":"aida"},"peaks.point.5":{"time":21.79841,"labelText":"2","segment_id":"peaks.segment.1","user":"aida"},"peaks.point.6":{"time":21.79841,"labelText":"Smile","segment_id":"peaks.segment.1","user":"aida"},"peaks.point.7":{"time":29.689614512471657,"labelText":"loving","segment_id":"peaks.segment.3","user":"aida"},"peaks.point.8":{"time":29.437097505668934,"labelText":"easy","segment_id":"peaks.segment.3","user":"aida"},"peaks.point.9":{"time":29.689614512471657,"labelText":"HeadShake","segment_id":"peaks.segment.3","user":"aida"},"peaks.point.10":{"time":39.056734,"labelText":"loving","segment_id":"peaks.segment.4","user":"aida"},"peaks.point.11":{"time":39.056734,"labelText":"easy","segment_id":"peaks.segment.4","user":"aida"},"peaks.point.12":{"time":39.056734,"labelText":"1","segment_id":"peaks.segment.4","user":"aida"},"peaks.point.13":{"time":39.056734,"labelText":"Smile","segment_id":"peaks.segment.4","user":"aida"},"peaks.point.14":{"time":44.616101,"labelText":"0","segment_id":"peaks.segment.5","user":"aida"},"peaks.point.15":{"time":44.616101,"labelText":"hard","segment_id":"peaks.segment.5","user":"aida"},"peaks.point.16":{"time":44.616101,"labelText":"interested","segment_id":"peaks.segment.5","user":"aida"},"peaks.point.17":{"time":48.657052,"labelText":"loving","segment_id":"peaks.segment.6","user":"aida"},"peaks.point.18":{"time":48.657052,"labelText":"easy","segment_id":"peaks.segment.6","user":"aida"},"peaks.point.19":{"time":48.657052,"labelText":"1","segment_id":"peaks.segment.6","user":"aida"},"peaks.point.20":{"time":48.624195,"labelText":"HeadShake","segment_id":"peaks.segment.6","user":"aida"},"peaks.point.21":{"time":70.115192,"labelText":"surprised","segment_id":"peaks.segment.7","user":"aida"},"peaks.point.22":{"time":70.115192,"labelText":"easy","segment_id":"peaks.segment.7","user":"aida"},"peaks.point.23":{"time":70.115192,"labelText":"2","segment_id":"peaks.segment.7","user":"aida"},"peaks.point.24":{"time":70.124657,"labelText":"HeadShake","segment_id":"peaks.segment.7","user":"aida"},"peaks.point.25":{"time":85.489705,"labelText":"loving","segment_id":"peaks.segment.8","user":"aida"},"peaks.point.26":{"time":85.489705,"labelText":"easy","segment_id":"peaks.segment.8","user":"aida"},"peaks.point.27":{"time":85.489705,"labelText":"1","segment_id":"peaks.segment.8","user":"aida"},"peaks.point.28":{"time":85.489705,"labelText":"HeadShake","segment_id":"peaks.segment.8","user":"aida"},"peaks.point.33":{"time":12.9008,"labelText":"0","segment_id":"peaks.segment.0","user":"aida"},"peaks.point.34":{"time":30.126951,"labelText":"0","segment_id":"peaks.segment.3","user":"aida"},"peaks.point.35":{"time":44.613932,"labelText":"Frown","segment_id":"peaks.segment.5","user":"aida"},"peaks.point.36":{"time":12.90179,"labelText":"1","segment_id":"peaks.segment.0","user":"ikram"},"peaks.point.37":{"time":12.90179,"labelText":"easy","segment_id":"peaks.segment.0","user":"ikram"},"peaks.point.38":{"time":12.90179,"labelText":"loving","segment_id":"peaks.segment.0","user":"ikram"},"peaks.point.39":{"time":12.897339,"labelText":"HeadNod","segment_id":"peaks.segment.0","user":"ikram"},"peaks.point.40":{"time":21.800052,"labelText":"1","segment_id":"peaks.segment.1","user":"ikram"},"peaks.point.41":{"time":21.800052,"labelText":"easy","segment_id":"peaks.segment.1","user":"ikram"},"peaks.point.42":{"time":21.800052,"labelText":"loving","segment_id":"peaks.segment.1","user":"ikram"},"peaks.point.43":{"time":21.802574,"labelText":"HeadShake","segment_id":"peaks.segment.1","user":"ikram"},"peaks.point.48":{"time":37.542136,"labelText":"1","segment_id":"peaks.segment.3","user":"ikram"},"peaks.point.49":{"time":39.052766,"labelText":"easy","segment_id":"peaks.segment.3","user":"ikram"},"peaks.point.50":{"time":39.052766,"labelText":"loving","segment_id":"peaks.segment.3","user":"ikram"},"peaks.point.51":{"time":39.052766,"labelText":"HeadShake","segment_id":"peaks.segment.3","user":"ikram"},"peaks.point.52":{"time":44.413597,"labelText":"1","segment_id":"peaks.segment.4","user":"ikram"},"peaks.point.53":{"time":44.627997,"labelText":"easy","segment_id":"peaks.segment.4","user":"ikram"},"peaks.point.54":{"time":44.627997,"labelText":"loving","segment_id":"peaks.segment.4","user":"ikram"},"peaks.point.55":{"time":44.63113,"labelText":"HeadShake","segment_id":"peaks.segment.4","user":"ikram"},"peaks.point.56":{"time":48.617345,"labelText":"1","segment_id":"peaks.segment.5","user":"ikram"},"peaks.point.57":{"time":48.617345,"labelText":"easy","segment_id":"peaks.segment.5","user":"ikram"},"peaks.point.58":{"time":48.617345,"labelText":"loving","segment_id":"peaks.segment.5","user":"ikram"},"peaks.point.59":{"time":48.617345,"labelText":"HeadShake","segment_id":"peaks.segment.5","user":"ikram"},"peaks.point.60":{"time":70.121402,"labelText":"1","segment_id":"peaks.segment.6","user":"ikram"},"peaks.point.61":{"time":70.121402,"labelText":"easy","segment_id":"peaks.segment.6","user":"ikram"},"peaks.point.62":{"time":70.121402,"labelText":"loving","segment_id":"peaks.segment.6","user":"ikram"},"peaks.point.63":{"time":70.121402,"labelText":"HeadShake","segment_id":"peaks.segment.6","user":"ikram"},"peaks.point.64":{"time":85.495782,"labelText":"1","segment_id":"peaks.segment.7","user":"ikram"},"peaks.point.65":{"time":85.495782,"labelText":"easy","segment_id":"peaks.segment.7","user":"ikram"},"peaks.point.66":{"time":85.495782,"labelText":"loving","segment_id":"peaks.segment.7","user":"ikram"},"peaks.point.67":{"time":85.495782,"labelText":"HeadShake","segment_id":"peaks.segment.7","user":"ikram"},"peaks.point.68":{"time":140.601007,"labelText":"2","segment_id":"peaks.segment.8","user":"ikram"},"peaks.point.69":{"time":140.601007,"labelText":"easy","segment_id":"peaks.segment.8","user":"ikram"},"peaks.point.70":{"time":140.601007,"labelText":"loving","segment_id":"peaks.segment.8","user":"ikram"},"peaks.point.71":{"time":140.601007,"labelText":"HeadShake","segment_id":"peaks.segment.8","user":"ikram"}}
