{"peaks.segment.0":{"startTime":4.071894,"endTime":11.508390022675737},"peaks.segment.1":{"startTime":16.773548,"endTime":20.762051},"peaks.segment.2":{"startTime":32.92879818594104,"endTime":37.015510204081636},"peaks.segment.3":{"startTime":42.407337,"endTime":44.867957},"peaks.segment.4":{"startTime":73.8829931972789,"endTime":76.40526077097506}}
{"peaks.point.0":{"time":11.519174,"labelText":"Smile","segment_id":"peaks.segment.0","user":"aida"},"peaks.point.1":{"time":11.519174,"labelText":"loving","segment_id":"peaks.segment.0","user":"aida"},"peaks.point.2":{"time":11.519174,"labelText":"easy","segment_id":"peaks.segment.0","user":"aida"},"peaks.point.3":{"time":11.519174,"labelText":"1","segment_id":"peaks.segment.0","user":"aida"},"peaks.point.4":{"time":20.762051,"labelText":"loving","segment_id":"peaks.segment.1","user":"aida"},"peaks.point.5":{"time":20.762051,"labelText":"easy","segment_id":"peaks.segment.1","user":"aida"},"peaks.point.6":{"time":20.762051,"labelText":"1","segment_id":"peaks.segment.1","user":"aida"},"peaks.point.7":{"time":20.762051,"labelText":"Smile","segment_id":"peaks.segment.1","user":"aida"},"peaks.point.8":{"time":36.423038,"labelText":"loving","segment_id":"peaks.segment.2","user":"aida"},"peaks.point.9":{"time":36.423038,"labelText":"easy","segment_id":"peaks.segment.2","user":"aida"},"peaks.point.10":{"time":36.423038,"labelText":"1","segment_id":"peaks.segment.2","user":"aida"},"peaks.point.11":{"time":36.423038,"labelText":"Smile","segment_id":"peaks.segment.2","user":"aida"},"peaks.point.12":{"time":44.867957,"labelText":"easy","segment_id":"peaks.segment.3","user":"aida"},"peaks.point.13":{"time":44.867957,"labelText":"excited","segment_id":"peaks.segment.3","user":"aida"},"peaks.point.14":{"time":44.867957,"labelText":"2","segment_id":"peaks.segment.3","user":"aida"},"peaks.point.15":{"time":44.867957,"labelText":"Smile","segment_id":"peaks.segment.3","user":"aida"},"peaks.point.16":{"time":76.410481,"labelText":"loving","segment_id":"peaks.segment.4","user":"aida"},"peaks.point.17":{"time":76.410481,"labelText":"easy","segment_id":"peaks.segment.4","user":"aida"},"peaks.point.18":{"time":76.410481,"labelText":"1","segment_id":"peaks.segment.4","user":"aida"},"peaks.point.19":{"time":76.410481,"labelText":"Smile","segment_id":"peaks.segment.4","user":"aida"},"peaks.point.20":{"time":11.343612,"labelText":"1","segment_id":"peaks.segment.0","user":"ikram"},"peaks.point.21":{"time":11.522901,"labelText":"easy","segment_id":"peaks.segment.0","user":"ikram"},"peaks.point.22":{"time":11.522901,"labelText":"loving","segment_id":"peaks.segment.0","user":"ikram"},"peaks.point.23":{"time":11.522901,"labelText":"Smile","segment_id":"peaks.segment.0","user":"ikram"},"peaks.point.24":{"time":20.773458,"labelText":"1","segment_id":"peaks.segment.1","user":"ikram"},"peaks.point.25":{"time":20.773458,"labelText":"easy","segment_id":"peaks.segment.1","user":"ikram"},"peaks.point.26":{"time":20.773458,"labelText":"loving","segment_id":"peaks.segment.1","user":"ikram"},"peaks.point.27":{"time":20.773458,"labelText":"Smile","segment_id":"peaks.segment.1","user":"ikram"},"peaks.point.28":{"time":36.808854,"labelText":"1","segment_id":"peaks.segment.2","user":"ikram"},"peaks.point.29":{"time":37.019349,"labelText":"easy","segment_id":"peaks.segment.2","user":"ikram"},"peaks.point.30":{"time":37.019349,"labelText":"loving","segment_id":"peaks.segment.2","user":"ikram"},"peaks.point.31":{"time":37.019349,"labelText":"Smile","segment_id":"peaks.segment.2","user":"ikram"},"peaks.point.32":{"time":44.871626,"labelText":"1","segment_id":"peaks.segment.3","user":"ikram"},"peaks.point.33":{"time":44.871626,"labelText":"easy","segment_id":"peaks.segment.3","user":"ikram"},"peaks.point.34":{"time":44.871626,"labelText":"loving","segment_id":"peaks.segment.3","user":"ikram"},"peaks.point.35":{"time":44.871626,"labelText":"Smile","segment_id":"peaks.segment.3","user":"ikram"},"peaks.point.36":{"time":76.41752,"labelText":"1","segment_id":"peaks.segment.4","user":"ikram"},"peaks.point.37":{"time":76.41752,"labelText":"easy","segment_id":"peaks.segment.4","user":"ikram"},"peaks.point.38":{"time":76.41752,"labelText":"loving","segment_id":"peaks.segment.4","user":"ikram"},"peaks.point.39":{"time":76.41752,"labelText":"Smile","segment_id":"peaks.segment.4","user":"ikram"}}