{"peaks.segment.1":{"startTime":53.55356,"endTime":57.038295}}
{"peaks.point.0":{"time":34.397668,"labelText":"excited","segment_id":"peaks.segment.1","user":"aida"},"peaks.point.1":{"time":34.397668,"labelText":"hard","segment_id":"peaks.segment.1","user":"aida"},"peaks.point.2":{"time":34.397668,"labelText":"2","segment_id":"peaks.segment.1","user":"aida"},"peaks.point.3":{"time":34.397668,"labelText":"HeadShake","segment_id":"peaks.segment.1","user":"aida"},"peaks.point.8":{"time":57.039355,"labelText":"1","segment_id":"peaks.segment.1","user":"ikram"},"peaks.point.9":{"time":57.039355,"labelText":"easy","segment_id":"peaks.segment.1","user":"ikram"},"peaks.point.10":{"time":57.039355,"labelText":"excited","segment_id":"peaks.segment.1","user":"ikram"},"peaks.point.11":{"time":57.039355,"labelText":"Smile","segment_id":"peaks.segment.1","user":"ikram"}}
