{"peaks.segment.0":{"startTime":11.377414,"endTime":14.307537},"peaks.segment.1":{"startTime":86.267573,"endTime":88.247074},"peaks.segment.2":{"startTime":139.307755,"endTime":140.488954},"peaks.segment.3":{"startTime":140.488954,"endTime":142.294421},"peaks.segment.4":{"startTime":210.984852,"endTime":212.131337},"peaks.segment.5":{"startTime":263.13687,"endTime":265.481082},"peaks.segment.7":{"startTime":307.286286,"endTime":308.334512},"peaks.segment.8":{"startTime":339.182222,"endTime":342.45043},"peaks.segment.9":{"startTime":346.42975,"endTime":348.928798},"peaks.segment.10":{"startTime":367.484444,"endTime":369.542312},"peaks.segment.11":{"startTime":383.909659,"endTime":386.263582},"peaks.segment.12":{"startTime":433.707755,"endTime":435.863499},"peaks.segment.13":{"startTime":452.037006,"endTime":454.605714},"peaks.segment.14":{"startTime":529.10984,"endTime":532.186484}}
{"peaks.point.0":{"time":14.307537,"labelText":"sorry","segment_id":"peaks.segment.0","user":"aida"},"peaks.point.1":{"time":14.307537,"labelText":"easy","segment_id":"peaks.segment.0","user":"aida"},"peaks.point.2":{"time":14.307537,"labelText":"-2","segment_id":"peaks.segment.0","user":"aida"},"peaks.point.3":{"time":14.307537,"labelText":"HeadShake","segment_id":"peaks.segment.0","user":"aida"},"peaks.point.4":{"time":88.247074,"labelText":"angry","segment_id":"peaks.segment.1","user":"aida"},"peaks.point.5":{"time":88.247074,"labelText":"hard","segment_id":"peaks.segment.1","user":"aida"},"peaks.point.6":{"time":88.247074,"labelText":"-1","segment_id":"peaks.segment.1","user":"aida"},"peaks.point.7":{"time":88.266403,"labelText":"HeadShake","segment_id":"peaks.segment.1","user":"aida"},"peaks.point.8":{"time":140.488954,"labelText":"loving","segment_id":"peaks.segment.2","user":"aida"},"peaks.point.9":{"time":140.488954,"labelText":"easy","segment_id":"peaks.segment.2","user":"aida"},"peaks.point.10":{"time":140.488954,"labelText":"1","segment_id":"peaks.segment.2","user":"aida"},"peaks.point.11":{"time":140.488954,"labelText":"HeadShake","segment_id":"peaks.segment.2","user":"aida"},"peaks.point.12":{"time":142.294421,"labelText":"loving","segment_id":"peaks.segment.3","user":"aida"},"peaks.point.13":{"time":142.294421,"labelText":"easy","segment_id":"peaks.segment.3","user":"aida"},"peaks.point.14":{"time":142.294421,"labelText":"2","segment_id":"peaks.segment.3","user":"aida"},"peaks.point.15":{"time":142.245069,"labelText":"HeadShake","segment_id":"peaks.segment.3","user":"aida"},"peaks.point.16":{"time":212.131337,"labelText":"loving","segment_id":"peaks.segment.4","user":"aida"},"peaks.point.17":{"time":212.131337,"labelText":"easy","segment_id":"peaks.segment.4","user":"aida"},"peaks.point.18":{"time":212.131337,"labelText":"1","segment_id":"peaks.segment.4","user":"aida"},"peaks.point.19":{"time":212.131337,"labelText":"Smile","segment_id":"peaks.segment.4","user":"aida"},"peaks.point.20":{"time":265.481082,"labelText":"loving","segment_id":"peaks.segment.5","user":"aida"},"peaks.point.21":{"time":265.481082,"labelText":"easy","segment_id":"peaks.segment.5","user":"aida"},"peaks.point.22":{"time":265.481082,"labelText":"1","segment_id":"peaks.segment.5","user":"aida"},"peaks.point.23":{"time":265.432446,"labelText":"HeadShake","segment_id":"peaks.segment.5","user":"aida"},"peaks.point.28":{"time":308.334512,"labelText":"glad","segment_id":"peaks.segment.7","user":"aida"},"peaks.point.29":{"time":308.334512,"labelText":"easy","segment_id":"peaks.segment.7","user":"aida"},"peaks.point.30":{"time":308.334512,"labelText":"1","segment_id":"peaks.segment.7","user":"aida"},"peaks.point.31":{"time":308.343982,"labelText":"Smile","segment_id":"peaks.segment.7","user":"aida"},"peaks.point.32":{"time":342.45043,"labelText":"excited","segment_id":"peaks.segment.8","user":"aida"},"peaks.point.33":{"time":342.45043,"labelText":"easy","segment_id":"peaks.segment.8","user":"aida"},"peaks.point.34":{"time":342.45043,"labelText":"1","segment_id":"peaks.segment.8","user":"aida"},"peaks.point.35":{"time":342.45043,"labelText":"HeadNod","segment_id":"peaks.segment.8","user":"aida"},"peaks.point.36":{"time":348.928798,"labelText":"loving","segment_id":"peaks.segment.9","user":"aida"},"peaks.point.37":{"time":348.928798,"labelText":"easy","segment_id":"peaks.segment.9","user":"aida"},"peaks.point.38":{"time":348.928798,"labelText":"2","segment_id":"peaks.segment.9","user":"aida"},"peaks.point.39":{"time":348.935271,"labelText":"HeadShake","segment_id":"peaks.segment.9","user":"aida"},"peaks.point.40":{"time":369.542312,"labelText":"glad","segment_id":"peaks.segment.10","user":"aida"},"peaks.point.41":{"time":369.542312,"labelText":"easy","segment_id":"peaks.segment.10","user":"aida"},"peaks.point.42":{"time":369.542312,"labelText":"2","segment_id":"peaks.segment.10","user":"aida"},"peaks.point.43":{"time":369.542312,"labelText":"HeadShake","segment_id":"peaks.segment.10","user":"aida"},"peaks.point.44":{"time":386.263582,"labelText":"glad","segment_id":"peaks.segment.11","user":"aida"},"peaks.point.45":{"time":386.263582,"labelText":"easy","segment_id":"peaks.segment.11","user":"aida"},"peaks.point.46":{"time":386.263582,"labelText":"2","segment_id":"peaks.segment.11","user":"aida"},"peaks.point.47":{"time":386.276737,"labelText":"HeadShake","segment_id":"peaks.segment.11","user":"aida"},"peaks.point.48":{"time":435.863499,"labelText":"loving","segment_id":"peaks.segment.12","user":"aida"},"peaks.point.49":{"time":435.863499,"labelText":"easy","segment_id":"peaks.segment.12","user":"aida"},"peaks.point.50":{"time":435.863499,"labelText":"2","segment_id":"peaks.segment.12","user":"aida"},"peaks.point.51":{"time":435.865822,"labelText":"Frown","segment_id":"peaks.segment.12","user":"aida"},"peaks.point.52":{"time":454.605714,"labelText":"loving","segment_id":"peaks.segment.13","user":"aida"},"peaks.point.53":{"time":454.605714,"labelText":"easy","segment_id":"peaks.segment.13","user":"aida"},"peaks.point.54":{"time":454.605714,"labelText":"2","segment_id":"peaks.segment.13","user":"aida"},"peaks.point.55":{"time":454.620267,"labelText":"HeadNod","segment_id":"peaks.segment.13","user":"aida"},"peaks.point.56":{"time":532.186484,"labelText":"disgust","segment_id":"peaks.segment.14","user":"aida"},"peaks.point.57":{"time":532.186484,"labelText":"easy","segment_id":"peaks.segment.14","user":"aida"},"peaks.point.58":{"time":532.186484,"labelText":"-1","segment_id":"peaks.segment.14","user":"aida"},"peaks.point.59":{"time":532.186484,"labelText":"Frown","segment_id":"peaks.segment.14","user":"aida"},"peaks.point.60":{"time":14.315971,"labelText":"-1","segment_id":"peaks.segment.0","user":"ikram"},"peaks.point.61":{"time":14.315971,"labelText":"easy","segment_id":"peaks.segment.0","user":"ikram"},"peaks.point.62":{"time":14.315971,"labelText":"sad","segment_id":"peaks.segment.0","user":"ikram"},"peaks.point.63":{"time":14.315971,"labelText":"HeadNod","segment_id":"peaks.segment.0","user":"ikram"},"peaks.point.64":{"time":88.261117,"labelText":"-1","segment_id":"peaks.segment.1","user":"ikram"},"peaks.point.65":{"time":88.261117,"labelText":"hard","segment_id":"peaks.segment.1","user":"ikram"},"peaks.point.66":{"time":88.261117,"labelText":"angry","segment_id":"peaks.segment.1","user":"ikram"},"peaks.point.67":{"time":88.261117,"labelText":"HeadNod","segment_id":"peaks.segment.1","user":"ikram"},"peaks.point.69":{"time":142.307704,"labelText":"2","segment_id":"peaks.segment.3","user":"ikram"},"peaks.point.70":{"time":142.307704,"labelText":"easy","segment_id":"peaks.segment.3","user":"ikram"},"peaks.point.71":{"time":142.307704,"labelText":"loving","segment_id":"peaks.segment.3","user":"ikram"},"peaks.point.72":{"time":142.308558,"labelText":"HeadShake","segment_id":"peaks.segment.3","user":"ikram"},"peaks.point.73":{"time":212.144656,"labelText":"1","segment_id":"peaks.segment.4","user":"ikram"},"peaks.point.74":{"time":212.144656,"labelText":"easy","segment_id":"peaks.segment.4","user":"ikram"},"peaks.point.75":{"time":212.144656,"labelText":"loving","segment_id":"peaks.segment.4","user":"ikram"},"peaks.point.76":{"time":265.495111,"labelText":"1","segment_id":"peaks.segment.5","user":"ikram"},"peaks.point.77":{"time":265.495111,"labelText":"hard","segment_id":"peaks.segment.5","user":"ikram"},"peaks.point.78":{"time":265.495111,"labelText":"surprised","segment_id":"peaks.segment.5","user":"ikram"},"peaks.point.79":{"time":265.495111,"labelText":"HeadNod","segment_id":"peaks.segment.5","user":"ikram"},"peaks.point.80":{"time":308.335057,"labelText":"1","segment_id":"peaks.segment.7","user":"ikram"},"peaks.point.81":{"time":308.335057,"labelText":"easy","segment_id":"peaks.segment.7","user":"ikram"},"peaks.point.82":{"time":308.335057,"labelText":"glad","segment_id":"peaks.segment.7","user":"ikram"},"peaks.point.83":{"time":308.24780045351474,"labelText":"HeadNod","segment_id":"peaks.segment.7","user":"ikram"},"peaks.point.84":{"time":342.459795,"labelText":"2","segment_id":"peaks.segment.8","user":"ikram"},"peaks.point.85":{"time":342.459795,"labelText":"hard","segment_id":"peaks.segment.8","user":"ikram"},"peaks.point.86":{"time":342.459795,"labelText":"happy","segment_id":"peaks.segment.8","user":"ikram"},"peaks.point.87":{"time":342.459215,"labelText":"HeadNod","segment_id":"peaks.segment.8","user":"ikram"},"peaks.point.88":{"time":348.934877,"labelText":"1","segment_id":"peaks.segment.9","user":"ikram"},"peaks.point.89":{"time":348.934877,"labelText":"easy","segment_id":"peaks.segment.9","user":"ikram"},"peaks.point.90":{"time":348.934877,"labelText":"loving","segment_id":"peaks.segment.9","user":"ikram"},"peaks.point.91":{"time":348.943127,"labelText":"HeadShake","segment_id":"peaks.segment.9","user":"ikram"},"peaks.point.92":{"time":369.54458,"labelText":"1","segment_id":"peaks.segment.10","user":"ikram"},"peaks.point.93":{"time":369.54458,"labelText":"hard","segment_id":"peaks.segment.10","user":"ikram"},"peaks.point.94":{"time":369.54458,"labelText":"glad","segment_id":"peaks.segment.10","user":"ikram"},"peaks.point.95":{"time":369.54458,"labelText":"HeadShake","segment_id":"peaks.segment.10","user":"ikram"},"peaks.point.96":{"time":386.265848,"labelText":"1","segment_id":"peaks.segment.11","user":"ikram"},"peaks.point.97":{"time":386.265848,"labelText":"easy","segment_id":"peaks.segment.11","user":"ikram"},"peaks.point.98":{"time":386.265848,"labelText":"glad","segment_id":"peaks.segment.11","user":"ikram"},"peaks.point.99":{"time":386.275936,"labelText":"HeadNod","segment_id":"peaks.segment.11","user":"ikram"},"peaks.point.100":{"time":435.874025,"labelText":"2","segment_id":"peaks.segment.12","user":"ikram"},"peaks.point.101":{"time":435.874025,"labelText":"easy","segment_id":"peaks.segment.12","user":"ikram"},"peaks.point.102":{"time":435.874025,"labelText":"loving","segment_id":"peaks.segment.12","user":"ikram"},"peaks.point.103":{"time":454.621335,"labelText":"2","segment_id":"peaks.segment.13","user":"ikram"},"peaks.point.104":{"time":454.621335,"labelText":"easy","segment_id":"peaks.segment.13","user":"ikram"},"peaks.point.105":{"time":454.621335,"labelText":"loving","segment_id":"peaks.segment.13","user":"ikram"},"peaks.point.106":{"time":453.745529,"labelText":"HeadNod","segment_id":"peaks.segment.13","user":"ikram"},"peaks.point.107":{"time":530.281703,"labelText":"-1","segment_id":"peaks.segment.14","user":"ikram"},"peaks.point.108":{"time":532.194068,"labelText":"hard","segment_id":"peaks.segment.14","user":"ikram"},"peaks.point.109":{"time":532.194068,"labelText":"sad","segment_id":"peaks.segment.14","user":"ikram"},"peaks.point.110":{"time":532.194068,"labelText":"Frown","segment_id":"peaks.segment.14","user":"ikram"},"peaks.point.111":{"time":140.505929,"labelText":"1","segment_id":"peaks.segment.2","user":"ikram"},"peaks.point.112":{"time":140.505929,"labelText":"easy","segment_id":"peaks.segment.2","user":"ikram"},"peaks.point.113":{"time":140.505929,"labelText":"loving","segment_id":"peaks.segment.2","user":"ikram"},"peaks.point.114":{"time":140.505929,"labelText":"HeadShake","segment_id":"peaks.segment.2","user":"ikram"}}