{"peaks.segment.0":{"startTime":539.202333,"endTime":540.722333}}
{"peaks.point.0":{"time":540.722333,"labelText":"interested","segment_id":"peaks.segment.0","user":"aida"},"peaks.point.1":{"time":540.722333,"labelText":"easy","segment_id":"peaks.segment.0","user":"aida"},"peaks.point.2":{"time":540.722333,"labelText":"1","segment_id":"peaks.segment.0","user":"aida"},"peaks.point.3":{"time":540.730664,"labelText":"HeadShake","segment_id":"peaks.segment.0","user":"aida"},"peaks.point.4":{"time":540.727186,"labelText":"0","segment_id":"peaks.segment.0","user":"ikram"},"peaks.point.5":{"time":540.727186,"labelText":"easy","segment_id":"peaks.segment.0","user":"ikram"},"peaks.point.6":{"time":540.727186,"labelText":"interested","segment_id":"peaks.segment.0","user":"ikram"},"peaks.point.7":{"time":540.727186,"labelText":"HeadShake","segment_id":"peaks.segment.0","user":"ikram"}}