{"peaks.segment.0":{"startTime":0,"endTime":4.53043},"peaks.segment.1":{"startTime":24.638911,"endTime":28.556779},"peaks.segment.2":{"startTime":40.059863,"endTime":46.442448},"peaks.segment.3":{"startTime":63.587482,"endTime":67.070476},"peaks.segment.6":{"startTime":98.441406,"endTime":102.684081},"peaks.segment.7":{"startTime":140.371294,"endTime":144.967859},"peaks.segment.8":{"startTime":146.256326,"endTime":150.352752},"peaks.segment.9":{"startTime":277.303945,"endTime":279.919092},"peaks.segment.10":{"startTime":279.965532,"endTime":289.581496},"peaks.segment.11":{"startTime":318.55455782312924,"endTime":322.76897959183674},"peaks.segment.12":{"startTime":329.328253,"endTime":329.911655},"peaks.segment.13":{"startTime":329.958095,"endTime":333.721259},"peaks.segment.14":{"startTime":407.251519,"endTime":411.280181},"peaks.segment.15":{"startTime":485.221224,"endTime":487.487071},"peaks.segment.16":{"startTime":603.190204,"endTime":606.133333},"peaks.segment.17":{"startTime":609.044535,"endTime":611.061768}}
{"peaks.point.0":{"time":4.53043,"labelText":"loving","segment_id":"peaks.segment.0","user":"aida"},"peaks.point.1":{"time":4.53043,"labelText":"easy","segment_id":"peaks.segment.0","user":"aida"},"peaks.point.2":{"time":4.53043,"labelText":"1","segment_id":"peaks.segment.0","user":"aida"},"peaks.point.3":{"time":4.563444,"labelText":"HeadShake","segment_id":"peaks.segment.0","user":"aida"},"peaks.point.4":{"time":28.556779,"labelText":"happy","segment_id":"peaks.segment.1","user":"aida"},"peaks.point.5":{"time":28.556779,"labelText":"easy","segment_id":"peaks.segment.1","user":"aida"},"peaks.point.6":{"time":28.556779,"labelText":"1","segment_id":"peaks.segment.1","user":"aida"},"peaks.point.7":{"time":28.556779,"labelText":"Smile","segment_id":"peaks.segment.1","user":"aida"},"peaks.point.8":{"time":46.442448,"labelText":"happy","segment_id":"peaks.segment.2","user":"aida"},"peaks.point.9":{"time":46.442448,"labelText":"easy","segment_id":"peaks.segment.2","user":"aida"},"peaks.point.10":{"time":46.442448,"labelText":"1","segment_id":"peaks.segment.2","user":"aida"},"peaks.point.11":{"time":46.442448,"labelText":"Smile","segment_id":"peaks.segment.2","user":"aida"},"peaks.point.12":{"time":67.070476,"labelText":"hating","segment_id":"peaks.segment.3","user":"aida"},"peaks.point.13":{"time":67.070476,"labelText":"easy","segment_id":"peaks.segment.3","user":"aida"},"peaks.point.14":{"time":67.070476,"labelText":"-1","segment_id":"peaks.segment.3","user":"aida"},"peaks.point.15":{"time":67.082702,"labelText":"HeadShake","segment_id":"peaks.segment.3","user":"aida"},"peaks.point.24":{"time":102.684081,"labelText":"loving","segment_id":"peaks.segment.6","user":"aida"},"peaks.point.25":{"time":102.684081,"labelText":"easy","segment_id":"peaks.segment.6","user":"aida"},"peaks.point.26":{"time":102.684081,"labelText":"1","segment_id":"peaks.segment.6","user":"aida"},"peaks.point.27":{"time":102.699433,"labelText":"Frown","segment_id":"peaks.segment.6","user":"aida"},"peaks.point.28":{"time":144.967859,"labelText":"proud","segment_id":"peaks.segment.7","user":"aida"},"peaks.point.29":{"time":144.967859,"labelText":"hard","segment_id":"peaks.segment.7","user":"aida"},"peaks.point.30":{"time":144.967859,"labelText":"1","segment_id":"peaks.segment.7","user":"aida"},"peaks.point.31":{"time":144.97864,"labelText":"HeadShake","segment_id":"peaks.segment.7","user":"aida"},"peaks.point.32":{"time":150.352752,"labelText":"loving","segment_id":"peaks.segment.8","user":"aida"},"peaks.point.33":{"time":150.352752,"labelText":"easy","segment_id":"peaks.segment.8","user":"aida"},"peaks.point.34":{"time":150.352752,"labelText":"1","segment_id":"peaks.segment.8","user":"aida"},"peaks.point.35":{"time":150.340752,"labelText":"HeadShake","segment_id":"peaks.segment.8","user":"aida"},"peaks.point.36":{"time":279.919092,"labelText":"loving","segment_id":"peaks.segment.9","user":"aida"},"peaks.point.37":{"time":279.919092,"labelText":"easy","segment_id":"peaks.segment.9","user":"aida"},"peaks.point.38":{"time":279.919092,"labelText":"1","segment_id":"peaks.segment.9","user":"aida"},"peaks.point.39":{"time":279.829229,"labelText":"Smile","segment_id":"peaks.segment.9","user":"aida"},"peaks.point.40":{"time":289.581496,"labelText":"loving","segment_id":"peaks.segment.10","user":"aida"},"peaks.point.41":{"time":289.581496,"labelText":"easy","segment_id":"peaks.segment.10","user":"aida"},"peaks.point.42":{"time":289.581496,"labelText":"2","segment_id":"peaks.segment.10","user":"aida"},"peaks.point.43":{"time":286.161228,"labelText":"HeadShake","segment_id":"peaks.segment.10","user":"aida"},"peaks.point.44":{"time":321.430058,"labelText":"bored","segment_id":"peaks.segment.11","user":"aida"},"peaks.point.45":{"time":322.777788,"labelText":"easy","segment_id":"peaks.segment.11","user":"aida"},"peaks.point.46":{"time":322.777788,"labelText":"-1","segment_id":"peaks.segment.11","user":"aida"},"peaks.point.47":{"time":322.7747845804989,"labelText":"HeadShake","segment_id":"peaks.segment.11","user":"aida"},"peaks.point.48":{"time":329.911655,"labelText":"bored","segment_id":"peaks.segment.12","user":"aida"},"peaks.point.49":{"time":329.911655,"labelText":"easy","segment_id":"peaks.segment.12","user":"aida"},"peaks.point.50":{"time":329.911655,"labelText":"-1","segment_id":"peaks.segment.12","user":"aida"},"peaks.point.51":{"time":329.916854,"labelText":"HeadShake","segment_id":"peaks.segment.12","user":"aida"},"peaks.point.52":{"time":333.721259,"labelText":"bored","segment_id":"peaks.segment.13","user":"aida"},"peaks.point.53":{"time":333.721259,"labelText":"easy","segment_id":"peaks.segment.13","user":"aida"},"peaks.point.54":{"time":333.721259,"labelText":"-2","segment_id":"peaks.segment.13","user":"aida"},"peaks.point.55":{"time":333.721259,"labelText":"Frown","segment_id":"peaks.segment.13","user":"aida"},"peaks.point.56":{"time":411.280181,"labelText":"disgust","segment_id":"peaks.segment.14","user":"aida"},"peaks.point.57":{"time":411.280181,"labelText":"easy","segment_id":"peaks.segment.14","user":"aida"},"peaks.point.58":{"time":411.280181,"labelText":"-1","segment_id":"peaks.segment.14","user":"aida"},"peaks.point.59":{"time":411.280181,"labelText":"Frown","segment_id":"peaks.segment.14","user":"aida"},"peaks.point.60":{"time":487.487071,"labelText":"angry","segment_id":"peaks.segment.15","user":"aida"},"peaks.point.61":{"time":487.487071,"labelText":"easy","segment_id":"peaks.segment.15","user":"aida"},"peaks.point.62":{"time":487.487071,"labelText":"-1","segment_id":"peaks.segment.15","user":"aida"},"peaks.point.63":{"time":487.487071,"labelText":"HeadShake","segment_id":"peaks.segment.15","user":"aida"},"peaks.point.64":{"time":606.133333,"labelText":"happy","segment_id":"peaks.segment.16","user":"aida"},"peaks.point.65":{"time":606.133333,"labelText":"easy","segment_id":"peaks.segment.16","user":"aida"},"peaks.point.66":{"time":606.133333,"labelText":"2","segment_id":"peaks.segment.16","user":"aida"},"peaks.point.67":{"time":606.133333,"labelText":"Smile","segment_id":"peaks.segment.16","user":"aida"},"peaks.point.68":{"time":611.061768,"labelText":"hating","segment_id":"peaks.segment.17","user":"aida"},"peaks.point.69":{"time":611.061768,"labelText":"hard","segment_id":"peaks.segment.17","user":"aida"},"peaks.point.70":{"time":611.061768,"labelText":"-1","segment_id":"peaks.segment.17","user":"aida"},"peaks.point.71":{"time":611.02061,"labelText":"HeadShake","segment_id":"peaks.segment.17","user":"aida"},"peaks.point.72":{"time":4.542761,"labelText":"2","segment_id":"peaks.segment.0","user":"ikram"},"peaks.point.73":{"time":4.542761,"labelText":"easy","segment_id":"peaks.segment.0","user":"ikram"},"peaks.point.74":{"time":4.542761,"labelText":"loving","segment_id":"peaks.segment.0","user":"ikram"},"peaks.point.75":{"time":4.544655,"labelText":"HeadNod","segment_id":"peaks.segment.0","user":"ikram"},"peaks.point.76":{"time":28.562885,"labelText":"1","segment_id":"peaks.segment.1","user":"ikram"},"peaks.point.77":{"time":28.562885,"labelText":"hard","segment_id":"peaks.segment.1","user":"ikram"},"peaks.point.78":{"time":28.562885,"labelText":"happy","segment_id":"peaks.segment.1","user":"ikram"},"peaks.point.79":{"time":28.562885,"labelText":"Smile","segment_id":"peaks.segment.1","user":"ikram"},"peaks.point.80":{"time":45.214849,"labelText":"1","segment_id":"peaks.segment.2","user":"ikram"},"peaks.point.81":{"time":46.27625,"labelText":"easy","segment_id":"peaks.segment.2","user":"ikram"},"peaks.point.82":{"time":46.453913,"labelText":"happy","segment_id":"peaks.segment.2","user":"ikram"},"peaks.point.83":{"time":46.453913,"labelText":"Smile","segment_id":"peaks.segment.2","user":"ikram"},"peaks.point.84":{"time":67.073268,"labelText":"-1","segment_id":"peaks.segment.3","user":"ikram"},"peaks.point.85":{"time":67.073268,"labelText":"easy","segment_id":"peaks.segment.3","user":"ikram"},"peaks.point.86":{"time":67.073268,"labelText":"hating","segment_id":"peaks.segment.3","user":"ikram"},"peaks.point.87":{"time":65.537858,"labelText":"Frown","segment_id":"peaks.segment.3","user":"ikram"},"peaks.point.88":{"time":102.685719,"labelText":"1","segment_id":"peaks.segment.6","user":"ikram"},"peaks.point.89":{"time":102.685719,"labelText":"hard","segment_id":"peaks.segment.6","user":"ikram"},"peaks.point.90":{"time":102.685719,"labelText":"happy","segment_id":"peaks.segment.6","user":"ikram"},"peaks.point.91":{"time":102.685719,"labelText":"HeadNod","segment_id":"peaks.segment.6","user":"ikram"},"peaks.point.92":{"time":144.981952,"labelText":"1","segment_id":"peaks.segment.7","user":"ikram"},"peaks.point.93":{"time":144.981952,"labelText":"hard","segment_id":"peaks.segment.7","user":"ikram"},"peaks.point.94":{"time":144.981952,"labelText":"proud","segment_id":"peaks.segment.7","user":"ikram"},"peaks.point.95":{"time":144.96834,"labelText":"HeadNod","segment_id":"peaks.segment.7","user":"ikram"},"peaks.point.96":{"time":150.357957,"labelText":"1","segment_id":"peaks.segment.8","user":"ikram"},"peaks.point.97":{"time":150.357957,"labelText":"hard","segment_id":"peaks.segment.8","user":"ikram"},"peaks.point.98":{"time":150.357957,"labelText":"loving","segment_id":"peaks.segment.8","user":"ikram"},"peaks.point.99":{"time":150.355724,"labelText":"HeadNod","segment_id":"peaks.segment.8","user":"ikram"},"peaks.point.100":{"time":279.887471,"labelText":"1","segment_id":"peaks.segment.9","user":"ikram"},"peaks.point.101":{"time":279.887471,"labelText":"hard","segment_id":"peaks.segment.9","user":"ikram"},"peaks.point.102":{"time":279.887471,"labelText":"excited","segment_id":"peaks.segment.9","user":"ikram"},"peaks.point.104":{"time":279.889815,"labelText":"Smile","segment_id":"peaks.segment.9","user":"ikram"},"peaks.point.105":{"time":287.368051,"labelText":"1","segment_id":"peaks.segment.10","user":"ikram"},"peaks.point.106":{"time":289.591477,"labelText":"hard","segment_id":"peaks.segment.10","user":"ikram"},"peaks.point.107":{"time":289.591477,"labelText":"excited","segment_id":"peaks.segment.10","user":"ikram"},"peaks.point.108":{"time":289.591477,"labelText":"HeadNod","segment_id":"peaks.segment.10","user":"ikram"},"peaks.point.109":{"time":322.784446,"labelText":"-1","segment_id":"peaks.segment.11","user":"ikram"},"peaks.point.110":{"time":322.784446,"labelText":"hard","segment_id":"peaks.segment.11","user":"ikram"},"peaks.point.111":{"time":322.784446,"labelText":"bored","segment_id":"peaks.segment.11","user":"ikram"},"peaks.point.112":{"time":329.926994,"labelText":"-1","segment_id":"peaks.segment.12","user":"ikram"},"peaks.point.113":{"time":329.926994,"labelText":"hard","segment_id":"peaks.segment.12","user":"ikram"},"peaks.point.114":{"time":329.913742,"labelText":"bored","segment_id":"peaks.segment.12","user":"ikram"},"peaks.point.115":{"time":329.913742,"labelText":"Frown","segment_id":"peaks.segment.12","user":"ikram"},"peaks.point.116":{"time":333.733041,"labelText":"-1","segment_id":"peaks.segment.13","user":"ikram"},"peaks.point.117":{"time":333.733041,"labelText":"hard","segment_id":"peaks.segment.13","user":"ikram"},"peaks.point.118":{"time":333.733041,"labelText":"hating","segment_id":"peaks.segment.13","user":"ikram"},"peaks.point.119":{"time":333.733041,"labelText":"Frown","segment_id":"peaks.segment.13","user":"ikram"},"peaks.point.120":{"time":411.285495,"labelText":"-1","segment_id":"peaks.segment.14","user":"ikram"},"peaks.point.121":{"time":411.285495,"labelText":"hard","segment_id":"peaks.segment.14","user":"ikram"},"peaks.point.123":{"time":411.285495,"labelText":"hating","segment_id":"peaks.segment.14","user":"ikram"},"peaks.point.124":{"time":411.285495,"labelText":"Frown","segment_id":"peaks.segment.14","user":"ikram"},"peaks.point.125":{"time":487.489108,"labelText":"-1","segment_id":"peaks.segment.15","user":"ikram"},"peaks.point.126":{"time":487.489108,"labelText":"easy","segment_id":"peaks.segment.15","user":"ikram"},"peaks.point.127":{"time":487.489108,"labelText":"angry","segment_id":"peaks.segment.15","user":"ikram"},"peaks.point.128":{"time":487.489108,"labelText":"HeadNod","segment_id":"peaks.segment.15","user":"ikram"},"peaks.point.129":{"time":606.145962,"labelText":"1","segment_id":"peaks.segment.16","user":"ikram"},"peaks.point.130":{"time":606.145962,"labelText":"hard","segment_id":"peaks.segment.16","user":"ikram"},"peaks.point.131":{"time":606.145962,"labelText":"happy","segment_id":"peaks.segment.16","user":"ikram"},"peaks.point.132":{"time":606.145962,"labelText":"Smile","segment_id":"peaks.segment.16","user":"ikram"},"peaks.point.133":{"time":610.95605,"labelText":"-1","segment_id":"peaks.segment.17","user":"ikram"},"peaks.point.134":{"time":611.053647,"labelText":"easy","segment_id":"peaks.segment.17","user":"ikram"},"peaks.point.135":{"time":611.053647,"labelText":"hating","segment_id":"peaks.segment.17","user":"ikram"},"peaks.point.136":{"time":611.064049,"labelText":"Frown","segment_id":"peaks.segment.17","user":"ikram"}}