{"peaks.segment.0":{"startTime":216.935,"endTime":218.624},"peaks.segment.1":{"startTime":222.823,"endTime":225.38187},"peaks.segment.2":{"startTime":225.38654,"endTime":229.663},"peaks.segment.3":{"startTime":268.879,"endTime":272.81168},"peaks.segment.4":{"startTime":605.007,"endTime":607.63844},"peaks.segment.5":{"startTime":607.903,"endTime":611.685796},"peaks.segment.6":{"startTime":611.823,"endTime":621.416102}}
{"peaks.point.0":{"time":218.6,"labelText":"sad","segment_id":"peaks.segment.0","user":"aida"},"peaks.point.1":{"time":218.636092,"labelText":"easy","segment_id":"peaks.segment.0","user":"aida"},"peaks.point.2":{"time":218.636092,"labelText":"-1","segment_id":"peaks.segment.0","user":"aida"},"peaks.point.3":{"time":218.638249,"labelText":"HeadShake","segment_id":"peaks.segment.0","user":"aida"},"peaks.point.4":{"time":225.38187,"labelText":"sad","segment_id":"peaks.segment.1","user":"aida"},"peaks.point.5":{"time":225.094815,"labelText":"Frown","segment_id":"peaks.segment.1","user":"aida"},"peaks.point.6":{"time":225.38654,"labelText":"easy","segment_id":"peaks.segment.1","user":"aida"},"peaks.point.7":{"time":225.38654,"labelText":"-1","segment_id":"peaks.segment.1","user":"aida"},"peaks.point.8":{"time":229.663,"labelText":"sad","segment_id":"peaks.segment.2","user":"aida"},"peaks.point.9":{"time":229.171768,"labelText":"HeadShake","segment_id":"peaks.segment.2","user":"aida"},"peaks.point.10":{"time":229.669492,"labelText":"-1","segment_id":"peaks.segment.2","user":"aida"},"peaks.point.11":{"time":229.669492,"labelText":"easy","segment_id":"peaks.segment.2","user":"aida"},"peaks.point.12":{"time":272.754136,"labelText":"sad","segment_id":"peaks.segment.3","user":"aida"},"peaks.point.13":{"time":272.754136,"labelText":"-1","segment_id":"peaks.segment.3","user":"aida"},"peaks.point.14":{"time":272.754136,"labelText":"HeadShake","segment_id":"peaks.segment.3","user":"aida"},"peaks.point.15":{"time":272.216,"labelText":"hard","segment_id":"peaks.segment.3","user":"aida"},"peaks.point.16":{"time":607.63844,"labelText":"loving","segment_id":"peaks.segment.4","user":"aida"},"peaks.point.17":{"time":607.63844,"labelText":"easy","segment_id":"peaks.segment.4","user":"aida"},"peaks.point.18":{"time":607.63844,"labelText":"2","segment_id":"peaks.segment.4","user":"aida"},"peaks.point.19":{"time":607.63844,"labelText":"Smile","segment_id":"peaks.segment.4","user":"aida"},"peaks.point.20":{"time":611.685796,"labelText":"loving","segment_id":"peaks.segment.5","user":"aida"},"peaks.point.21":{"time":611.685796,"labelText":"easy","segment_id":"peaks.segment.5","user":"aida"},"peaks.point.22":{"time":611.685796,"labelText":"2","segment_id":"peaks.segment.5","user":"aida"},"peaks.point.23":{"time":611.685796,"labelText":"Smile","segment_id":"peaks.segment.5","user":"aida"},"peaks.point.24":{"time":621.416102,"labelText":"loving","segment_id":"peaks.segment.6","user":"aida"},"peaks.point.25":{"time":621.416102,"labelText":"easy","segment_id":"peaks.segment.6","user":"aida"},"peaks.point.26":{"time":621.416102,"labelText":"3","segment_id":"peaks.segment.6","user":"aida"},"peaks.point.27":{"time":621.416102,"labelText":"Smile","segment_id":"peaks.segment.6","user":"aida"},"peaks.point.32":{"time":218.03008,"labelText":"-1","segment_id":"peaks.segment.0","user":"ikram"},"peaks.point.33":{"time":218.631062,"labelText":"easy","segment_id":"peaks.segment.0","user":"ikram"},"peaks.point.34":{"time":218.631062,"labelText":"sad","segment_id":"peaks.segment.0","user":"ikram"},"peaks.point.35":{"time":218.628255,"labelText":"HeadShake","segment_id":"peaks.segment.0","user":"ikram"},"peaks.point.36":{"time":225.030598,"labelText":"-1","segment_id":"peaks.segment.1","user":"ikram"},"peaks.point.37":{"time":225.392556,"labelText":"easy","segment_id":"peaks.segment.1","user":"ikram"},"peaks.point.38":{"time":225.392556,"labelText":"sad","segment_id":"peaks.segment.1","user":"ikram"},"peaks.point.39":{"time":223.720133,"labelText":"Frown","segment_id":"peaks.segment.1","user":"ikram"},"peaks.point.40":{"time":229.374357,"labelText":"-1","segment_id":"peaks.segment.2","user":"ikram"},"peaks.point.41":{"time":229.667496,"labelText":"easy","segment_id":"peaks.segment.2","user":"ikram"},"peaks.point.42":{"time":229.667496,"labelText":"sad","segment_id":"peaks.segment.2","user":"ikram"},"peaks.point.43":{"time":229.667496,"labelText":"HeadShake","segment_id":"peaks.segment.2","user":"ikram"},"peaks.point.44":{"time":272.819397,"labelText":"-1","segment_id":"peaks.segment.3","user":"ikram"},"peaks.point.45":{"time":272.819397,"labelText":"easy","segment_id":"peaks.segment.3","user":"ikram"},"peaks.point.46":{"time":272.819397,"labelText":"sad","segment_id":"peaks.segment.3","user":"ikram"},"peaks.point.47":{"time":272.827409,"labelText":"Frown","segment_id":"peaks.segment.3","user":"ikram"},"peaks.point.48":{"time":607.652114,"labelText":"2","segment_id":"peaks.segment.4","user":"ikram"},"peaks.point.49":{"time":607.652114,"labelText":"easy","segment_id":"peaks.segment.4","user":"ikram"},"peaks.point.50":{"time":607.652114,"labelText":"loving","segment_id":"peaks.segment.4","user":"ikram"},"peaks.point.51":{"time":607.641192,"labelText":"Smile","segment_id":"peaks.segment.4","user":"ikram"},"peaks.point.52":{"time":611.540115,"labelText":"2","segment_id":"peaks.segment.5","user":"ikram"},"peaks.point.53":{"time":611.690604,"labelText":"easy","segment_id":"peaks.segment.5","user":"ikram"},"peaks.point.54":{"time":611.690604,"labelText":"loving","segment_id":"peaks.segment.5","user":"ikram"},"peaks.point.55":{"time":611.687824,"labelText":"HeadNod","segment_id":"peaks.segment.5","user":"ikram"},"peaks.point.56":{"time":616.746859,"labelText":"2","segment_id":"peaks.segment.6","user":"ikram"},"peaks.point.57":{"time":619.92194,"labelText":"hard","segment_id":"peaks.segment.6","user":"ikram"},"peaks.point.58":{"time":621.157066,"labelText":"loving","segment_id":"peaks.segment.6","user":"ikram"},"peaks.point.59":{"time":615.728671,"labelText":"Smile","segment_id":"peaks.segment.6","user":"ikram"}}
