{"peaks.segment.0":{"startTime":88.861315,"endTime":91.25297},"peaks.segment.1":{"startTime":105.835102,"endTime":110.048236},"peaks.segment.2":{"startTime":116.85297,"endTime":122.249572},"peaks.segment.3":{"startTime":185.642086,"endTime":188.523726},"peaks.segment.4":{"startTime":231.845131,"endTime":237.442869},"peaks.segment.5":{"startTime":242.821224,"endTime":247.373707},"peaks.segment.6":{"startTime":249.276371,"endTime":254.3717},"peaks.segment.7":{"startTime":312.539138,"endTime":318.014827},"peaks.segment.10":{"startTime":553.550657,"endTime":559.220617},"peaks.segment.11":{"startTime":668.733242,"endTime":675.380404},"peaks.segment.12":{"startTime":677.696527,"endTime":685.538354},"peaks.segment.13":{"startTime":697.626517,"endTime":699.975691},"peaks.segment.14":{"startTime":823.888979,"endTime":826.959135}}
{"peaks.point.0":{"time":91.25297,"labelText":"sad","segment_id":"peaks.segment.0","user":"aida"},"peaks.point.1":{"time":91.269493,"labelText":"HeadShake","segment_id":"peaks.segment.0","user":"aida"},"peaks.point.2":{"time":91.269493,"labelText":"easy","segment_id":"peaks.segment.0","user":"aida"},"peaks.point.3":{"time":91.269493,"labelText":"-1","segment_id":"peaks.segment.0","user":"aida"},"peaks.point.4":{"time":110.048236,"labelText":"sad","segment_id":"peaks.segment.1","user":"aida"},"peaks.point.5":{"time":110.048236,"labelText":"easy","segment_id":"peaks.segment.1","user":"aida"},"peaks.point.6":{"time":110.048236,"labelText":"-1","segment_id":"peaks.segment.1","user":"aida"},"peaks.point.7":{"time":110.057192,"labelText":"HeadShake","segment_id":"peaks.segment.1","user":"aida"},"peaks.point.8":{"time":122.249572,"labelText":"loving","segment_id":"peaks.segment.2","user":"aida"},"peaks.point.9":{"time":122.249572,"labelText":"easy","segment_id":"peaks.segment.2","user":"aida"},"peaks.point.10":{"time":122.249572,"labelText":"2","segment_id":"peaks.segment.2","user":"aida"},"peaks.point.11":{"time":122.08703,"labelText":"HeadShake","segment_id":"peaks.segment.2","user":"aida"},"peaks.point.12":{"time":188.463652,"labelText":"sad","segment_id":"peaks.segment.3","user":"aida"},"peaks.point.13":{"time":188.463652,"labelText":"easy","segment_id":"peaks.segment.3","user":"aida"},"peaks.point.14":{"time":188.463652,"labelText":"-2","segment_id":"peaks.segment.3","user":"aida"},"peaks.point.15":{"time":188.483804,"labelText":"Frown","segment_id":"peaks.segment.3","user":"aida"},"peaks.point.16":{"time":237.442869,"labelText":"loving","segment_id":"peaks.segment.4","user":"aida"},"peaks.point.17":{"time":237.442869,"labelText":"easy","segment_id":"peaks.segment.4","user":"aida"},"peaks.point.18":{"time":237.442869,"labelText":"2","segment_id":"peaks.segment.4","user":"aida"},"peaks.point.19":{"time":237.177992,"labelText":"HeadShake","segment_id":"peaks.segment.4","user":"aida"},"peaks.point.20":{"time":247.373707,"labelText":"loving","segment_id":"peaks.segment.5","user":"aida"},"peaks.point.21":{"time":247.373707,"labelText":"easy","segment_id":"peaks.segment.5","user":"aida"},"peaks.point.22":{"time":247.373707,"labelText":"2","segment_id":"peaks.segment.5","user":"aida"},"peaks.point.23":{"time":247.373707,"labelText":"Smile","segment_id":"peaks.segment.5","user":"aida"},"peaks.point.24":{"time":254.3717,"labelText":"hating","segment_id":"peaks.segment.6","user":"aida"},"peaks.point.25":{"time":254.3717,"labelText":"easy","segment_id":"peaks.segment.6","user":"aida"},"peaks.point.26":{"time":254.3717,"labelText":"-1","segment_id":"peaks.segment.6","user":"aida"},"peaks.point.27":{"time":254.3717,"labelText":"HeadShake","segment_id":"peaks.segment.6","user":"aida"},"peaks.point.28":{"time":315.257022,"labelText":"hating","segment_id":"peaks.segment.7","user":"aida"},"peaks.point.29":{"time":316.556304,"labelText":"easy","segment_id":"peaks.segment.7","user":"aida"},"peaks.point.30":{"time":317.953725,"labelText":"-2","segment_id":"peaks.segment.7","user":"aida"},"peaks.point.31":{"time":317.790933,"labelText":"HeadShake","segment_id":"peaks.segment.7","user":"aida"},"peaks.point.36":{"time":484.622057,"labelText":"glad","segment_id":"peaks.segment.10","user":"aida"},"peaks.point.37":{"time":484.622057,"labelText":"easy","segment_id":"peaks.segment.10","user":"aida"},"peaks.point.38":{"time":484.622057,"labelText":"2","segment_id":"peaks.segment.10","user":"aida"},"peaks.point.39":{"time":484.628032,"labelText":"HeadShake","segment_id":"peaks.segment.10","user":"aida"},"peaks.point.40":{"time":559.220617,"labelText":"sad","segment_id":"peaks.segment.11","user":"aida"},"peaks.point.41":{"time":559.220617,"labelText":"easy","segment_id":"peaks.segment.11","user":"aida"},"peaks.point.42":{"time":559.220617,"labelText":"-2","segment_id":"peaks.segment.11","user":"aida"},"peaks.point.43":{"time":559.256549,"labelText":"HeadShake","segment_id":"peaks.segment.11","user":"aida"},"peaks.point.44":{"time":675.380404,"labelText":"happy","segment_id":"peaks.segment.12","user":"aida"},"peaks.point.45":{"time":675.380404,"labelText":"easy","segment_id":"peaks.segment.12","user":"aida"},"peaks.point.46":{"time":675.380404,"labelText":"2","segment_id":"peaks.segment.12","user":"aida"},"peaks.point.47":{"time":672.152504,"labelText":"HeadShake","segment_id":"peaks.segment.12","user":"aida"},"peaks.point.48":{"time":685.538354,"labelText":"Smile","segment_id":"peaks.segment.13","user":"aida"},"peaks.point.49":{"time":685.538354,"labelText":"happy","segment_id":"peaks.segment.13","user":"aida"},"peaks.point.50":{"time":685.538354,"labelText":"easy","segment_id":"peaks.segment.13","user":"aida"},"peaks.point.51":{"time":685.538354,"labelText":"2","segment_id":"peaks.segment.13","user":"aida"},"peaks.point.52":{"time":699.975691,"labelText":"loving","segment_id":"peaks.segment.14","user":"aida"},"peaks.point.53":{"time":699.975691,"labelText":"easy","segment_id":"peaks.segment.14","user":"aida"},"peaks.point.54":{"time":699.975691,"labelText":"1","segment_id":"peaks.segment.14","user":"aida"},"peaks.point.55":{"time":699.879193,"labelText":"HeadShake","segment_id":"peaks.segment.14","user":"aida"},"peaks.point.60":{"time":110.063096,"labelText":"-1","segment_id":"peaks.segment.1","user":"ikram"},"peaks.point.61":{"time":110.063096,"labelText":"easy","segment_id":"peaks.segment.1","user":"ikram"},"peaks.point.62":{"time":110.063096,"labelText":"sad","segment_id":"peaks.segment.1","user":"ikram"},"peaks.point.63":{"time":110.057438,"labelText":"HeadNod","segment_id":"peaks.segment.1","user":"ikram"},"peaks.point.64":{"time":122.257979,"labelText":"1","segment_id":"peaks.segment.2","user":"ikram"},"peaks.point.65":{"time":122.257979,"labelText":"easy","segment_id":"peaks.segment.2","user":"ikram"},"peaks.point.66":{"time":122.257979,"labelText":"loving","segment_id":"peaks.segment.2","user":"ikram"},"peaks.point.67":{"time":122.249745,"labelText":"HeadNod","segment_id":"peaks.segment.2","user":"ikram"},"peaks.point.68":{"time":188.536547,"labelText":"-1","segment_id":"peaks.segment.3","user":"ikram"},"peaks.point.69":{"time":188.536547,"labelText":"easy","segment_id":"peaks.segment.3","user":"ikram"},"peaks.point.70":{"time":188.536547,"labelText":"sad","segment_id":"peaks.segment.3","user":"ikram"},"peaks.point.71":{"time":188.533526,"labelText":"HeadShake","segment_id":"peaks.segment.3","user":"ikram"},"peaks.point.72":{"time":237.459846,"labelText":"1","segment_id":"peaks.segment.4","user":"ikram"},"peaks.point.73":{"time":237.459846,"labelText":"easy","segment_id":"peaks.segment.4","user":"ikram"},"peaks.point.74":{"time":237.459846,"labelText":"loving","segment_id":"peaks.segment.4","user":"ikram"},"peaks.point.75":{"time":236.111293,"labelText":"HeadNod","segment_id":"peaks.segment.4","user":"ikram"},"peaks.point.76":{"time":246.788147,"labelText":"1","segment_id":"peaks.segment.5","user":"ikram"},"peaks.point.77":{"time":247.394009,"labelText":"easy","segment_id":"peaks.segment.5","user":"ikram"},"peaks.point.78":{"time":247.394009,"labelText":"loving","segment_id":"peaks.segment.5","user":"ikram"},"peaks.point.79":{"time":247.394009,"labelText":"HeadShake","segment_id":"peaks.segment.5","user":"ikram"},"peaks.point.84":{"time":559.224273,"labelText":"-1","segment_id":"peaks.segment.10","user":"ikram"},"peaks.point.85":{"time":559.224273,"labelText":"easy","segment_id":"peaks.segment.10","user":"ikram"},"peaks.point.86":{"time":559.224273,"labelText":"sad","segment_id":"peaks.segment.10","user":"ikram"},"peaks.point.87":{"time":559.224273,"labelText":"HeadNod","segment_id":"peaks.segment.10","user":"ikram"},"peaks.point.88":{"time":675.389783,"labelText":"2","segment_id":"peaks.segment.11","user":"ikram"},"peaks.point.89":{"time":675.389783,"labelText":"easy","segment_id":"peaks.segment.11","user":"ikram"},"peaks.point.90":{"time":675.389783,"labelText":"happy","segment_id":"peaks.segment.11","user":"ikram"},"peaks.point.91":{"time":675.389783,"labelText":"HeadNod","segment_id":"peaks.segment.11","user":"ikram"},"peaks.point.92":{"time":685.283299,"labelText":"1","segment_id":"peaks.segment.12","user":"ikram"},"peaks.point.93":{"time":685.542956,"labelText":"easy","segment_id":"peaks.segment.12","user":"ikram"},"peaks.point.94":{"time":685.542956,"labelText":"happy","segment_id":"peaks.segment.12","user":"ikram"},"peaks.point.95":{"time":681.030151,"labelText":"Smile","segment_id":"peaks.segment.12","user":"ikram"},"peaks.point.96":{"time":699.98662,"labelText":"1","segment_id":"peaks.segment.13","user":"ikram"},"peaks.point.97":{"time":699.98662,"labelText":"easy","segment_id":"peaks.segment.13","user":"ikram"},"peaks.point.98":{"time":699.98662,"labelText":"loving","segment_id":"peaks.segment.13","user":"ikram"},"peaks.point.99":{"time":699.982027,"labelText":"HeadNod","segment_id":"peaks.segment.13","user":"ikram"},"peaks.point.100":{"time":826.966969,"labelText":"1","segment_id":"peaks.segment.14","user":"ikram"},"peaks.point.101":{"time":826.966969,"labelText":"easy","segment_id":"peaks.segment.14","user":"ikram"},"peaks.point.102":{"time":826.966969,"labelText":"loving","segment_id":"peaks.segment.14","user":"ikram"},"peaks.point.103":{"time":826.966969,"labelText":"HeadNod","segment_id":"peaks.segment.14","user":"ikram"},"peaks.point.104":{"time":254.382231,"labelText":"-1","segment_id":"peaks.segment.6","user":"ikram"},"peaks.point.105":{"time":254.382231,"labelText":"easy","segment_id":"peaks.segment.6","user":"ikram"},"peaks.point.106":{"time":254.382231,"labelText":"hating","segment_id":"peaks.segment.6","user":"ikram"},"peaks.point.107":{"time":254.382231,"labelText":"HeadShake","segment_id":"peaks.segment.6","user":"ikram"},"peaks.point.108":{"time":318.027612,"labelText":"-1","segment_id":"peaks.segment.7","user":"ikram"},"peaks.point.109":{"time":318.027612,"labelText":"easy","segment_id":"peaks.segment.7","user":"ikram"},"peaks.point.110":{"time":318.027612,"labelText":"hating","segment_id":"peaks.segment.7","user":"ikram"},"peaks.point.111":{"time":317.63523,"labelText":"HeadShake","segment_id":"peaks.segment.7","user":"ikram"},"peaks.point.112":{"time":442.614254,"labelText":"-1","segment_id":"peaks.segment.0","user":"ikram"},"peaks.point.113":{"time":442.614254,"labelText":"easy","segment_id":"peaks.segment.0","user":"ikram"},"peaks.point.114":{"time":442.614254,"labelText":"sad","segment_id":"peaks.segment.0","user":"ikram"},"peaks.point.115":{"time":91.254983,"labelText":"HeadNod","segment_id":"peaks.segment.0","user":"ikram"}}
