{"peaks.segment.0":{"startTime":300.105941,"endTime":301.821315},"peaks.segment.1":{"startTime":326.640544,"endTime":328.910905},"peaks.segment.2":{"startTime":457.154104,"endTime":458.892698},"peaks.segment.3":{"startTime":654.227664,"endTime":656.857806},"peaks.segment.4":{"startTime":659.594376,"endTime":661.146825},"peaks.segment.5":{"startTime":661.263694,"endTime":664.331247}}
{"peaks.point.0":{"time":301.821315,"labelText":"angry","segment_id":"peaks.segment.0","user":"aida"},"peaks.point.1":{"time":301.821315,"labelText":"HeadShake","segment_id":"peaks.segment.0","user":"aida"},"peaks.point.2":{"time":301.821315,"labelText":"easy","segment_id":"peaks.segment.0","user":"aida"},"peaks.point.3":{"time":301.821315,"labelText":"-1","segment_id":"peaks.segment.0","user":"aida"},"peaks.point.4":{"time":328.910905,"labelText":"loving","segment_id":"peaks.segment.1","user":"aida"},"peaks.point.5":{"time":328.910905,"labelText":"easy","segment_id":"peaks.segment.1","user":"aida"},"peaks.point.6":{"time":328.910905,"labelText":"2","segment_id":"peaks.segment.1","user":"aida"},"peaks.point.7":{"time":328.910905,"labelText":"HeadNod","segment_id":"peaks.segment.1","user":"aida"},"peaks.point.8":{"time":458.892698,"labelText":"surprised","segment_id":"peaks.segment.2","user":"aida"},"peaks.point.9":{"time":458.892698,"labelText":"easy","segment_id":"peaks.segment.2","user":"aida"},"peaks.point.10":{"time":458.892698,"labelText":"-1","segment_id":"peaks.segment.2","user":"aida"},"peaks.point.11":{"time":458.892698,"labelText":"Frown","segment_id":"peaks.segment.2","user":"aida"},"peaks.point.12":{"time":656.857806,"labelText":"Frown","segment_id":"peaks.segment.3","user":"aida"},"peaks.point.13":{"time":656.857806,"labelText":"angry","segment_id":"peaks.segment.3","user":"aida"},"peaks.point.14":{"time":656.857806,"labelText":"easy","segment_id":"peaks.segment.3","user":"aida"},"peaks.point.15":{"time":656.857806,"labelText":"-2","segment_id":"peaks.segment.3","user":"aida"},"peaks.point.16":{"time":661.146825,"labelText":"loving","segment_id":"peaks.segment.4","user":"aida"},"peaks.point.17":{"time":661.146825,"labelText":"easy","segment_id":"peaks.segment.4","user":"aida"},"peaks.point.18":{"time":661.146825,"labelText":"2","segment_id":"peaks.segment.4","user":"aida"},"peaks.point.19":{"time":661.155756,"labelText":"HeadShake","segment_id":"peaks.segment.4","user":"aida"},"peaks.point.20":{"time":664.331247,"labelText":"loving","segment_id":"peaks.segment.5","user":"aida"},"peaks.point.21":{"time":664.331247,"labelText":"easy","segment_id":"peaks.segment.5","user":"aida"},"peaks.point.22":{"time":664.331247,"labelText":"2","segment_id":"peaks.segment.5","user":"aida"},"peaks.point.23":{"time":664.343194,"labelText":"HeadShake","segment_id":"peaks.segment.5","user":"aida"},"peaks.point.24":{"time":301.838792,"labelText":"1","segment_id":"peaks.segment.0","user":"ikram"},"peaks.point.25":{"time":301.838792,"labelText":"easy","segment_id":"peaks.segment.0","user":"ikram"},"peaks.point.26":{"time":301.838792,"labelText":"loving","segment_id":"peaks.segment.0","user":"ikram"},"peaks.point.27":{"time":301.838792,"labelText":"HeadShake","segment_id":"peaks.segment.0","user":"ikram"},"peaks.point.28":{"time":328.806175,"labelText":"2","segment_id":"peaks.segment.1","user":"ikram"},"peaks.point.29":{"time":328.922226,"labelText":"easy","segment_id":"peaks.segment.1","user":"ikram"},"peaks.point.30":{"time":328.922226,"labelText":"loving","segment_id":"peaks.segment.1","user":"ikram"},"peaks.point.31":{"time":328.922226,"labelText":"HeadShake","segment_id":"peaks.segment.1","user":"ikram"},"peaks.point.32":{"time":458.901596,"labelText":"0","segment_id":"peaks.segment.2","user":"ikram"},"peaks.point.33":{"time":458.901596,"labelText":"hard","segment_id":"peaks.segment.2","user":"ikram"},"peaks.point.34":{"time":458.901596,"labelText":"surprised","segment_id":"peaks.segment.2","user":"ikram"},"peaks.point.35":{"time":656.859914,"labelText":"-1","segment_id":"peaks.segment.3","user":"ikram"},"peaks.point.36":{"time":656.859914,"labelText":"easy","segment_id":"peaks.segment.3","user":"ikram"},"peaks.point.37":{"time":656.859914,"labelText":"angry","segment_id":"peaks.segment.3","user":"ikram"},"peaks.point.38":{"time":656.859914,"labelText":"Frown","segment_id":"peaks.segment.3","user":"ikram"},"peaks.point.39":{"time":661.125415,"labelText":"2","segment_id":"peaks.segment.4","user":"ikram"},"peaks.point.40":{"time":661.125415,"labelText":"easy","segment_id":"peaks.segment.4","user":"ikram"},"peaks.point.41":{"time":661.125415,"labelText":"loving","segment_id":"peaks.segment.4","user":"ikram"},"peaks.point.42":{"time":664.333649,"labelText":"2","segment_id":"peaks.segment.5","user":"ikram"},"peaks.point.43":{"time":664.333649,"labelText":"easy","segment_id":"peaks.segment.5","user":"ikram"},"peaks.point.44":{"time":664.333649,"labelText":"loving","segment_id":"peaks.segment.5","user":"ikram"},"peaks.point.45":{"time":662.895588,"labelText":"HeadShake","segment_id":"peaks.segment.5","user":"ikram"}}