{"peaks.segment.0":{"startTime":10.245442,"endTime":11.995807},"peaks.segment.1":{"startTime":32.5427664399093,"endTime":35.025358},"peaks.segment.2":{"startTime":37.575328,"endTime":39.325803},"peaks.segment.3":{"startTime":120.038095,"endTime":122.72036281179139},"peaks.segment.4":{"startTime":159.20897,"endTime":163.558095},"peaks.segment.5":{"startTime":186.72,"endTime":189.738594},"peaks.segment.6":{"startTime":220.30021,"endTime":221.575578},"peaks.segment.7":{"startTime":239.870476,"endTime":241.651142},"peaks.segment.8":{"startTime":416.861678,"endTime":418.629361}}
{"peaks.point.0":{"time":11.995807,"labelText":"glad","segment_id":"peaks.segment.0","user":"aida"},"peaks.point.1":{"time":11.995807,"labelText":"1","segment_id":"peaks.segment.0","user":"aida"},"peaks.point.2":{"time":11.995807,"labelText":"easy","segment_id":"peaks.segment.0","user":"aida"},"peaks.point.3":{"time":11.995807,"labelText":"Smile","segment_id":"peaks.segment.0","user":"aida"},"peaks.point.4":{"time":35.025358,"labelText":"excited","segment_id":"peaks.segment.1","user":"aida"},"peaks.point.5":{"time":35.025358,"labelText":"easy","segment_id":"peaks.segment.1","user":"aida"},"peaks.point.6":{"time":35.025358,"labelText":"2","segment_id":"peaks.segment.1","user":"aida"},"peaks.point.7":{"time":35.025358,"labelText":"Smile","segment_id":"peaks.segment.1","user":"aida"},"peaks.point.8":{"time":39.325803,"labelText":"sorry","segment_id":"peaks.segment.2","user":"aida"},"peaks.point.9":{"time":39.325803,"labelText":"easy","segment_id":"peaks.segment.2","user":"aida"},"peaks.point.10":{"time":39.325803,"labelText":"1","segment_id":"peaks.segment.2","user":"aida"},"peaks.point.11":{"time":39.325803,"labelText":"Smile","segment_id":"peaks.segment.2","user":"aida"},"peaks.point.12":{"time":123.890466,"labelText":"loving","segment_id":"peaks.segment.3","user":"aida"},"peaks.point.13":{"time":123.890466,"labelText":"easy","segment_id":"peaks.segment.3","user":"aida"},"peaks.point.14":{"time":123.890466,"labelText":"2","segment_id":"peaks.segment.3","user":"aida"},"peaks.point.15":{"time":123.890466,"labelText":"Smile","segment_id":"peaks.segment.3","user":"aida"},"peaks.point.16":{"time":163.558095,"labelText":"Frown","segment_id":"peaks.segment.4","user":"aida"},"peaks.point.17":{"time":163.558095,"labelText":"loving","segment_id":"peaks.segment.4","user":"aida"},"peaks.point.18":{"time":163.558095,"labelText":"easy","segment_id":"peaks.segment.4","user":"aida"},"peaks.point.19":{"time":163.558095,"labelText":"2","segment_id":"peaks.segment.4","user":"aida"},"peaks.point.20":{"time":189.738594,"labelText":"loving","segment_id":"peaks.segment.5","user":"aida"},"peaks.point.21":{"time":189.738594,"labelText":"easy","segment_id":"peaks.segment.5","user":"aida"},"peaks.point.22":{"time":189.748615,"labelText":"HeadShake","segment_id":"peaks.segment.5","user":"aida"},"peaks.point.23":{"time":189.748615,"labelText":"2","segment_id":"peaks.segment.5","user":"aida"},"peaks.point.24":{"time":221.575578,"labelText":"hating","segment_id":"peaks.segment.6","user":"aida"},"peaks.point.25":{"time":221.575578,"labelText":"easy","segment_id":"peaks.segment.6","user":"aida"},"peaks.point.26":{"time":221.575578,"labelText":"-1","segment_id":"peaks.segment.6","user":"aida"},"peaks.point.27":{"time":221.575578,"labelText":"HeadShake","segment_id":"peaks.segment.6","user":"aida"},"peaks.point.28":{"time":241.651142,"labelText":"sad","segment_id":"peaks.segment.7","user":"aida"},"peaks.point.29":{"time":241.651142,"labelText":"easy","segment_id":"peaks.segment.7","user":"aida"},"peaks.point.30":{"time":241.651142,"labelText":"-1","segment_id":"peaks.segment.7","user":"aida"},"peaks.point.31":{"time":241.651142,"labelText":"HeadShake","segment_id":"peaks.segment.7","user":"aida"},"peaks.point.32":{"time":418.629361,"labelText":"loving","segment_id":"peaks.segment.8","user":"aida"},"peaks.point.33":{"time":418.629361,"labelText":"Frown","segment_id":"peaks.segment.8","user":"aida"},"peaks.point.34":{"time":418.629361,"labelText":"easy","segment_id":"peaks.segment.8","user":"aida"},"peaks.point.35":{"time":418.629361,"labelText":"2","segment_id":"peaks.segment.8","user":"aida"},"peaks.point.36":{"time":12.004128,"labelText":"1","segment_id":"peaks.segment.0","user":"ikram"},"peaks.point.37":{"time":12.004128,"labelText":"easy","segment_id":"peaks.segment.0","user":"ikram"},"peaks.point.39":{"time":12.003485,"labelText":"glad","segment_id":"peaks.segment.0","user":"ikram"},"peaks.point.40":{"time":12.003485,"labelText":"Smile","segment_id":"peaks.segment.0","user":"ikram"},"peaks.point.41":{"time":35.02822,"labelText":"2","segment_id":"peaks.segment.1","user":"ikram"},"peaks.point.42":{"time":35.02822,"labelText":"easy","segment_id":"peaks.segment.1","user":"ikram"},"peaks.point.43":{"time":35.02822,"labelText":"excited","segment_id":"peaks.segment.1","user":"ikram"},"peaks.point.44":{"time":35.02822,"labelText":"Smile","segment_id":"peaks.segment.1","user":"ikram"},"peaks.point.45":{"time":39.336962,"labelText":"1","segment_id":"peaks.segment.2","user":"ikram"},"peaks.point.46":{"time":39.336962,"labelText":"hard","segment_id":"peaks.segment.2","user":"ikram"},"peaks.point.47":{"time":39.336962,"labelText":"funny","segment_id":"peaks.segment.2","user":"ikram"},"peaks.point.48":{"time":39.336962,"labelText":"Smile","segment_id":"peaks.segment.2","user":"ikram"},"peaks.point.49":{"time":122.730859,"labelText":"1","segment_id":"peaks.segment.3","user":"ikram"},"peaks.point.50":{"time":122.730859,"labelText":"easy","segment_id":"peaks.segment.3","user":"ikram"},"peaks.point.51":{"time":122.730859,"labelText":"loving","segment_id":"peaks.segment.3","user":"ikram"},"peaks.point.52":{"time":122.734768,"labelText":"Smile","segment_id":"peaks.segment.3","user":"ikram"},"peaks.point.53":{"time":163.570035,"labelText":"2","segment_id":"peaks.segment.4","user":"ikram"},"peaks.point.54":{"time":163.570035,"labelText":"hard","segment_id":"peaks.segment.4","user":"ikram"},"peaks.point.55":{"time":163.570035,"labelText":"loving","segment_id":"peaks.segment.4","user":"ikram"},"peaks.point.56":{"time":163.048657,"labelText":"HeadShake","segment_id":"peaks.segment.4","user":"ikram"},"peaks.point.57":{"time":189.740178,"labelText":"2","segment_id":"peaks.segment.5","user":"ikram"},"peaks.point.58":{"time":189.740178,"labelText":"easy","segment_id":"peaks.segment.5","user":"ikram"},"peaks.point.59":{"time":189.740178,"labelText":"loving","segment_id":"peaks.segment.5","user":"ikram"},"peaks.point.60":{"time":189.740178,"labelText":"HeadShake","segment_id":"peaks.segment.5","user":"ikram"},"peaks.point.61":{"time":221.519539,"labelText":"-1","segment_id":"peaks.segment.6","user":"ikram"},"peaks.point.62":{"time":221.519539,"labelText":"easy","segment_id":"peaks.segment.6","user":"ikram"},"peaks.point.63":{"time":221.519539,"labelText":"hating","segment_id":"peaks.segment.6","user":"ikram"},"peaks.point.64":{"time":221.519539,"labelText":"HeadShake","segment_id":"peaks.segment.6","user":"ikram"},"peaks.point.65":{"time":241.664261,"labelText":"-1","segment_id":"peaks.segment.7","user":"ikram"},"peaks.point.66":{"time":241.664261,"labelText":"easy","segment_id":"peaks.segment.7","user":"ikram"},"peaks.point.67":{"time":241.664261,"labelText":"sad","segment_id":"peaks.segment.7","user":"ikram"},"peaks.point.68":{"time":241.664261,"labelText":"HeadShake","segment_id":"peaks.segment.7","user":"ikram"},"peaks.point.69":{"time":418.644809,"labelText":"1","segment_id":"peaks.segment.8","user":"ikram"},"peaks.point.70":{"time":418.644809,"labelText":"easy","segment_id":"peaks.segment.8","user":"ikram"},"peaks.point.71":{"time":418.644809,"labelText":"loving","segment_id":"peaks.segment.8","user":"ikram"},"peaks.point.72":{"time":418.644809,"labelText":"HeadShake","segment_id":"peaks.segment.8","user":"ikram"}}